# version=26.1/26.2 dim=overworld preset=normal count=7594 quantization=10000 (значение*10000, усечение к 0)
# columns: tmin tmax hmin hmax cmin cmax emin emax dmin dmax wmin wmax offset biome
-10000	10000	-10000	10000	-12000	-10500	-10000	10000	0	0	-10000	10000	0	minecraft:mushroom_fields
-10000	10000	-10000	10000	-12000	-10500	-10000	10000	10000	10000	-10000	10000	0	minecraft:mushroom_fields
-10000	-4500	-10000	10000	-10500	-4550	-10000	10000	0	0	-10000	10000	0	minecraft:deep_frozen_ocean
-10000	-4500	-10000	10000	-10500	-4550	-10000	10000	10000	10000	-10000	10000	0	minecraft:deep_frozen_ocean
-10000	-4500	-10000	10000	-4550	-1900	-10000	10000	0	0	-10000	10000	0	minecraft:frozen_ocean
-10000	-4500	-10000	10000	-4550	-1900	-10000	10000	10000	10000	-10000	10000	0	minecraft:frozen_ocean
-4500	-1500	-10000	10000	-10500	-4550	-10000	10000	0	0	-10000	10000	0	minecraft:deep_cold_ocean
-4500	-1500	-10000	10000	-10500	-4550	-10000	10000	10000	10000	-10000	10000	0	minecraft:deep_cold_ocean
-4500	-1500	-10000	10000	-4550	-1900	-10000	10000	0	0	-10000	10000	0	minecraft:cold_ocean
-4500	-1500	-10000	10000	-4550	-1900	-10000	10000	10000	10000	-10000	10000	0	minecraft:cold_ocean
-1500	2000	-10000	10000	-10500	-4550	-10000	10000	0	0	-10000	10000	0	minecraft:deep_ocean
-1500	2000	-10000	10000	-10500	-4550	-10000	10000	10000	10000	-10000	10000	0	minecraft:deep_ocean
-1500	2000	-10000	10000	-4550	-1900	-10000	10000	0	0	-10000	10000	0	minecraft:ocean
-1500	2000	-10000	10000	-4550	-1900	-10000	10000	10000	10000	-10000	10000	0	minecraft:ocean
2000	5500	-10000	10000	-10500	-4550	-10000	10000	0	0	-10000	10000	0	minecraft:deep_lukewarm_ocean
2000	5500	-10000	10000	-10500	-4550	-10000	10000	10000	10000	-10000	10000	0	minecraft:deep_lukewarm_ocean
2000	5500	-10000	10000	-4550	-1900	-10000	10000	0	0	-10000	10000	0	minecraft:lukewarm_ocean
2000	5500	-10000	10000	-4550	-1900	-10000	10000	10000	10000	-10000	10000	0	minecraft:lukewarm_ocean
5500	10000	-10000	10000	-10500	-4550	-10000	10000	0	0	-10000	10000	0	minecraft:warm_ocean
5500	10000	-10000	10000	-10500	-4550	-10000	10000	10000	10000	-10000	10000	0	minecraft:warm_ocean
5500	10000	-10000	10000	-4550	-1900	-10000	10000	0	0	-10000	10000	0	minecraft:warm_ocean
5500	10000	-10000	10000	-4550	-1900	-10000	10000	10000	10000	-10000	10000	0	minecraft:warm_ocean
-10000	10000	-10000	10000	-1900	-1100	-10000	-2225	0	0	-10000	-9333	0	minecraft:stony_shore
-10000	10000	-10000	10000	-1900	-1100	-10000	-2225	10000	10000	-10000	-9333	0	minecraft:stony_shore
-4500	2000	-10000	10000	-1100	10000	5500	10000	0	0	-10000	-9333	0	minecraft:swamp
-4500	2000	-10000	10000	-1100	10000	5500	10000	10000	10000	-10000	-9333	0	minecraft:swamp
2000	10000	-10000	10000	-1100	10000	5500	10000	0	0	-10000	-9333	0	minecraft:mangrove_swamp
2000	10000	-10000	10000	-1100	10000	5500	10000	10000	10000	-10000	-9333	0	minecraft:mangrove_swamp
-10000	-4500	-10000	-3500	-1100	10000	-10000	-7799	0	0	-10000	-9333	0	minecraft:snowy_slopes
-10000	-4500	-10000	-3500	-1100	10000	-10000	-7799	10000	10000	-10000	-9333	0	minecraft:snowy_slopes
-10000	-4500	-10000	-3500	-1100	3000	-7799	-3750	0	0	-10000	-9333	0	minecraft:snowy_slopes
-10000	-4500	-10000	-3500	-1100	3000	-7799	-3750	10000	10000	-10000	-9333	0	minecraft:snowy_slopes
-10000	-4500	-10000	-3500	3000	10000	-7799	-3750	0	0	-10000	-9333	0	minecraft:snowy_slopes
-10000	-4500	-10000	-3500	3000	10000	-7799	-3750	10000	10000	-10000	-9333	0	minecraft:snowy_slopes
-10000	-4500	-10000	-3500	-1100	300	-3750	-2225	0	0	-10000	-9333	0	minecraft:snowy_plains
-10000	-4500	-10000	-3500	-1100	300	-3750	-2225	10000	10000	-10000	-9333	0	minecraft:snowy_plains
-10000	-4500	-10000	-3500	300	3000	-3750	-2225	0	0	-10000	-9333	0	minecraft:snowy_plains
-10000	-4500	-10000	-3500	300	3000	-3750	-2225	10000	10000	-10000	-9333	0	minecraft:snowy_plains
-10000	-4500	-10000	-3500	3000	10000	-3750	-2225	0	0	-10000	-9333	0	minecraft:snowy_plains
-10000	-4500	-10000	-3500	3000	10000	-3750	-2225	10000	10000	-10000	-9333	0	minecraft:snowy_plains
-10000	-4500	-10000	-3500	-1900	300	-2225	500	0	0	-10000	-9333	0	minecraft:snowy_plains
-10000	-4500	-10000	-3500	-1900	300	-2225	500	10000	10000	-10000	-9333	0	minecraft:snowy_plains
-10000	-4500	-10000	-3500	300	10000	-2225	500	0	0	-10000	-9333	0	minecraft:snowy_plains
-10000	-4500	-10000	-3500	300	10000	-2225	500	10000	10000	-10000	-9333	0	minecraft:snowy_plains
-10000	-4500	-10000	-3500	-1900	-1100	500	4500	0	0	-10000	-9333	0	minecraft:snowy_beach
-10000	-4500	-10000	-3500	-1900	-1100	500	4500	10000	10000	-10000	-9333	0	minecraft:snowy_beach
-10000	-4500	-10000	-3500	-1100	10000	500	4500	0	0	-10000	-9333	0	minecraft:snowy_plains
-10000	-4500	-10000	-3500	-1100	10000	500	4500	10000	10000	-10000	-9333	0	minecraft:snowy_plains
-10000	-4500	-10000	-3500	-1900	-1100	4500	5500	0	0	-10000	-9333	0	minecraft:snowy_beach
-10000	-4500	-10000	-3500	-1900	-1100	4500	5500	10000	10000	-10000	-9333	0	minecraft:snowy_beach
-10000	-4500	-10000	-3500	-1100	300	4500	5500	0	0	-10000	-9333	0	minecraft:snowy_plains
-10000	-4500	-10000	-3500	-1100	300	4500	5500	10000	10000	-10000	-9333	0	minecraft:snowy_plains
-10000	-4500	-10000	-3500	300	10000	4500	5500	0	0	-10000	-9333	0	minecraft:windswept_gravelly_hills
-10000	-4500	-10000	-3500	300	10000	4500	5500	10000	10000	-10000	-9333	0	minecraft:windswept_gravelly_hills
-10000	-4500	-10000	-3500	-1900	-1100	5500	10000	0	0	-10000	-9333	0	minecraft:snowy_beach
-10000	-4500	-10000	-3500	-1900	-1100	5500	10000	10000	10000	-10000	-9333	0	minecraft:snowy_beach
-10000	-4500	-10000	-3500	-1100	10000	5500	10000	0	0	-10000	-9333	0	minecraft:snowy_plains
-10000	-4500	-10000	-3500	-1100	10000	5500	10000	10000	10000	-10000	-9333	0	minecraft:snowy_plains
-10000	-4500	-3500	-1000	-1100	10000	-10000	-7799	0	0	-10000	-9333	0	minecraft:snowy_slopes
-10000	-4500	-3500	-1000	-1100	10000	-10000	-7799	10000	10000	-10000	-9333	0	minecraft:snowy_slopes
-10000	-4500	-3500	-1000	-1100	3000	-7799	-3750	0	0	-10000	-9333	0	minecraft:snowy_slopes
-10000	-4500	-3500	-1000	-1100	3000	-7799	-3750	10000	10000	-10000	-9333	0	minecraft:snowy_slopes
-10000	-4500	-3500	-1000	3000	10000	-7799	-3750	0	0	-10000	-9333	0	minecraft:snowy_slopes
-10000	-4500	-3500	-1000	3000	10000	-7799	-3750	10000	10000	-10000	-9333	0	minecraft:snowy_slopes
-10000	-4500	-3500	-1000	-1100	300	-3750	-2225	0	0	-10000	-9333	0	minecraft:snowy_plains
-10000	-4500	-3500	-1000	-1100	300	-3750	-2225	10000	10000	-10000	-9333	0	minecraft:snowy_plains
-10000	-4500	-3500	-1000	300	3000	-3750	-2225	0	0	-10000	-9333	0	minecraft:snowy_plains
-10000	-4500	-3500	-1000	300	3000	-3750	-2225	10000	10000	-10000	-9333	0	minecraft:snowy_plains
-10000	-4500	-3500	-1000	3000	10000	-3750	-2225	0	0	-10000	-9333	0	minecraft:snowy_plains
-10000	-4500	-3500	-1000	3000	10000	-3750	-2225	10000	10000	-10000	-9333	0	minecraft:snowy_plains
-10000	-4500	-3500	-1000	-1900	300	-2225	500	0	0	-10000	-9333	0	minecraft:snowy_plains
-10000	-4500	-3500	-1000	-1900	300	-2225	500	10000	10000	-10000	-9333	0	minecraft:snowy_plains
-10000	-4500	-3500	-1000	300	10000	-2225	500	0	0	-10000	-9333	0	minecraft:snowy_plains
-10000	-4500	-3500	-1000	300	10000	-2225	500	10000	10000	-10000	-9333	0	minecraft:snowy_plains
-10000	-4500	-3500	-1000	-1900	-1100	500	4500	0	0	-10000	-9333	0	minecraft:snowy_beach
-10000	-4500	-3500	-1000	-1900	-1100	500	4500	10000	10000	-10000	-9333	0	minecraft:snowy_beach
-10000	-4500	-3500	-1000	-1100	10000	500	4500	0	0	-10000	-9333	0	minecraft:snowy_plains
-10000	-4500	-3500	-1000	-1100	10000	500	4500	10000	10000	-10000	-9333	0	minecraft:snowy_plains
-10000	-4500	-3500	-1000	-1900	-1100	4500	5500	0	0	-10000	-9333	0	minecraft:snowy_beach
-10000	-4500	-3500	-1000	-1900	-1100	4500	5500	10000	10000	-10000	-9333	0	minecraft:snowy_beach
-10000	-4500	-3500	-1000	-1100	300	4500	5500	0	0	-10000	-9333	0	minecraft:snowy_plains
-10000	-4500	-3500	-1000	-1100	300	4500	5500	10000	10000	-10000	-9333	0	minecraft:snowy_plains
-10000	-4500	-3500	-1000	300	10000	4500	5500	0	0	-10000	-9333	0	minecraft:windswept_gravelly_hills
-10000	-4500	-3500	-1000	300	10000	4500	5500	10000	10000	-10000	-9333	0	minecraft:windswept_gravelly_hills
-10000	-4500	-3500	-1000	-1900	-1100	5500	10000	0	0	-10000	-9333	0	minecraft:snowy_beach
-10000	-4500	-3500	-1000	-1900	-1100	5500	10000	10000	10000	-10000	-9333	0	minecraft:snowy_beach
-10000	-4500	-3500	-1000	-1100	10000	5500	10000	0	0	-10000	-9333	0	minecraft:snowy_plains
-10000	-4500	-3500	-1000	-1100	10000	5500	10000	10000	10000	-10000	-9333	0	minecraft:snowy_plains
-10000	-4500	-1000	1000	-1100	10000	-10000	-7799	0	0	-10000	-9333	0	minecraft:grove
-10000	-4500	-1000	1000	-1100	10000	-10000	-7799	10000	10000	-10000	-9333	0	minecraft:grove
-10000	-4500	-1000	1000	-1100	3000	-7799	-3750	0	0	-10000	-9333	0	minecraft:grove
-10000	-4500	-1000	1000	-1100	3000	-7799	-3750	10000	10000	-10000	-9333	0	minecraft:grove
-10000	-4500	-1000	1000	3000	10000	-7799	-3750	0	0	-10000	-9333	0	minecraft:grove
-10000	-4500	-1000	1000	3000	10000	-7799	-3750	10000	10000	-10000	-9333	0	minecraft:grove
-10000	-4500	-1000	1000	-1100	300	-3750	-2225	0	0	-10000	-9333	0	minecraft:snowy_plains
-10000	-4500	-1000	1000	-1100	300	-3750	-2225	10000	10000	-10000	-9333	0	minecraft:snowy_plains
-10000	-4500	-1000	1000	300	3000	-3750	-2225	0	0	-10000	-9333	0	minecraft:snowy_plains
-10000	-4500	-1000	1000	300	3000	-3750	-2225	10000	10000	-10000	-9333	0	minecraft:snowy_plains
-10000	-4500	-1000	1000	3000	10000	-3750	-2225	0	0	-10000	-9333	0	minecraft:snowy_plains
-10000	-4500	-1000	1000	3000	10000	-3750	-2225	10000	10000	-10000	-9333	0	minecraft:snowy_plains
-10000	-4500	-1000	1000	-1900	300	-2225	500	0	0	-10000	-9333	0	minecraft:snowy_plains
-10000	-4500	-1000	1000	-1900	300	-2225	500	10000	10000	-10000	-9333	0	minecraft:snowy_plains
-10000	-4500	-1000	1000	300	10000	-2225	500	0	0	-10000	-9333	0	minecraft:snowy_plains
-10000	-4500	-1000	1000	300	10000	-2225	500	10000	10000	-10000	-9333	0	minecraft:snowy_plains
-10000	-4500	-1000	1000	-1900	-1100	500	4500	0	0	-10000	-9333	0	minecraft:snowy_beach
-10000	-4500	-1000	1000	-1900	-1100	500	4500	10000	10000	-10000	-9333	0	minecraft:snowy_beach
-10000	-4500	-1000	1000	-1100	10000	500	4500	0	0	-10000	-9333	0	minecraft:snowy_plains
-10000	-4500	-1000	1000	-1100	10000	500	4500	10000	10000	-10000	-9333	0	minecraft:snowy_plains
-10000	-4500	-1000	1000	-1900	-1100	4500	5500	0	0	-10000	-9333	0	minecraft:snowy_beach
-10000	-4500	-1000	1000	-1900	-1100	4500	5500	10000	10000	-10000	-9333	0	minecraft:snowy_beach
-10000	-4500	-1000	1000	-1100	300	4500	5500	0	0	-10000	-9333	0	minecraft:snowy_plains
-10000	-4500	-1000	1000	-1100	300	4500	5500	10000	10000	-10000	-9333	0	minecraft:snowy_plains
-10000	-4500	-1000	1000	300	10000	4500	5500	0	0	-10000	-9333	0	minecraft:windswept_hills
-10000	-4500	-1000	1000	300	10000	4500	5500	10000	10000	-10000	-9333	0	minecraft:windswept_hills
-10000	-4500	-1000	1000	-1900	-1100	5500	10000	0	0	-10000	-9333	0	minecraft:snowy_beach
-10000	-4500	-1000	1000	-1900	-1100	5500	10000	10000	10000	-10000	-9333	0	minecraft:snowy_beach
-10000	-4500	-1000	1000	-1100	10000	5500	10000	0	0	-10000	-9333	0	minecraft:snowy_plains
-10000	-4500	-1000	1000	-1100	10000	5500	10000	10000	10000	-10000	-9333	0	minecraft:snowy_plains
-10000	-4500	1000	3000	-1100	10000	-10000	-7799	0	0	-10000	-9333	0	minecraft:grove
-10000	-4500	1000	3000	-1100	10000	-10000	-7799	10000	10000	-10000	-9333	0	minecraft:grove
-10000	-4500	1000	3000	-1100	3000	-7799	-3750	0	0	-10000	-9333	0	minecraft:grove
-10000	-4500	1000	3000	-1100	3000	-7799	-3750	10000	10000	-10000	-9333	0	minecraft:grove
-10000	-4500	1000	3000	3000	10000	-7799	-3750	0	0	-10000	-9333	0	minecraft:grove
-10000	-4500	1000	3000	3000	10000	-7799	-3750	10000	10000	-10000	-9333	0	minecraft:grove
-10000	-4500	1000	3000	-1100	300	-3750	-2225	0	0	-10000	-9333	0	minecraft:snowy_taiga
-10000	-4500	1000	3000	-1100	300	-3750	-2225	10000	10000	-10000	-9333	0	minecraft:snowy_taiga
-10000	-4500	1000	3000	300	3000	-3750	-2225	0	0	-10000	-9333	0	minecraft:snowy_taiga
-10000	-4500	1000	3000	300	3000	-3750	-2225	10000	10000	-10000	-9333	0	minecraft:snowy_taiga
-10000	-4500	1000	3000	3000	10000	-3750	-2225	0	0	-10000	-9333	0	minecraft:snowy_taiga
-10000	-4500	1000	3000	3000	10000	-3750	-2225	10000	10000	-10000	-9333	0	minecraft:snowy_taiga
-10000	-4500	1000	3000	-1900	300	-2225	500	0	0	-10000	-9333	0	minecraft:snowy_taiga
-10000	-4500	1000	3000	-1900	300	-2225	500	10000	10000	-10000	-9333	0	minecraft:snowy_taiga
-10000	-4500	1000	3000	300	10000	-2225	500	0	0	-10000	-9333	0	minecraft:snowy_taiga
-10000	-4500	1000	3000	300	10000	-2225	500	10000	10000	-10000	-9333	0	minecraft:snowy_taiga
-10000	-4500	1000	3000	-1900	-1100	500	4500	0	0	-10000	-9333	0	minecraft:snowy_beach
-10000	-4500	1000	3000	-1900	-1100	500	4500	10000	10000	-10000	-9333	0	minecraft:snowy_beach
-10000	-4500	1000	3000	-1100	10000	500	4500	0	0	-10000	-9333	0	minecraft:snowy_taiga
-10000	-4500	1000	3000	-1100	10000	500	4500	10000	10000	-10000	-9333	0	minecraft:snowy_taiga
-10000	-4500	1000	3000	-1900	-1100	4500	5500	0	0	-10000	-9333	0	minecraft:snowy_beach
-10000	-4500	1000	3000	-1900	-1100	4500	5500	10000	10000	-10000	-9333	0	minecraft:snowy_beach
-10000	-4500	1000	3000	-1100	300	4500	5500	0	0	-10000	-9333	0	minecraft:snowy_taiga
-10000	-4500	1000	3000	-1100	300	4500	5500	10000	10000	-10000	-9333	0	minecraft:snowy_taiga
-10000	-4500	1000	3000	300	10000	4500	5500	0	0	-10000	-9333	0	minecraft:windswept_forest
-10000	-4500	1000	3000	300	10000	4500	5500	10000	10000	-10000	-9333	0	minecraft:windswept_forest
-10000	-4500	1000	3000	-1900	-1100	5500	10000	0	0	-10000	-9333	0	minecraft:snowy_beach
-10000	-4500	1000	3000	-1900	-1100	5500	10000	10000	10000	-10000	-9333	0	minecraft:snowy_beach
-10000	-4500	1000	3000	-1100	10000	5500	10000	0	0	-10000	-9333	0	minecraft:snowy_taiga
-10000	-4500	1000	3000	-1100	10000	5500	10000	10000	10000	-10000	-9333	0	minecraft:snowy_taiga
-10000	-4500	3000	10000	-1100	10000	-10000	-7799	0	0	-10000	-9333	0	minecraft:grove
-10000	-4500	3000	10000	-1100	10000	-10000	-7799	10000	10000	-10000	-9333	0	minecraft:grove
-10000	-4500	3000	10000	-1100	3000	-7799	-3750	0	0	-10000	-9333	0	minecraft:grove
-10000	-4500	3000	10000	-1100	3000	-7799	-3750	10000	10000	-10000	-9333	0	minecraft:grove
-10000	-4500	3000	10000	3000	10000	-7799	-3750	0	0	-10000	-9333	0	minecraft:grove
-10000	-4500	3000	10000	3000	10000	-7799	-3750	10000	10000	-10000	-9333	0	minecraft:grove
-10000	-4500	3000	10000	-1100	300	-3750	-2225	0	0	-10000	-9333	0	minecraft:taiga
-10000	-4500	3000	10000	-1100	300	-3750	-2225	10000	10000	-10000	-9333	0	minecraft:taiga
-10000	-4500	3000	10000	300	3000	-3750	-2225	0	0	-10000	-9333	0	minecraft:taiga
-10000	-4500	3000	10000	300	3000	-3750	-2225	10000	10000	-10000	-9333	0	minecraft:taiga
-10000	-4500	3000	10000	3000	10000	-3750	-2225	0	0	-10000	-9333	0	minecraft:snowy_taiga
-10000	-4500	3000	10000	3000	10000	-3750	-2225	10000	10000	-10000	-9333	0	minecraft:snowy_taiga
-10000	-4500	3000	10000	-1900	300	-2225	500	0	0	-10000	-9333	0	minecraft:taiga
-10000	-4500	3000	10000	-1900	300	-2225	500	10000	10000	-10000	-9333	0	minecraft:taiga
-10000	-4500	3000	10000	300	10000	-2225	500	0	0	-10000	-9333	0	minecraft:taiga
-10000	-4500	3000	10000	300	10000	-2225	500	10000	10000	-10000	-9333	0	minecraft:taiga
-10000	-4500	3000	10000	-1900	-1100	500	4500	0	0	-10000	-9333	0	minecraft:snowy_beach
-10000	-4500	3000	10000	-1900	-1100	500	4500	10000	10000	-10000	-9333	0	minecraft:snowy_beach
-10000	-4500	3000	10000	-1100	10000	500	4500	0	0	-10000	-9333	0	minecraft:taiga
-10000	-4500	3000	10000	-1100	10000	500	4500	10000	10000	-10000	-9333	0	minecraft:taiga
-10000	-4500	3000	10000	-1900	-1100	4500	5500	0	0	-10000	-9333	0	minecraft:snowy_beach
-10000	-4500	3000	10000	-1900	-1100	4500	5500	10000	10000	-10000	-9333	0	minecraft:snowy_beach
-10000	-4500	3000	10000	-1100	300	4500	5500	0	0	-10000	-9333	0	minecraft:taiga
-10000	-4500	3000	10000	-1100	300	4500	5500	10000	10000	-10000	-9333	0	minecraft:taiga
-10000	-4500	3000	10000	300	10000	4500	5500	0	0	-10000	-9333	0	minecraft:windswept_forest
-10000	-4500	3000	10000	300	10000	4500	5500	10000	10000	-10000	-9333	0	minecraft:windswept_forest
-10000	-4500	3000	10000	-1900	-1100	5500	10000	0	0	-10000	-9333	0	minecraft:snowy_beach
-10000	-4500	3000	10000	-1900	-1100	5500	10000	10000	10000	-10000	-9333	0	minecraft:snowy_beach
-10000	-4500	3000	10000	-1100	10000	5500	10000	0	0	-10000	-9333	0	minecraft:taiga
-10000	-4500	3000	10000	-1100	10000	5500	10000	10000	10000	-10000	-9333	0	minecraft:taiga
-4500	-1500	-10000	-3500	-1100	10000	-10000	-7799	0	0	-10000	-9333	0	minecraft:snowy_slopes
-4500	-1500	-10000	-3500	-1100	10000	-10000	-7799	10000	10000	-10000	-9333	0	minecraft:snowy_slopes
-4500	-1500	-10000	-3500	-1100	3000	-7799	-3750	0	0	-10000	-9333	0	minecraft:plains
-4500	-1500	-10000	-3500	-1100	3000	-7799	-3750	10000	10000	-10000	-9333	0	minecraft:plains
-4500	-1500	-10000	-3500	3000	10000	-7799	-3750	0	0	-10000	-9333	0	minecraft:meadow
-4500	-1500	-10000	-3500	3000	10000	-7799	-3750	10000	10000	-10000	-9333	0	minecraft:meadow
-4500	-1500	-10000	-3500	-1100	300	-3750	-2225	0	0	-10000	-9333	0	minecraft:plains
-4500	-1500	-10000	-3500	-1100	300	-3750	-2225	10000	10000	-10000	-9333	0	minecraft:plains
-4500	-1500	-10000	-3500	300	3000	-3750	-2225	0	0	-10000	-9333	0	minecraft:plains
-4500	-1500	-10000	-3500	300	3000	-3750	-2225	10000	10000	-10000	-9333	0	minecraft:plains
-4500	-1500	-10000	-3500	3000	10000	-3750	-2225	0	0	-10000	-9333	0	minecraft:meadow
-4500	-1500	-10000	-3500	3000	10000	-3750	-2225	10000	10000	-10000	-9333	0	minecraft:meadow
-4500	-1500	-10000	-3500	-1900	300	-2225	500	0	0	-10000	-9333	0	minecraft:plains
-4500	-1500	-10000	-3500	-1900	300	-2225	500	10000	10000	-10000	-9333	0	minecraft:plains
-4500	-1500	-10000	-3500	300	10000	-2225	500	0	0	-10000	-9333	0	minecraft:plains
-4500	-1500	-10000	-3500	300	10000	-2225	500	10000	10000	-10000	-9333	0	minecraft:plains
-4500	-1500	-10000	-3500	-1900	-1100	500	4500	0	0	-10000	-9333	0	minecraft:beach
-4500	-1500	-10000	-3500	-1900	-1100	500	4500	10000	10000	-10000	-9333	0	minecraft:beach
-4500	-1500	-10000	-3500	-1100	10000	500	4500	0	0	-10000	-9333	0	minecraft:plains
-4500	-1500	-10000	-3500	-1100	10000	500	4500	10000	10000	-10000	-9333	0	minecraft:plains
-4500	-1500	-10000	-3500	-1900	-1100	4500	5500	0	0	-10000	-9333	0	minecraft:beach
-4500	-1500	-10000	-3500	-1900	-1100	4500	5500	10000	10000	-10000	-9333	0	minecraft:beach
-4500	-1500	-10000	-3500	-1100	300	4500	5500	0	0	-10000	-9333	0	minecraft:plains
-4500	-1500	-10000	-3500	-1100	300	4500	5500	10000	10000	-10000	-9333	0	minecraft:plains
-4500	-1500	-10000	-3500	300	10000	4500	5500	0	0	-10000	-9333	0	minecraft:windswept_gravelly_hills
-4500	-1500	-10000	-3500	300	10000	4500	5500	10000	10000	-10000	-9333	0	minecraft:windswept_gravelly_hills
-4500	-1500	-10000	-3500	-1900	-1100	5500	10000	0	0	-10000	-9333	0	minecraft:beach
-4500	-1500	-10000	-3500	-1900	-1100	5500	10000	10000	10000	-10000	-9333	0	minecraft:beach
-4500	-1500	-3500	-1000	-1100	10000	-10000	-7799	0	0	-10000	-9333	0	minecraft:snowy_slopes
-4500	-1500	-3500	-1000	-1100	10000	-10000	-7799	10000	10000	-10000	-9333	0	minecraft:snowy_slopes
-4500	-1500	-3500	-1000	-1100	3000	-7799	-3750	0	0	-10000	-9333	0	minecraft:plains
-4500	-1500	-3500	-1000	-1100	3000	-7799	-3750	10000	10000	-10000	-9333	0	minecraft:plains
-4500	-1500	-3500	-1000	3000	10000	-7799	-3750	0	0	-10000	-9333	0	minecraft:meadow
-4500	-1500	-3500	-1000	3000	10000	-7799	-3750	10000	10000	-10000	-9333	0	minecraft:meadow
-4500	-1500	-3500	-1000	-1100	300	-3750	-2225	0	0	-10000	-9333	0	minecraft:plains
-4500	-1500	-3500	-1000	-1100	300	-3750	-2225	10000	10000	-10000	-9333	0	minecraft:plains
-4500	-1500	-3500	-1000	300	3000	-3750	-2225	0	0	-10000	-9333	0	minecraft:plains
-4500	-1500	-3500	-1000	300	3000	-3750	-2225	10000	10000	-10000	-9333	0	minecraft:plains
-4500	-1500	-3500	-1000	3000	10000	-3750	-2225	0	0	-10000	-9333	0	minecraft:meadow
-4500	-1500	-3500	-1000	3000	10000	-3750	-2225	10000	10000	-10000	-9333	0	minecraft:meadow
-4500	-1500	-3500	-1000	-1900	300	-2225	500	0	0	-10000	-9333	0	minecraft:plains
-4500	-1500	-3500	-1000	-1900	300	-2225	500	10000	10000	-10000	-9333	0	minecraft:plains
-4500	-1500	-3500	-1000	300	10000	-2225	500	0	0	-10000	-9333	0	minecraft:plains
-4500	-1500	-3500	-1000	300	10000	-2225	500	10000	10000	-10000	-9333	0	minecraft:plains
-4500	-1500	-3500	-1000	-1900	-1100	500	4500	0	0	-10000	-9333	0	minecraft:beach
-4500	-1500	-3500	-1000	-1900	-1100	500	4500	10000	10000	-10000	-9333	0	minecraft:beach
-4500	-1500	-3500	-1000	-1100	10000	500	4500	0	0	-10000	-9333	0	minecraft:plains
-4500	-1500	-3500	-1000	-1100	10000	500	4500	10000	10000	-10000	-9333	0	minecraft:plains
-4500	-1500	-3500	-1000	-1900	-1100	4500	5500	0	0	-10000	-9333	0	minecraft:beach
-4500	-1500	-3500	-1000	-1900	-1100	4500	5500	10000	10000	-10000	-9333	0	minecraft:beach
-4500	-1500	-3500	-1000	-1100	300	4500	5500	0	0	-10000	-9333	0	minecraft:plains
-4500	-1500	-3500	-1000	-1100	300	4500	5500	10000	10000	-10000	-9333	0	minecraft:plains
-4500	-1500	-3500	-1000	300	10000	4500	5500	0	0	-10000	-9333	0	minecraft:windswept_gravelly_hills
-4500	-1500	-3500	-1000	300	10000	4500	5500	10000	10000	-10000	-9333	0	minecraft:windswept_gravelly_hills
-4500	-1500	-3500	-1000	-1900	-1100	5500	10000	0	0	-10000	-9333	0	minecraft:beach
-4500	-1500	-3500	-1000	-1900	-1100	5500	10000	10000	10000	-10000	-9333	0	minecraft:beach
-4500	-1500	-1000	1000	-1100	10000	-10000	-7799	0	0	-10000	-9333	0	minecraft:grove
-4500	-1500	-1000	1000	-1100	10000	-10000	-7799	10000	10000	-10000	-9333	0	minecraft:grove
-4500	-1500	-1000	1000	-1100	3000	-7799	-3750	0	0	-10000	-9333	0	minecraft:forest
-4500	-1500	-1000	1000	-1100	3000	-7799	-3750	10000	10000	-10000	-9333	0	minecraft:forest
-4500	-1500	-1000	1000	3000	10000	-7799	-3750	0	0	-10000	-9333	0	minecraft:forest
-4500	-1500	-1000	1000	3000	10000	-7799	-3750	10000	10000	-10000	-9333	0	minecraft:forest
-4500	-1500	-1000	1000	-1100	300	-3750	-2225	0	0	-10000	-9333	0	minecraft:forest
-4500	-1500	-1000	1000	-1100	300	-3750	-2225	10000	10000	-10000	-9333	0	minecraft:forest
-4500	-1500	-1000	1000	300	3000	-3750	-2225	0	0	-10000	-9333	0	minecraft:forest
-4500	-1500	-1000	1000	300	3000	-3750	-2225	10000	10000	-10000	-9333	0	minecraft:forest
-4500	-1500	-1000	1000	3000	10000	-3750	-2225	0	0	-10000	-9333	0	minecraft:forest
-4500	-1500	-1000	1000	3000	10000	-3750	-2225	10000	10000	-10000	-9333	0	minecraft:forest
-4500	-1500	-1000	1000	-1900	300	-2225	500	0	0	-10000	-9333	0	minecraft:forest
-4500	-1500	-1000	1000	-1900	300	-2225	500	10000	10000	-10000	-9333	0	minecraft:forest
-4500	-1500	-1000	1000	300	10000	-2225	500	0	0	-10000	-9333	0	minecraft:forest
-4500	-1500	-1000	1000	300	10000	-2225	500	10000	10000	-10000	-9333	0	minecraft:forest
-4500	-1500	-1000	1000	-1900	-1100	500	4500	0	0	-10000	-9333	0	minecraft:beach
-4500	-1500	-1000	1000	-1900	-1100	500	4500	10000	10000	-10000	-9333	0	minecraft:beach
-4500	-1500	-1000	1000	-1100	10000	500	4500	0	0	-10000	-9333	0	minecraft:forest
-4500	-1500	-1000	1000	-1100	10000	500	4500	10000	10000	-10000	-9333	0	minecraft:forest
-4500	-1500	-1000	1000	-1900	-1100	4500	5500	0	0	-10000	-9333	0	minecraft:beach
-4500	-1500	-1000	1000	-1900	-1100	4500	5500	10000	10000	-10000	-9333	0	minecraft:beach
-4500	-1500	-1000	1000	-1100	300	4500	5500	0	0	-10000	-9333	0	minecraft:forest
-4500	-1500	-1000	1000	-1100	300	4500	5500	10000	10000	-10000	-9333	0	minecraft:forest
-4500	-1500	-1000	1000	300	10000	4500	5500	0	0	-10000	-9333	0	minecraft:windswept_hills
-4500	-1500	-1000	1000	300	10000	4500	5500	10000	10000	-10000	-9333	0	minecraft:windswept_hills
-4500	-1500	-1000	1000	-1900	-1100	5500	10000	0	0	-10000	-9333	0	minecraft:beach
-4500	-1500	-1000	1000	-1900	-1100	5500	10000	10000	10000	-10000	-9333	0	minecraft:beach
-4500	-1500	1000	3000	-1100	10000	-10000	-7799	0	0	-10000	-9333	0	minecraft:grove
-4500	-1500	1000	3000	-1100	10000	-10000	-7799	10000	10000	-10000	-9333	0	minecraft:grove
-4500	-1500	1000	3000	-1100	3000	-7799	-3750	0	0	-10000	-9333	0	minecraft:taiga
-4500	-1500	1000	3000	-1100	3000	-7799	-3750	10000	10000	-10000	-9333	0	minecraft:taiga
-4500	-1500	1000	3000	3000	10000	-7799	-3750	0	0	-10000	-9333	0	minecraft:taiga
-4500	-1500	1000	3000	3000	10000	-7799	-3750	10000	10000	-10000	-9333	0	minecraft:taiga
-4500	-1500	1000	3000	-1100	300	-3750	-2225	0	0	-10000	-9333	0	minecraft:taiga
-4500	-1500	1000	3000	-1100	300	-3750	-2225	10000	10000	-10000	-9333	0	minecraft:taiga
-4500	-1500	1000	3000	300	3000	-3750	-2225	0	0	-10000	-9333	0	minecraft:taiga
-4500	-1500	1000	3000	300	3000	-3750	-2225	10000	10000	-10000	-9333	0	minecraft:taiga
-4500	-1500	1000	3000	3000	10000	-3750	-2225	0	0	-10000	-9333	0	minecraft:taiga
-4500	-1500	1000	3000	3000	10000	-3750	-2225	10000	10000	-10000	-9333	0	minecraft:taiga
-4500	-1500	1000	3000	-1900	300	-2225	500	0	0	-10000	-9333	0	minecraft:taiga
-4500	-1500	1000	3000	-1900	300	-2225	500	10000	10000	-10000	-9333	0	minecraft:taiga
-4500	-1500	1000	3000	300	10000	-2225	500	0	0	-10000	-9333	0	minecraft:taiga
-4500	-1500	1000	3000	300	10000	-2225	500	10000	10000	-10000	-9333	0	minecraft:taiga
-4500	-1500	1000	3000	-1900	-1100	500	4500	0	0	-10000	-9333	0	minecraft:beach
-4500	-1500	1000	3000	-1900	-1100	500	4500	10000	10000	-10000	-9333	0	minecraft:beach
-4500	-1500	1000	3000	-1100	10000	500	4500	0	0	-10000	-9333	0	minecraft:taiga
-4500	-1500	1000	3000	-1100	10000	500	4500	10000	10000	-10000	-9333	0	minecraft:taiga
-4500	-1500	1000	3000	-1900	-1100	4500	5500	0	0	-10000	-9333	0	minecraft:beach
-4500	-1500	1000	3000	-1900	-1100	4500	5500	10000	10000	-10000	-9333	0	minecraft:beach
-4500	-1500	1000	3000	-1100	300	4500	5500	0	0	-10000	-9333	0	minecraft:taiga
-4500	-1500	1000	3000	-1100	300	4500	5500	10000	10000	-10000	-9333	0	minecraft:taiga
-4500	-1500	1000	3000	300	10000	4500	5500	0	0	-10000	-9333	0	minecraft:windswept_forest
-4500	-1500	1000	3000	300	10000	4500	5500	10000	10000	-10000	-9333	0	minecraft:windswept_forest
-4500	-1500	1000	3000	-1900	-1100	5500	10000	0	0	-10000	-9333	0	minecraft:beach
-4500	-1500	1000	3000	-1900	-1100	5500	10000	10000	10000	-10000	-9333	0	minecraft:beach
-4500	-1500	3000	10000	-1100	10000	-10000	-7799	0	0	-10000	-9333	0	minecraft:grove
-4500	-1500	3000	10000	-1100	10000	-10000	-7799	10000	10000	-10000	-9333	0	minecraft:grove
-4500	-1500	3000	10000	-1100	3000	-7799	-3750	0	0	-10000	-9333	0	minecraft:old_growth_spruce_taiga
-4500	-1500	3000	10000	-1100	3000	-7799	-3750	10000	10000	-10000	-9333	0	minecraft:old_growth_spruce_taiga
-4500	-1500	3000	10000	3000	10000	-7799	-3750	0	0	-10000	-9333	0	minecraft:old_growth_spruce_taiga
-4500	-1500	3000	10000	3000	10000	-7799	-3750	10000	10000	-10000	-9333	0	minecraft:old_growth_spruce_taiga
-4500	-1500	3000	10000	-1100	300	-3750	-2225	0	0	-10000	-9333	0	minecraft:old_growth_spruce_taiga
-4500	-1500	3000	10000	-1100	300	-3750	-2225	10000	10000	-10000	-9333	0	minecraft:old_growth_spruce_taiga
-4500	-1500	3000	10000	300	3000	-3750	-2225	0	0	-10000	-9333	0	minecraft:old_growth_spruce_taiga
-4500	-1500	3000	10000	300	3000	-3750	-2225	10000	10000	-10000	-9333	0	minecraft:old_growth_spruce_taiga
-4500	-1500	3000	10000	3000	10000	-3750	-2225	0	0	-10000	-9333	0	minecraft:old_growth_spruce_taiga
-4500	-1500	3000	10000	3000	10000	-3750	-2225	10000	10000	-10000	-9333	0	minecraft:old_growth_spruce_taiga
-4500	-1500	3000	10000	-1900	300	-2225	500	0	0	-10000	-9333	0	minecraft:old_growth_spruce_taiga
-4500	-1500	3000	10000	-1900	300	-2225	500	10000	10000	-10000	-9333	0	minecraft:old_growth_spruce_taiga
-4500	-1500	3000	10000	300	10000	-2225	500	0	0	-10000	-9333	0	minecraft:old_growth_spruce_taiga
-4500	-1500	3000	10000	300	10000	-2225	500	10000	10000	-10000	-9333	0	minecraft:old_growth_spruce_taiga
-4500	-1500	3000	10000	-1900	-1100	500	4500	0	0	-10000	-9333	0	minecraft:beach
-4500	-1500	3000	10000	-1900	-1100	500	4500	10000	10000	-10000	-9333	0	minecraft:beach
-4500	-1500	3000	10000	-1100	10000	500	4500	0	0	-10000	-9333	0	minecraft:old_growth_spruce_taiga
-4500	-1500	3000	10000	-1100	10000	500	4500	10000	10000	-10000	-9333	0	minecraft:old_growth_spruce_taiga
-4500	-1500	3000	10000	-1900	-1100	4500	5500	0	0	-10000	-9333	0	minecraft:beach
-4500	-1500	3000	10000	-1900	-1100	4500	5500	10000	10000	-10000	-9333	0	minecraft:beach
-4500	-1500	3000	10000	-1100	300	4500	5500	0	0	-10000	-9333	0	minecraft:old_growth_spruce_taiga
-4500	-1500	3000	10000	-1100	300	4500	5500	10000	10000	-10000	-9333	0	minecraft:old_growth_spruce_taiga
-4500	-1500	3000	10000	300	10000	4500	5500	0	0	-10000	-9333	0	minecraft:windswept_forest
-4500	-1500	3000	10000	300	10000	4500	5500	10000	10000	-10000	-9333	0	minecraft:windswept_forest
-4500	-1500	3000	10000	-1900	-1100	5500	10000	0	0	-10000	-9333	0	minecraft:beach
-4500	-1500	3000	10000	-1900	-1100	5500	10000	10000	10000	-10000	-9333	0	minecraft:beach
-1500	2000	-10000	-3500	-1100	10000	-10000	-7799	0	0	-10000	-9333	0	minecraft:snowy_slopes
-1500	2000	-10000	-3500	-1100	10000	-10000	-7799	10000	10000	-10000	-9333	0	minecraft:snowy_slopes
-1500	2000	-10000	-3500	-1100	3000	-7799	-3750	0	0	-10000	-9333	0	minecraft:flower_forest
-1500	2000	-10000	-3500	-1100	3000	-7799	-3750	10000	10000	-10000	-9333	0	minecraft:flower_forest
-1500	2000	-10000	-3500	3000	10000	-7799	-3750	0	0	-10000	-9333	0	minecraft:meadow
-1500	2000	-10000	-3500	3000	10000	-7799	-3750	10000	10000	-10000	-9333	0	minecraft:meadow
-1500	2000	-10000	-3500	-1100	300	-3750	-2225	0	0	-10000	-9333	0	minecraft:flower_forest
-1500	2000	-10000	-3500	-1100	300	-3750	-2225	10000	10000	-10000	-9333	0	minecraft:flower_forest
-1500	2000	-10000	-3500	300	3000	-3750	-2225	0	0	-10000	-9333	0	minecraft:flower_forest
-1500	2000	-10000	-3500	300	3000	-3750	-2225	10000	10000	-10000	-9333	0	minecraft:flower_forest
-1500	2000	-10000	-3500	3000	10000	-3750	-2225	0	0	-10000	-9333	0	minecraft:meadow
-1500	2000	-10000	-3500	3000	10000	-3750	-2225	10000	10000	-10000	-9333	0	minecraft:meadow
-1500	2000	-10000	-3500	-1900	300	-2225	500	0	0	-10000	-9333	0	minecraft:flower_forest
-1500	2000	-10000	-3500	-1900	300	-2225	500	10000	10000	-10000	-9333	0	minecraft:flower_forest
-1500	2000	-10000	-3500	300	10000	-2225	500	0	0	-10000	-9333	0	minecraft:flower_forest
-1500	2000	-10000	-3500	300	10000	-2225	500	10000	10000	-10000	-9333	0	minecraft:flower_forest
-1500	2000	-10000	-3500	-1900	-1100	500	4500	0	0	-10000	-9333	0	minecraft:beach
-1500	2000	-10000	-3500	-1900	-1100	500	4500	10000	10000	-10000	-9333	0	minecraft:beach
-1500	2000	-10000	-3500	-1100	10000	500	4500	0	0	-10000	-9333	0	minecraft:flower_forest
-1500	2000	-10000	-3500	-1100	10000	500	4500	10000	10000	-10000	-9333	0	minecraft:flower_forest
-1500	2000	-10000	-3500	-1900	-1100	4500	5500	0	0	-10000	-9333	0	minecraft:beach
-1500	2000	-10000	-3500	-1900	-1100	4500	5500	10000	10000	-10000	-9333	0	minecraft:beach
-1500	2000	-10000	-3500	-1100	300	4500	5500	0	0	-10000	-9333	0	minecraft:flower_forest
-1500	2000	-10000	-3500	-1100	300	4500	5500	10000	10000	-10000	-9333	0	minecraft:flower_forest
-1500	2000	-10000	-3500	300	10000	4500	5500	0	0	-10000	-9333	0	minecraft:windswept_hills
-1500	2000	-10000	-3500	300	10000	4500	5500	10000	10000	-10000	-9333	0	minecraft:windswept_hills
-1500	2000	-10000	-3500	-1900	-1100	5500	10000	0	0	-10000	-9333	0	minecraft:beach
-1500	2000	-10000	-3500	-1900	-1100	5500	10000	10000	10000	-10000	-9333	0	minecraft:beach
-1500	2000	-3500	-1000	-1100	10000	-10000	-7799	0	0	-10000	-9333	0	minecraft:snowy_slopes
-1500	2000	-3500	-1000	-1100	10000	-10000	-7799	10000	10000	-10000	-9333	0	minecraft:snowy_slopes
-1500	2000	-3500	-1000	-1100	3000	-7799	-3750	0	0	-10000	-9333	0	minecraft:plains
-1500	2000	-3500	-1000	-1100	3000	-7799	-3750	10000	10000	-10000	-9333	0	minecraft:plains
-1500	2000	-3500	-1000	3000	10000	-7799	-3750	0	0	-10000	-9333	0	minecraft:meadow
-1500	2000	-3500	-1000	3000	10000	-7799	-3750	10000	10000	-10000	-9333	0	minecraft:meadow
-1500	2000	-3500	-1000	-1100	300	-3750	-2225	0	0	-10000	-9333	0	minecraft:plains
-1500	2000	-3500	-1000	-1100	300	-3750	-2225	10000	10000	-10000	-9333	0	minecraft:plains
-1500	2000	-3500	-1000	300	3000	-3750	-2225	0	0	-10000	-9333	0	minecraft:plains
-1500	2000	-3500	-1000	300	3000	-3750	-2225	10000	10000	-10000	-9333	0	minecraft:plains
-1500	2000	-3500	-1000	3000	10000	-3750	-2225	0	0	-10000	-9333	0	minecraft:meadow
-1500	2000	-3500	-1000	3000	10000	-3750	-2225	10000	10000	-10000	-9333	0	minecraft:meadow
-1500	2000	-3500	-1000	-1900	300	-2225	500	0	0	-10000	-9333	0	minecraft:plains
-1500	2000	-3500	-1000	-1900	300	-2225	500	10000	10000	-10000	-9333	0	minecraft:plains
-1500	2000	-3500	-1000	300	10000	-2225	500	0	0	-10000	-9333	0	minecraft:plains
-1500	2000	-3500	-1000	300	10000	-2225	500	10000	10000	-10000	-9333	0	minecraft:plains
-1500	2000	-3500	-1000	-1900	-1100	500	4500	0	0	-10000	-9333	0	minecraft:beach
-1500	2000	-3500	-1000	-1900	-1100	500	4500	10000	10000	-10000	-9333	0	minecraft:beach
-1500	2000	-3500	-1000	-1100	10000	500	4500	0	0	-10000	-9333	0	minecraft:plains
-1500	2000	-3500	-1000	-1100	10000	500	4500	10000	10000	-10000	-9333	0	minecraft:plains
-1500	2000	-3500	-1000	-1900	-1100	4500	5500	0	0	-10000	-9333	0	minecraft:beach
-1500	2000	-3500	-1000	-1900	-1100	4500	5500	10000	10000	-10000	-9333	0	minecraft:beach
-1500	2000	-3500	-1000	-1100	300	4500	5500	0	0	-10000	-9333	0	minecraft:plains
-1500	2000	-3500	-1000	-1100	300	4500	5500	10000	10000	-10000	-9333	0	minecraft:plains
-1500	2000	-3500	-1000	300	10000	4500	5500	0	0	-10000	-9333	0	minecraft:windswept_hills
-1500	2000	-3500	-1000	300	10000	4500	5500	10000	10000	-10000	-9333	0	minecraft:windswept_hills
-1500	2000	-3500	-1000	-1900	-1100	5500	10000	0	0	-10000	-9333	0	minecraft:beach
-1500	2000	-3500	-1000	-1900	-1100	5500	10000	10000	10000	-10000	-9333	0	minecraft:beach
-1500	2000	-1000	1000	-1100	10000	-10000	-7799	0	0	-10000	-9333	0	minecraft:grove
-1500	2000	-1000	1000	-1100	10000	-10000	-7799	10000	10000	-10000	-9333	0	minecraft:grove
-1500	2000	-1000	1000	-1100	3000	-7799	-3750	0	0	-10000	-9333	0	minecraft:forest
-1500	2000	-1000	1000	-1100	3000	-7799	-3750	10000	10000	-10000	-9333	0	minecraft:forest
-1500	2000	-1000	1000	3000	10000	-7799	-3750	0	0	-10000	-9333	0	minecraft:meadow
-1500	2000	-1000	1000	3000	10000	-7799	-3750	10000	10000	-10000	-9333	0	minecraft:meadow
-1500	2000	-1000	1000	-1100	300	-3750	-2225	0	0	-10000	-9333	0	minecraft:forest
-1500	2000	-1000	1000	-1100	300	-3750	-2225	10000	10000	-10000	-9333	0	minecraft:forest
-1500	2000	-1000	1000	300	3000	-3750	-2225	0	0	-10000	-9333	0	minecraft:forest
-1500	2000	-1000	1000	300	3000	-3750	-2225	10000	10000	-10000	-9333	0	minecraft:forest
-1500	2000	-1000	1000	3000	10000	-3750	-2225	0	0	-10000	-9333	0	minecraft:meadow
-1500	2000	-1000	1000	3000	10000	-3750	-2225	10000	10000	-10000	-9333	0	minecraft:meadow
-1500	2000	-1000	1000	-1900	300	-2225	500	0	0	-10000	-9333	0	minecraft:forest
-1500	2000	-1000	1000	-1900	300	-2225	500	10000	10000	-10000	-9333	0	minecraft:forest
-1500	2000	-1000	1000	300	10000	-2225	500	0	0	-10000	-9333	0	minecraft:forest
-1500	2000	-1000	1000	300	10000	-2225	500	10000	10000	-10000	-9333	0	minecraft:forest
-1500	2000	-1000	1000	-1900	-1100	500	4500	0	0	-10000	-9333	0	minecraft:beach
-1500	2000	-1000	1000	-1900	-1100	500	4500	10000	10000	-10000	-9333	0	minecraft:beach
-1500	2000	-1000	1000	-1100	10000	500	4500	0	0	-10000	-9333	0	minecraft:forest
-1500	2000	-1000	1000	-1100	10000	500	4500	10000	10000	-10000	-9333	0	minecraft:forest
-1500	2000	-1000	1000	-1900	-1100	4500	5500	0	0	-10000	-9333	0	minecraft:beach
-1500	2000	-1000	1000	-1900	-1100	4500	5500	10000	10000	-10000	-9333	0	minecraft:beach
-1500	2000	-1000	1000	-1100	300	4500	5500	0	0	-10000	-9333	0	minecraft:forest
-1500	2000	-1000	1000	-1100	300	4500	5500	10000	10000	-10000	-9333	0	minecraft:forest
-1500	2000	-1000	1000	300	10000	4500	5500	0	0	-10000	-9333	0	minecraft:windswept_hills
-1500	2000	-1000	1000	300	10000	4500	5500	10000	10000	-10000	-9333	0	minecraft:windswept_hills
-1500	2000	-1000	1000	-1900	-1100	5500	10000	0	0	-10000	-9333	0	minecraft:beach
-1500	2000	-1000	1000	-1900	-1100	5500	10000	10000	10000	-10000	-9333	0	minecraft:beach
-1500	2000	1000	3000	-1100	10000	-10000	-7799	0	0	-10000	-9333	0	minecraft:grove
-1500	2000	1000	3000	-1100	10000	-10000	-7799	10000	10000	-10000	-9333	0	minecraft:grove
-1500	2000	1000	3000	-1100	3000	-7799	-3750	0	0	-10000	-9333	0	minecraft:birch_forest
-1500	2000	1000	3000	-1100	3000	-7799	-3750	10000	10000	-10000	-9333	0	minecraft:birch_forest
-1500	2000	1000	3000	3000	10000	-7799	-3750	0	0	-10000	-9333	0	minecraft:meadow
-1500	2000	1000	3000	3000	10000	-7799	-3750	10000	10000	-10000	-9333	0	minecraft:meadow
-1500	2000	1000	3000	-1100	300	-3750	-2225	0	0	-10000	-9333	0	minecraft:birch_forest
-1500	2000	1000	3000	-1100	300	-3750	-2225	10000	10000	-10000	-9333	0	minecraft:birch_forest
-1500	2000	1000	3000	300	3000	-3750	-2225	0	0	-10000	-9333	0	minecraft:birch_forest
-1500	2000	1000	3000	300	3000	-3750	-2225	10000	10000	-10000	-9333	0	minecraft:birch_forest
-1500	2000	1000	3000	3000	10000	-3750	-2225	0	0	-10000	-9333	0	minecraft:meadow
-1500	2000	1000	3000	3000	10000	-3750	-2225	10000	10000	-10000	-9333	0	minecraft:meadow
-1500	2000	1000	3000	-1900	300	-2225	500	0	0	-10000	-9333	0	minecraft:birch_forest
-1500	2000	1000	3000	-1900	300	-2225	500	10000	10000	-10000	-9333	0	minecraft:birch_forest
-1500	2000	1000	3000	300	10000	-2225	500	0	0	-10000	-9333	0	minecraft:birch_forest
-1500	2000	1000	3000	300	10000	-2225	500	10000	10000	-10000	-9333	0	minecraft:birch_forest
-1500	2000	1000	3000	-1900	-1100	500	4500	0	0	-10000	-9333	0	minecraft:beach
-1500	2000	1000	3000	-1900	-1100	500	4500	10000	10000	-10000	-9333	0	minecraft:beach
-1500	2000	1000	3000	-1100	10000	500	4500	0	0	-10000	-9333	0	minecraft:birch_forest
-1500	2000	1000	3000	-1100	10000	500	4500	10000	10000	-10000	-9333	0	minecraft:birch_forest
-1500	2000	1000	3000	-1900	-1100	4500	5500	0	0	-10000	-9333	0	minecraft:beach
-1500	2000	1000	3000	-1900	-1100	4500	5500	10000	10000	-10000	-9333	0	minecraft:beach
-1500	2000	1000	3000	-1100	300	4500	5500	0	0	-10000	-9333	0	minecraft:birch_forest
-1500	2000	1000	3000	-1100	300	4500	5500	10000	10000	-10000	-9333	0	minecraft:birch_forest
-1500	2000	1000	3000	300	10000	4500	5500	0	0	-10000	-9333	0	minecraft:windswept_forest
-1500	2000	1000	3000	300	10000	4500	5500	10000	10000	-10000	-9333	0	minecraft:windswept_forest
-1500	2000	1000	3000	-1900	-1100	5500	10000	0	0	-10000	-9333	0	minecraft:beach
-1500	2000	1000	3000	-1900	-1100	5500	10000	10000	10000	-10000	-9333	0	minecraft:beach
-1500	2000	3000	10000	-1100	10000	-10000	-7799	0	0	-10000	-9333	0	minecraft:grove
-1500	2000	3000	10000	-1100	10000	-10000	-7799	10000	10000	-10000	-9333	0	minecraft:grove
-1500	2000	3000	10000	-1100	3000	-7799	-3750	0	0	-10000	-9333	0	minecraft:dark_forest
-1500	2000	3000	10000	-1100	3000	-7799	-3750	10000	10000	-10000	-9333	0	minecraft:dark_forest
-1500	2000	3000	10000	3000	10000	-7799	-3750	0	0	-10000	-9333	0	minecraft:pale_garden
-1500	2000	3000	10000	3000	10000	-7799	-3750	10000	10000	-10000	-9333	0	minecraft:pale_garden
-1500	2000	3000	10000	-1100	300	-3750	-2225	0	0	-10000	-9333	0	minecraft:dark_forest
-1500	2000	3000	10000	-1100	300	-3750	-2225	10000	10000	-10000	-9333	0	minecraft:dark_forest
-1500	2000	3000	10000	300	3000	-3750	-2225	0	0	-10000	-9333	0	minecraft:dark_forest
-1500	2000	3000	10000	300	3000	-3750	-2225	10000	10000	-10000	-9333	0	minecraft:dark_forest
-1500	2000	3000	10000	3000	10000	-3750	-2225	0	0	-10000	-9333	0	minecraft:pale_garden
-1500	2000	3000	10000	3000	10000	-3750	-2225	10000	10000	-10000	-9333	0	minecraft:pale_garden
-1500	2000	3000	10000	-1900	300	-2225	500	0	0	-10000	-9333	0	minecraft:dark_forest
-1500	2000	3000	10000	-1900	300	-2225	500	10000	10000	-10000	-9333	0	minecraft:dark_forest
-1500	2000	3000	10000	300	10000	-2225	500	0	0	-10000	-9333	0	minecraft:dark_forest
-1500	2000	3000	10000	300	10000	-2225	500	10000	10000	-10000	-9333	0	minecraft:dark_forest
-1500	2000	3000	10000	-1900	-1100	500	4500	0	0	-10000	-9333	0	minecraft:beach
-1500	2000	3000	10000	-1900	-1100	500	4500	10000	10000	-10000	-9333	0	minecraft:beach
-1500	2000	3000	10000	-1100	10000	500	4500	0	0	-10000	-9333	0	minecraft:dark_forest
-1500	2000	3000	10000	-1100	10000	500	4500	10000	10000	-10000	-9333	0	minecraft:dark_forest
-1500	2000	3000	10000	-1900	-1100	4500	5500	0	0	-10000	-9333	0	minecraft:beach
-1500	2000	3000	10000	-1900	-1100	4500	5500	10000	10000	-10000	-9333	0	minecraft:beach
-1500	2000	3000	10000	-1100	300	4500	5500	0	0	-10000	-9333	0	minecraft:dark_forest
-1500	2000	3000	10000	-1100	300	4500	5500	10000	10000	-10000	-9333	0	minecraft:dark_forest
-1500	2000	3000	10000	300	10000	4500	5500	0	0	-10000	-9333	0	minecraft:windswept_forest
-1500	2000	3000	10000	300	10000	4500	5500	10000	10000	-10000	-9333	0	minecraft:windswept_forest
-1500	2000	3000	10000	-1900	-1100	5500	10000	0	0	-10000	-9333	0	minecraft:beach
-1500	2000	3000	10000	-1900	-1100	5500	10000	10000	10000	-10000	-9333	0	minecraft:beach
2000	5500	-10000	-3500	-1100	10000	-10000	-7799	0	0	-10000	-9333	0	minecraft:savanna_plateau
2000	5500	-10000	-3500	-1100	10000	-10000	-7799	10000	10000	-10000	-9333	0	minecraft:savanna_plateau
2000	5500	-10000	-3500	-1100	3000	-7799	-3750	0	0	-10000	-9333	0	minecraft:savanna
2000	5500	-10000	-3500	-1100	3000	-7799	-3750	10000	10000	-10000	-9333	0	minecraft:savanna
2000	5500	-10000	-3500	3000	10000	-7799	-3750	0	0	-10000	-9333	0	minecraft:savanna_plateau
2000	5500	-10000	-3500	3000	10000	-7799	-3750	10000	10000	-10000	-9333	0	minecraft:savanna_plateau
2000	5500	-10000	-3500	-1100	300	-3750	-2225	0	0	-10000	-9333	0	minecraft:savanna
2000	5500	-10000	-3500	-1100	300	-3750	-2225	10000	10000	-10000	-9333	0	minecraft:savanna
2000	5500	-10000	-3500	300	3000	-3750	-2225	0	0	-10000	-9333	0	minecraft:savanna
2000	5500	-10000	-3500	300	3000	-3750	-2225	10000	10000	-10000	-9333	0	minecraft:savanna
2000	5500	-10000	-3500	3000	10000	-3750	-2225	0	0	-10000	-9333	0	minecraft:savanna_plateau
2000	5500	-10000	-3500	3000	10000	-3750	-2225	10000	10000	-10000	-9333	0	minecraft:savanna_plateau
2000	5500	-10000	-3500	-1900	300	-2225	500	0	0	-10000	-9333	0	minecraft:savanna
2000	5500	-10000	-3500	-1900	300	-2225	500	10000	10000	-10000	-9333	0	minecraft:savanna
2000	5500	-10000	-3500	300	10000	-2225	500	0	0	-10000	-9333	0	minecraft:savanna
2000	5500	-10000	-3500	300	10000	-2225	500	10000	10000	-10000	-9333	0	minecraft:savanna
2000	5500	-10000	-3500	-1900	-1100	500	4500	0	0	-10000	-9333	0	minecraft:beach
2000	5500	-10000	-3500	-1900	-1100	500	4500	10000	10000	-10000	-9333	0	minecraft:beach
2000	5500	-10000	-3500	-1100	10000	500	4500	0	0	-10000	-9333	0	minecraft:savanna
2000	5500	-10000	-3500	-1100	10000	500	4500	10000	10000	-10000	-9333	0	minecraft:savanna
2000	5500	-10000	-3500	-1900	-1100	4500	5500	0	0	-10000	-9333	0	minecraft:beach
2000	5500	-10000	-3500	-1900	-1100	4500	5500	10000	10000	-10000	-9333	0	minecraft:beach
2000	5500	-10000	-3500	-1100	300	4500	5500	0	0	-10000	-9333	0	minecraft:savanna
2000	5500	-10000	-3500	-1100	300	4500	5500	10000	10000	-10000	-9333	0	minecraft:savanna
2000	5500	-10000	-3500	300	10000	4500	5500	0	0	-10000	-9333	0	minecraft:savanna
2000	5500	-10000	-3500	300	10000	4500	5500	10000	10000	-10000	-9333	0	minecraft:savanna
2000	5500	-10000	-3500	-1900	-1100	5500	10000	0	0	-10000	-9333	0	minecraft:beach
2000	5500	-10000	-3500	-1900	-1100	5500	10000	10000	10000	-10000	-9333	0	minecraft:beach
2000	5500	-3500	-1000	-1100	10000	-10000	-7799	0	0	-10000	-9333	0	minecraft:savanna_plateau
2000	5500	-3500	-1000	-1100	10000	-10000	-7799	10000	10000	-10000	-9333	0	minecraft:savanna_plateau
2000	5500	-3500	-1000	-1100	3000	-7799	-3750	0	0	-10000	-9333	0	minecraft:savanna
2000	5500	-3500	-1000	-1100	3000	-7799	-3750	10000	10000	-10000	-9333	0	minecraft:savanna
2000	5500	-3500	-1000	3000	10000	-7799	-3750	0	0	-10000	-9333	0	minecraft:savanna_plateau
2000	5500	-3500	-1000	3000	10000	-7799	-3750	10000	10000	-10000	-9333	0	minecraft:savanna_plateau
2000	5500	-3500	-1000	-1100	300	-3750	-2225	0	0	-10000	-9333	0	minecraft:savanna
2000	5500	-3500	-1000	-1100	300	-3750	-2225	10000	10000	-10000	-9333	0	minecraft:savanna
2000	5500	-3500	-1000	300	3000	-3750	-2225	0	0	-10000	-9333	0	minecraft:savanna
2000	5500	-3500	-1000	300	3000	-3750	-2225	10000	10000	-10000	-9333	0	minecraft:savanna
2000	5500	-3500	-1000	3000	10000	-3750	-2225	0	0	-10000	-9333	0	minecraft:savanna_plateau
2000	5500	-3500	-1000	3000	10000	-3750	-2225	10000	10000	-10000	-9333	0	minecraft:savanna_plateau
2000	5500	-3500	-1000	-1900	300	-2225	500	0	0	-10000	-9333	0	minecraft:savanna
2000	5500	-3500	-1000	-1900	300	-2225	500	10000	10000	-10000	-9333	0	minecraft:savanna
2000	5500	-3500	-1000	300	10000	-2225	500	0	0	-10000	-9333	0	minecraft:savanna
2000	5500	-3500	-1000	300	10000	-2225	500	10000	10000	-10000	-9333	0	minecraft:savanna
2000	5500	-3500	-1000	-1900	-1100	500	4500	0	0	-10000	-9333	0	minecraft:beach
2000	5500	-3500	-1000	-1900	-1100	500	4500	10000	10000	-10000	-9333	0	minecraft:beach
2000	5500	-3500	-1000	-1100	10000	500	4500	0	0	-10000	-9333	0	minecraft:savanna
2000	5500	-3500	-1000	-1100	10000	500	4500	10000	10000	-10000	-9333	0	minecraft:savanna
2000	5500	-3500	-1000	-1900	-1100	4500	5500	0	0	-10000	-9333	0	minecraft:beach
2000	5500	-3500	-1000	-1900	-1100	4500	5500	10000	10000	-10000	-9333	0	minecraft:beach
2000	5500	-3500	-1000	-1100	300	4500	5500	0	0	-10000	-9333	0	minecraft:savanna
2000	5500	-3500	-1000	-1100	300	4500	5500	10000	10000	-10000	-9333	0	minecraft:savanna
2000	5500	-3500	-1000	300	10000	4500	5500	0	0	-10000	-9333	0	minecraft:savanna
2000	5500	-3500	-1000	300	10000	4500	5500	10000	10000	-10000	-9333	0	minecraft:savanna
2000	5500	-3500	-1000	-1900	-1100	5500	10000	0	0	-10000	-9333	0	minecraft:beach
2000	5500	-3500	-1000	-1900	-1100	5500	10000	10000	10000	-10000	-9333	0	minecraft:beach
2000	5500	-1000	1000	-1100	10000	-10000	-7799	0	0	-10000	-9333	0	minecraft:forest
2000	5500	-1000	1000	-1100	10000	-10000	-7799	10000	10000	-10000	-9333	0	minecraft:forest
2000	5500	-1000	1000	-1100	3000	-7799	-3750	0	0	-10000	-9333	0	minecraft:forest
2000	5500	-1000	1000	-1100	3000	-7799	-3750	10000	10000	-10000	-9333	0	minecraft:forest
2000	5500	-1000	1000	3000	10000	-7799	-3750	0	0	-10000	-9333	0	minecraft:forest
2000	5500	-1000	1000	3000	10000	-7799	-3750	10000	10000	-10000	-9333	0	minecraft:forest
2000	5500	-1000	1000	-1100	300	-3750	-2225	0	0	-10000	-9333	0	minecraft:forest
2000	5500	-1000	1000	-1100	300	-3750	-2225	10000	10000	-10000	-9333	0	minecraft:forest
2000	5500	-1000	1000	300	3000	-3750	-2225	0	0	-10000	-9333	0	minecraft:forest
2000	5500	-1000	1000	300	3000	-3750	-2225	10000	10000	-10000	-9333	0	minecraft:forest
2000	5500	-1000	1000	3000	10000	-3750	-2225	0	0	-10000	-9333	0	minecraft:forest
2000	5500	-1000	1000	3000	10000	-3750	-2225	10000	10000	-10000	-9333	0	minecraft:forest
2000	5500	-1000	1000	-1900	300	-2225	500	0	0	-10000	-9333	0	minecraft:forest
2000	5500	-1000	1000	-1900	300	-2225	500	10000	10000	-10000	-9333	0	minecraft:forest
2000	5500	-1000	1000	300	10000	-2225	500	0	0	-10000	-9333	0	minecraft:forest
2000	5500	-1000	1000	300	10000	-2225	500	10000	10000	-10000	-9333	0	minecraft:forest
2000	5500	-1000	1000	-1900	-1100	500	4500	0	0	-10000	-9333	0	minecraft:beach
2000	5500	-1000	1000	-1900	-1100	500	4500	10000	10000	-10000	-9333	0	minecraft:beach
2000	5500	-1000	1000	-1100	10000	500	4500	0	0	-10000	-9333	0	minecraft:forest
2000	5500	-1000	1000	-1100	10000	500	4500	10000	10000	-10000	-9333	0	minecraft:forest
2000	5500	-1000	1000	-1900	-1100	4500	5500	0	0	-10000	-9333	0	minecraft:beach
2000	5500	-1000	1000	-1900	-1100	4500	5500	10000	10000	-10000	-9333	0	minecraft:beach
2000	5500	-1000	1000	-1100	300	4500	5500	0	0	-10000	-9333	0	minecraft:forest
2000	5500	-1000	1000	-1100	300	4500	5500	10000	10000	-10000	-9333	0	minecraft:forest
2000	5500	-1000	1000	300	10000	4500	5500	0	0	-10000	-9333	0	minecraft:forest
2000	5500	-1000	1000	300	10000	4500	5500	10000	10000	-10000	-9333	0	minecraft:forest
2000	5500	-1000	1000	-1900	-1100	5500	10000	0	0	-10000	-9333	0	minecraft:beach
2000	5500	-1000	1000	-1900	-1100	5500	10000	10000	10000	-10000	-9333	0	minecraft:beach
2000	5500	1000	3000	-1100	10000	-10000	-7799	0	0	-10000	-9333	0	minecraft:forest
2000	5500	1000	3000	-1100	10000	-10000	-7799	10000	10000	-10000	-9333	0	minecraft:forest
2000	5500	1000	3000	-1100	3000	-7799	-3750	0	0	-10000	-9333	0	minecraft:jungle
2000	5500	1000	3000	-1100	3000	-7799	-3750	10000	10000	-10000	-9333	0	minecraft:jungle
2000	5500	1000	3000	3000	10000	-7799	-3750	0	0	-10000	-9333	0	minecraft:forest
2000	5500	1000	3000	3000	10000	-7799	-3750	10000	10000	-10000	-9333	0	minecraft:forest
2000	5500	1000	3000	-1100	300	-3750	-2225	0	0	-10000	-9333	0	minecraft:jungle
2000	5500	1000	3000	-1100	300	-3750	-2225	10000	10000	-10000	-9333	0	minecraft:jungle
2000	5500	1000	3000	300	3000	-3750	-2225	0	0	-10000	-9333	0	minecraft:jungle
2000	5500	1000	3000	300	3000	-3750	-2225	10000	10000	-10000	-9333	0	minecraft:jungle
2000	5500	1000	3000	3000	10000	-3750	-2225	0	0	-10000	-9333	0	minecraft:forest
2000	5500	1000	3000	3000	10000	-3750	-2225	10000	10000	-10000	-9333	0	minecraft:forest
2000	5500	1000	3000	-1900	300	-2225	500	0	0	-10000	-9333	0	minecraft:jungle
2000	5500	1000	3000	-1900	300	-2225	500	10000	10000	-10000	-9333	0	minecraft:jungle
2000	5500	1000	3000	300	10000	-2225	500	0	0	-10000	-9333	0	minecraft:jungle
2000	5500	1000	3000	300	10000	-2225	500	10000	10000	-10000	-9333	0	minecraft:jungle
2000	5500	1000	3000	-1900	-1100	500	4500	0	0	-10000	-9333	0	minecraft:beach
2000	5500	1000	3000	-1900	-1100	500	4500	10000	10000	-10000	-9333	0	minecraft:beach
2000	5500	1000	3000	-1100	10000	500	4500	0	0	-10000	-9333	0	minecraft:jungle
2000	5500	1000	3000	-1100	10000	500	4500	10000	10000	-10000	-9333	0	minecraft:jungle
2000	5500	1000	3000	-1900	-1100	4500	5500	0	0	-10000	-9333	0	minecraft:beach
2000	5500	1000	3000	-1900	-1100	4500	5500	10000	10000	-10000	-9333	0	minecraft:beach
2000	5500	1000	3000	-1100	300	4500	5500	0	0	-10000	-9333	0	minecraft:jungle
2000	5500	1000	3000	-1100	300	4500	5500	10000	10000	-10000	-9333	0	minecraft:jungle
2000	5500	1000	3000	300	10000	4500	5500	0	0	-10000	-9333	0	minecraft:jungle
2000	5500	1000	3000	300	10000	4500	5500	10000	10000	-10000	-9333	0	minecraft:jungle
2000	5500	1000	3000	-1900	-1100	5500	10000	0	0	-10000	-9333	0	minecraft:beach
2000	5500	1000	3000	-1900	-1100	5500	10000	10000	10000	-10000	-9333	0	minecraft:beach
2000	5500	3000	10000	-1100	10000	-10000	-7799	0	0	-10000	-9333	0	minecraft:jungle
2000	5500	3000	10000	-1100	10000	-10000	-7799	10000	10000	-10000	-9333	0	minecraft:jungle
2000	5500	3000	10000	-1100	3000	-7799	-3750	0	0	-10000	-9333	0	minecraft:jungle
2000	5500	3000	10000	-1100	3000	-7799	-3750	10000	10000	-10000	-9333	0	minecraft:jungle
2000	5500	3000	10000	3000	10000	-7799	-3750	0	0	-10000	-9333	0	minecraft:jungle
2000	5500	3000	10000	3000	10000	-7799	-3750	10000	10000	-10000	-9333	0	minecraft:jungle
2000	5500	3000	10000	-1100	300	-3750	-2225	0	0	-10000	-9333	0	minecraft:jungle
2000	5500	3000	10000	-1100	300	-3750	-2225	10000	10000	-10000	-9333	0	minecraft:jungle
2000	5500	3000	10000	300	3000	-3750	-2225	0	0	-10000	-9333	0	minecraft:jungle
2000	5500	3000	10000	300	3000	-3750	-2225	10000	10000	-10000	-9333	0	minecraft:jungle
2000	5500	3000	10000	3000	10000	-3750	-2225	0	0	-10000	-9333	0	minecraft:jungle
2000	5500	3000	10000	3000	10000	-3750	-2225	10000	10000	-10000	-9333	0	minecraft:jungle
2000	5500	3000	10000	-1900	300	-2225	500	0	0	-10000	-9333	0	minecraft:jungle
2000	5500	3000	10000	-1900	300	-2225	500	10000	10000	-10000	-9333	0	minecraft:jungle
2000	5500	3000	10000	300	10000	-2225	500	0	0	-10000	-9333	0	minecraft:jungle
2000	5500	3000	10000	300	10000	-2225	500	10000	10000	-10000	-9333	0	minecraft:jungle
2000	5500	3000	10000	-1900	-1100	500	4500	0	0	-10000	-9333	0	minecraft:beach
2000	5500	3000	10000	-1900	-1100	500	4500	10000	10000	-10000	-9333	0	minecraft:beach
2000	5500	3000	10000	-1100	10000	500	4500	0	0	-10000	-9333	0	minecraft:jungle
2000	5500	3000	10000	-1100	10000	500	4500	10000	10000	-10000	-9333	0	minecraft:jungle
2000	5500	3000	10000	-1900	-1100	4500	5500	0	0	-10000	-9333	0	minecraft:beach
2000	5500	3000	10000	-1900	-1100	4500	5500	10000	10000	-10000	-9333	0	minecraft:beach
2000	5500	3000	10000	-1100	300	4500	5500	0	0	-10000	-9333	0	minecraft:jungle
2000	5500	3000	10000	-1100	300	4500	5500	10000	10000	-10000	-9333	0	minecraft:jungle
2000	5500	3000	10000	300	10000	4500	5500	0	0	-10000	-9333	0	minecraft:jungle
2000	5500	3000	10000	300	10000	4500	5500	10000	10000	-10000	-9333	0	minecraft:jungle
2000	5500	3000	10000	-1900	-1100	5500	10000	0	0	-10000	-9333	0	minecraft:beach
2000	5500	3000	10000	-1900	-1100	5500	10000	10000	10000	-10000	-9333	0	minecraft:beach
5500	10000	-10000	-3500	-1100	10000	-10000	-7799	0	0	-10000	-9333	0	minecraft:badlands
5500	10000	-10000	-3500	-1100	10000	-10000	-7799	10000	10000	-10000	-9333	0	minecraft:badlands
5500	10000	-10000	-3500	-1100	3000	-7799	-3750	0	0	-10000	-9333	0	minecraft:badlands
5500	10000	-10000	-3500	-1100	3000	-7799	-3750	10000	10000	-10000	-9333	0	minecraft:badlands
5500	10000	-10000	-3500	3000	10000	-7799	-3750	0	0	-10000	-9333	0	minecraft:badlands
5500	10000	-10000	-3500	3000	10000	-7799	-3750	10000	10000	-10000	-9333	0	minecraft:badlands
5500	10000	-10000	-3500	-1100	300	-3750	-2225	0	0	-10000	-9333	0	minecraft:desert
5500	10000	-10000	-3500	-1100	300	-3750	-2225	10000	10000	-10000	-9333	0	minecraft:desert
5500	10000	-10000	-3500	300	3000	-3750	-2225	0	0	-10000	-9333	0	minecraft:badlands
5500	10000	-10000	-3500	300	3000	-3750	-2225	10000	10000	-10000	-9333	0	minecraft:badlands
5500	10000	-10000	-3500	3000	10000	-3750	-2225	0	0	-10000	-9333	0	minecraft:badlands
5500	10000	-10000	-3500	3000	10000	-3750	-2225	10000	10000	-10000	-9333	0	minecraft:badlands
5500	10000	-10000	-3500	-1900	300	-2225	500	0	0	-10000	-9333	0	minecraft:desert
5500	10000	-10000	-3500	-1900	300	-2225	500	10000	10000	-10000	-9333	0	minecraft:desert
5500	10000	-10000	-3500	300	10000	-2225	500	0	0	-10000	-9333	0	minecraft:badlands
5500	10000	-10000	-3500	300	10000	-2225	500	10000	10000	-10000	-9333	0	minecraft:badlands
5500	10000	-10000	-3500	-1900	-1100	500	4500	0	0	-10000	-9333	0	minecraft:desert
5500	10000	-10000	-3500	-1900	-1100	500	4500	10000	10000	-10000	-9333	0	minecraft:desert
5500	10000	-10000	-3500	-1100	10000	500	4500	0	0	-10000	-9333	0	minecraft:desert
5500	10000	-10000	-3500	-1100	10000	500	4500	10000	10000	-10000	-9333	0	minecraft:desert
5500	10000	-10000	-3500	-1900	-1100	4500	5500	0	0	-10000	-9333	0	minecraft:desert
5500	10000	-10000	-3500	-1900	-1100	4500	5500	10000	10000	-10000	-9333	0	minecraft:desert
5500	10000	-10000	-3500	-1100	300	4500	5500	0	0	-10000	-9333	0	minecraft:desert
5500	10000	-10000	-3500	-1100	300	4500	5500	10000	10000	-10000	-9333	0	minecraft:desert
5500	10000	-10000	-3500	300	10000	4500	5500	0	0	-10000	-9333	0	minecraft:desert
5500	10000	-10000	-3500	300	10000	4500	5500	10000	10000	-10000	-9333	0	minecraft:desert
5500	10000	-10000	-3500	-1900	-1100	5500	10000	0	0	-10000	-9333	0	minecraft:desert
5500	10000	-10000	-3500	-1900	-1100	5500	10000	10000	10000	-10000	-9333	0	minecraft:desert
5500	10000	-3500	-1000	-1100	10000	-10000	-7799	0	0	-10000	-9333	0	minecraft:badlands
5500	10000	-3500	-1000	-1100	10000	-10000	-7799	10000	10000	-10000	-9333	0	minecraft:badlands
5500	10000	-3500	-1000	-1100	3000	-7799	-3750	0	0	-10000	-9333	0	minecraft:badlands
5500	10000	-3500	-1000	-1100	3000	-7799	-3750	10000	10000	-10000	-9333	0	minecraft:badlands
5500	10000	-3500	-1000	3000	10000	-7799	-3750	0	0	-10000	-9333	0	minecraft:badlands
5500	10000	-3500	-1000	3000	10000	-7799	-3750	10000	10000	-10000	-9333	0	minecraft:badlands
5500	10000	-3500	-1000	-1100	300	-3750	-2225	0	0	-10000	-9333	0	minecraft:desert
5500	10000	-3500	-1000	-1100	300	-3750	-2225	10000	10000	-10000	-9333	0	minecraft:desert
5500	10000	-3500	-1000	300	3000	-3750	-2225	0	0	-10000	-9333	0	minecraft:badlands
5500	10000	-3500	-1000	300	3000	-3750	-2225	10000	10000	-10000	-9333	0	minecraft:badlands
5500	10000	-3500	-1000	3000	10000	-3750	-2225	0	0	-10000	-9333	0	minecraft:badlands
5500	10000	-3500	-1000	3000	10000	-3750	-2225	10000	10000	-10000	-9333	0	minecraft:badlands
5500	10000	-3500	-1000	-1900	300	-2225	500	0	0	-10000	-9333	0	minecraft:desert
5500	10000	-3500	-1000	-1900	300	-2225	500	10000	10000	-10000	-9333	0	minecraft:desert
5500	10000	-3500	-1000	300	10000	-2225	500	0	0	-10000	-9333	0	minecraft:badlands
5500	10000	-3500	-1000	300	10000	-2225	500	10000	10000	-10000	-9333	0	minecraft:badlands
5500	10000	-3500	-1000	-1900	-1100	500	4500	0	0	-10000	-9333	0	minecraft:desert
5500	10000	-3500	-1000	-1900	-1100	500	4500	10000	10000	-10000	-9333	0	minecraft:desert
5500	10000	-3500	-1000	-1100	10000	500	4500	0	0	-10000	-9333	0	minecraft:desert
5500	10000	-3500	-1000	-1100	10000	500	4500	10000	10000	-10000	-9333	0	minecraft:desert
5500	10000	-3500	-1000	-1900	-1100	4500	5500	0	0	-10000	-9333	0	minecraft:desert
5500	10000	-3500	-1000	-1900	-1100	4500	5500	10000	10000	-10000	-9333	0	minecraft:desert
5500	10000	-3500	-1000	-1100	300	4500	5500	0	0	-10000	-9333	0	minecraft:desert
5500	10000	-3500	-1000	-1100	300	4500	5500	10000	10000	-10000	-9333	0	minecraft:desert
5500	10000	-3500	-1000	300	10000	4500	5500	0	0	-10000	-9333	0	minecraft:desert
5500	10000	-3500	-1000	300	10000	4500	5500	10000	10000	-10000	-9333	0	minecraft:desert
5500	10000	-3500	-1000	-1900	-1100	5500	10000	0	0	-10000	-9333	0	minecraft:desert
5500	10000	-3500	-1000	-1900	-1100	5500	10000	10000	10000	-10000	-9333	0	minecraft:desert
5500	10000	-1000	1000	-1100	10000	-10000	-7799	0	0	-10000	-9333	0	minecraft:badlands
5500	10000	-1000	1000	-1100	10000	-10000	-7799	10000	10000	-10000	-9333	0	minecraft:badlands
5500	10000	-1000	1000	-1100	3000	-7799	-3750	0	0	-10000	-9333	0	minecraft:badlands
5500	10000	-1000	1000	-1100	3000	-7799	-3750	10000	10000	-10000	-9333	0	minecraft:badlands
5500	10000	-1000	1000	3000	10000	-7799	-3750	0	0	-10000	-9333	0	minecraft:badlands
5500	10000	-1000	1000	3000	10000	-7799	-3750	10000	10000	-10000	-9333	0	minecraft:badlands
5500	10000	-1000	1000	-1100	300	-3750	-2225	0	0	-10000	-9333	0	minecraft:desert
5500	10000	-1000	1000	-1100	300	-3750	-2225	10000	10000	-10000	-9333	0	minecraft:desert
5500	10000	-1000	1000	300	3000	-3750	-2225	0	0	-10000	-9333	0	minecraft:badlands
5500	10000	-1000	1000	300	3000	-3750	-2225	10000	10000	-10000	-9333	0	minecraft:badlands
5500	10000	-1000	1000	3000	10000	-3750	-2225	0	0	-10000	-9333	0	minecraft:badlands
5500	10000	-1000	1000	3000	10000	-3750	-2225	10000	10000	-10000	-9333	0	minecraft:badlands
5500	10000	-1000	1000	-1900	300	-2225	500	0	0	-10000	-9333	0	minecraft:desert
5500	10000	-1000	1000	-1900	300	-2225	500	10000	10000	-10000	-9333	0	minecraft:desert
5500	10000	-1000	1000	300	10000	-2225	500	0	0	-10000	-9333	0	minecraft:badlands
5500	10000	-1000	1000	300	10000	-2225	500	10000	10000	-10000	-9333	0	minecraft:badlands
5500	10000	-1000	1000	-1900	-1100	500	4500	0	0	-10000	-9333	0	minecraft:desert
5500	10000	-1000	1000	-1900	-1100	500	4500	10000	10000	-10000	-9333	0	minecraft:desert
5500	10000	-1000	1000	-1100	10000	500	4500	0	0	-10000	-9333	0	minecraft:desert
5500	10000	-1000	1000	-1100	10000	500	4500	10000	10000	-10000	-9333	0	minecraft:desert
5500	10000	-1000	1000	-1900	-1100	4500	5500	0	0	-10000	-9333	0	minecraft:desert
5500	10000	-1000	1000	-1900	-1100	4500	5500	10000	10000	-10000	-9333	0	minecraft:desert
5500	10000	-1000	1000	-1100	300	4500	5500	0	0	-10000	-9333	0	minecraft:desert
5500	10000	-1000	1000	-1100	300	4500	5500	10000	10000	-10000	-9333	0	minecraft:desert
5500	10000	-1000	1000	300	10000	4500	5500	0	0	-10000	-9333	0	minecraft:desert
5500	10000	-1000	1000	300	10000	4500	5500	10000	10000	-10000	-9333	0	minecraft:desert
5500	10000	-1000	1000	-1900	-1100	5500	10000	0	0	-10000	-9333	0	minecraft:desert
5500	10000	-1000	1000	-1900	-1100	5500	10000	10000	10000	-10000	-9333	0	minecraft:desert
5500	10000	1000	3000	-1100	10000	-10000	-7799	0	0	-10000	-9333	0	minecraft:wooded_badlands
5500	10000	1000	3000	-1100	10000	-10000	-7799	10000	10000	-10000	-9333	0	minecraft:wooded_badlands
5500	10000	1000	3000	-1100	3000	-7799	-3750	0	0	-10000	-9333	0	minecraft:wooded_badlands
5500	10000	1000	3000	-1100	3000	-7799	-3750	10000	10000	-10000	-9333	0	minecraft:wooded_badlands
5500	10000	1000	3000	3000	10000	-7799	-3750	0	0	-10000	-9333	0	minecraft:wooded_badlands
5500	10000	1000	3000	3000	10000	-7799	-3750	10000	10000	-10000	-9333	0	minecraft:wooded_badlands
5500	10000	1000	3000	-1100	300	-3750	-2225	0	0	-10000	-9333	0	minecraft:desert
5500	10000	1000	3000	-1100	300	-3750	-2225	10000	10000	-10000	-9333	0	minecraft:desert
5500	10000	1000	3000	300	3000	-3750	-2225	0	0	-10000	-9333	0	minecraft:wooded_badlands
5500	10000	1000	3000	300	3000	-3750	-2225	10000	10000	-10000	-9333	0	minecraft:wooded_badlands
5500	10000	1000	3000	3000	10000	-3750	-2225	0	0	-10000	-9333	0	minecraft:wooded_badlands
5500	10000	1000	3000	3000	10000	-3750	-2225	10000	10000	-10000	-9333	0	minecraft:wooded_badlands
5500	10000	1000	3000	-1900	300	-2225	500	0	0	-10000	-9333	0	minecraft:desert
5500	10000	1000	3000	-1900	300	-2225	500	10000	10000	-10000	-9333	0	minecraft:desert
5500	10000	1000	3000	300	10000	-2225	500	0	0	-10000	-9333	0	minecraft:wooded_badlands
5500	10000	1000	3000	300	10000	-2225	500	10000	10000	-10000	-9333	0	minecraft:wooded_badlands
5500	10000	1000	3000	-1900	-1100	500	4500	0	0	-10000	-9333	0	minecraft:desert
5500	10000	1000	3000	-1900	-1100	500	4500	10000	10000	-10000	-9333	0	minecraft:desert
5500	10000	1000	3000	-1100	10000	500	4500	0	0	-10000	-9333	0	minecraft:desert
5500	10000	1000	3000	-1100	10000	500	4500	10000	10000	-10000	-9333	0	minecraft:desert
5500	10000	1000	3000	-1900	-1100	4500	5500	0	0	-10000	-9333	0	minecraft:desert
5500	10000	1000	3000	-1900	-1100	4500	5500	10000	10000	-10000	-9333	0	minecraft:desert
5500	10000	1000	3000	-1100	300	4500	5500	0	0	-10000	-9333	0	minecraft:desert
5500	10000	1000	3000	-1100	300	4500	5500	10000	10000	-10000	-9333	0	minecraft:desert
5500	10000	1000	3000	300	10000	4500	5500	0	0	-10000	-9333	0	minecraft:desert
5500	10000	1000	3000	300	10000	4500	5500	10000	10000	-10000	-9333	0	minecraft:desert
5500	10000	1000	3000	-1900	-1100	5500	10000	0	0	-10000	-9333	0	minecraft:desert
5500	10000	1000	3000	-1900	-1100	5500	10000	10000	10000	-10000	-9333	0	minecraft:desert
5500	10000	3000	10000	-1100	10000	-10000	-7799	0	0	-10000	-9333	0	minecraft:wooded_badlands
5500	10000	3000	10000	-1100	10000	-10000	-7799	10000	10000	-10000	-9333	0	minecraft:wooded_badlands
5500	10000	3000	10000	-1100	3000	-7799	-3750	0	0	-10000	-9333	0	minecraft:wooded_badlands
5500	10000	3000	10000	-1100	3000	-7799	-3750	10000	10000	-10000	-9333	0	minecraft:wooded_badlands
5500	10000	3000	10000	3000	10000	-7799	-3750	0	0	-10000	-9333	0	minecraft:wooded_badlands
5500	10000	3000	10000	3000	10000	-7799	-3750	10000	10000	-10000	-9333	0	minecraft:wooded_badlands
5500	10000	3000	10000	-1100	300	-3750	-2225	0	0	-10000	-9333	0	minecraft:desert
5500	10000	3000	10000	-1100	300	-3750	-2225	10000	10000	-10000	-9333	0	minecraft:desert
5500	10000	3000	10000	300	3000	-3750	-2225	0	0	-10000	-9333	0	minecraft:wooded_badlands
5500	10000	3000	10000	300	3000	-3750	-2225	10000	10000	-10000	-9333	0	minecraft:wooded_badlands
5500	10000	3000	10000	3000	10000	-3750	-2225	0	0	-10000	-9333	0	minecraft:wooded_badlands
5500	10000	3000	10000	3000	10000	-3750	-2225	10000	10000	-10000	-9333	0	minecraft:wooded_badlands
5500	10000	3000	10000	-1900	300	-2225	500	0	0	-10000	-9333	0	minecraft:desert
5500	10000	3000	10000	-1900	300	-2225	500	10000	10000	-10000	-9333	0	minecraft:desert
5500	10000	3000	10000	300	10000	-2225	500	0	0	-10000	-9333	0	minecraft:wooded_badlands
5500	10000	3000	10000	300	10000	-2225	500	10000	10000	-10000	-9333	0	minecraft:wooded_badlands
5500	10000	3000	10000	-1900	-1100	500	4500	0	0	-10000	-9333	0	minecraft:desert
5500	10000	3000	10000	-1900	-1100	500	4500	10000	10000	-10000	-9333	0	minecraft:desert
5500	10000	3000	10000	-1100	10000	500	4500	0	0	-10000	-9333	0	minecraft:desert
5500	10000	3000	10000	-1100	10000	500	4500	10000	10000	-10000	-9333	0	minecraft:desert
5500	10000	3000	10000	-1900	-1100	4500	5500	0	0	-10000	-9333	0	minecraft:desert
5500	10000	3000	10000	-1900	-1100	4500	5500	10000	10000	-10000	-9333	0	minecraft:desert
5500	10000	3000	10000	-1100	300	4500	5500	0	0	-10000	-9333	0	minecraft:desert
5500	10000	3000	10000	-1100	300	4500	5500	10000	10000	-10000	-9333	0	minecraft:desert
5500	10000	3000	10000	300	10000	4500	5500	0	0	-10000	-9333	0	minecraft:desert
5500	10000	3000	10000	300	10000	4500	5500	10000	10000	-10000	-9333	0	minecraft:desert
5500	10000	3000	10000	-1900	-1100	5500	10000	0	0	-10000	-9333	0	minecraft:desert
5500	10000	3000	10000	-1900	-1100	5500	10000	10000	10000	-10000	-9333	0	minecraft:desert
-10000	-4500	-10000	-3500	-1900	-1100	-10000	-3750	0	0	-9333	-7666	0	minecraft:snowy_plains
-10000	-4500	-10000	-3500	-1900	-1100	-10000	-3750	10000	10000	-9333	-7666	0	minecraft:snowy_plains
-10000	-4500	-10000	-3500	-1100	300	-10000	-7799	0	0	-9333	-7666	0	minecraft:snowy_slopes
-10000	-4500	-10000	-3500	-1100	300	-10000	-7799	10000	10000	-9333	-7666	0	minecraft:snowy_slopes
-10000	-4500	-10000	-3500	300	10000	-10000	-7799	0	0	-9333	-7666	0	minecraft:jagged_peaks
-10000	-4500	-10000	-3500	300	10000	-10000	-7799	10000	10000	-9333	-7666	0	minecraft:jagged_peaks
-10000	-4500	-10000	-3500	-1100	300	-7799	-3750	0	0	-9333	-7666	0	minecraft:snowy_slopes
-10000	-4500	-10000	-3500	-1100	300	-7799	-3750	10000	10000	-9333	-7666	0	minecraft:snowy_slopes
-10000	-4500	-10000	-3500	300	10000	-7799	-3750	0	0	-9333	-7666	0	minecraft:snowy_slopes
-10000	-4500	-10000	-3500	300	10000	-7799	-3750	10000	10000	-9333	-7666	0	minecraft:snowy_slopes
-10000	-4500	-10000	-3500	-1900	300	-3750	500	0	0	-9333	-7666	0	minecraft:snowy_plains
-10000	-4500	-10000	-3500	-1900	300	-3750	500	10000	10000	-9333	-7666	0	minecraft:snowy_plains
-10000	-4500	-10000	-3500	300	10000	-3750	-2225	0	0	-9333	-7666	0	minecraft:snowy_plains
-10000	-4500	-10000	-3500	300	10000	-3750	-2225	10000	10000	-9333	-7666	0	minecraft:snowy_plains
-10000	-4500	-10000	-3500	300	3000	-2225	500	0	0	-9333	-7666	0	minecraft:snowy_plains
-10000	-4500	-10000	-3500	300	3000	-2225	500	10000	10000	-9333	-7666	0	minecraft:snowy_plains
-10000	-4500	-10000	-3500	3000	10000	-2225	500	0	0	-9333	-7666	0	minecraft:snowy_plains
-10000	-4500	-10000	-3500	3000	10000	-2225	500	10000	10000	-9333	-7666	0	minecraft:snowy_plains
-10000	-4500	-10000	-3500	-1900	10000	500	4500	0	0	-9333	-7666	0	minecraft:snowy_plains
-10000	-4500	-10000	-3500	-1900	10000	500	4500	10000	10000	-9333	-7666	0	minecraft:snowy_plains
-10000	-4500	-10000	-3500	-1900	300	4500	5500	0	0	-9333	-7666	0	minecraft:snowy_plains
-10000	-4500	-10000	-3500	-1900	300	4500	5500	10000	10000	-9333	-7666	0	minecraft:snowy_plains
-10000	-4500	-10000	-3500	300	10000	4500	5500	0	0	-9333	-7666	0	minecraft:windswept_gravelly_hills
-10000	-4500	-10000	-3500	300	10000	4500	5500	10000	10000	-9333	-7666	0	minecraft:windswept_gravelly_hills
-10000	-4500	-10000	-3500	-1900	10000	5500	10000	0	0	-9333	-7666	0	minecraft:snowy_plains
-10000	-4500	-10000	-3500	-1900	10000	5500	10000	10000	10000	-9333	-7666	0	minecraft:snowy_plains
-10000	-4500	-3500	-1000	-1900	-1100	-10000	-3750	0	0	-9333	-7666	0	minecraft:snowy_plains
-10000	-4500	-3500	-1000	-1900	-1100	-10000	-3750	10000	10000	-9333	-7666	0	minecraft:snowy_plains
-10000	-4500	-3500	-1000	-1100	300	-10000	-7799	0	0	-9333	-7666	0	minecraft:snowy_slopes
-10000	-4500	-3500	-1000	-1100	300	-10000	-7799	10000	10000	-9333	-7666	0	minecraft:snowy_slopes
-10000	-4500	-3500	-1000	300	10000	-10000	-7799	0	0	-9333	-7666	0	minecraft:jagged_peaks
-10000	-4500	-3500	-1000	300	10000	-10000	-7799	10000	10000	-9333	-7666	0	minecraft:jagged_peaks
-10000	-4500	-3500	-1000	-1100	300	-7799	-3750	0	0	-9333	-7666	0	minecraft:snowy_slopes
-10000	-4500	-3500	-1000	-1100	300	-7799	-3750	10000	10000	-9333	-7666	0	minecraft:snowy_slopes
-10000	-4500	-3500	-1000	300	10000	-7799	-3750	0	0	-9333	-7666	0	minecraft:snowy_slopes
-10000	-4500	-3500	-1000	300	10000	-7799	-3750	10000	10000	-9333	-7666	0	minecraft:snowy_slopes
-10000	-4500	-3500	-1000	-1900	300	-3750	500	0	0	-9333	-7666	0	minecraft:snowy_plains
-10000	-4500	-3500	-1000	-1900	300	-3750	500	10000	10000	-9333	-7666	0	minecraft:snowy_plains
-10000	-4500	-3500	-1000	300	10000	-3750	-2225	0	0	-9333	-7666	0	minecraft:snowy_plains
-10000	-4500	-3500	-1000	300	10000	-3750	-2225	10000	10000	-9333	-7666	0	minecraft:snowy_plains
-10000	-4500	-3500	-1000	300	3000	-2225	500	0	0	-9333	-7666	0	minecraft:snowy_plains
-10000	-4500	-3500	-1000	300	3000	-2225	500	10000	10000	-9333	-7666	0	minecraft:snowy_plains
-10000	-4500	-3500	-1000	3000	10000	-2225	500	0	0	-9333	-7666	0	minecraft:snowy_plains
-10000	-4500	-3500	-1000	3000	10000	-2225	500	10000	10000	-9333	-7666	0	minecraft:snowy_plains
-10000	-4500	-3500	-1000	-1900	10000	500	4500	0	0	-9333	-7666	0	minecraft:snowy_plains
-10000	-4500	-3500	-1000	-1900	10000	500	4500	10000	10000	-9333	-7666	0	minecraft:snowy_plains
-10000	-4500	-3500	-1000	-1900	300	4500	5500	0	0	-9333	-7666	0	minecraft:snowy_plains
-10000	-4500	-3500	-1000	-1900	300	4500	5500	10000	10000	-9333	-7666	0	minecraft:snowy_plains
-10000	-4500	-3500	-1000	300	10000	4500	5500	0	0	-9333	-7666	0	minecraft:windswept_gravelly_hills
-10000	-4500	-3500	-1000	300	10000	4500	5500	10000	10000	-9333	-7666	0	minecraft:windswept_gravelly_hills
-10000	-4500	-3500	-1000	-1900	10000	5500	10000	0	0	-9333	-7666	0	minecraft:snowy_plains
-10000	-4500	-3500	-1000	-1900	10000	5500	10000	10000	10000	-9333	-7666	0	minecraft:snowy_plains
-10000	-4500	-1000	1000	-1900	-1100	-10000	-3750	0	0	-9333	-7666	0	minecraft:snowy_plains
-10000	-4500	-1000	1000	-1900	-1100	-10000	-3750	10000	10000	-9333	-7666	0	minecraft:snowy_plains
-10000	-4500	-1000	1000	-1100	300	-10000	-7799	0	0	-9333	-7666	0	minecraft:grove
-10000	-4500	-1000	1000	-1100	300	-10000	-7799	10000	10000	-9333	-7666	0	minecraft:grove
-10000	-4500	-1000	1000	300	10000	-10000	-7799	0	0	-9333	-7666	0	minecraft:jagged_peaks
-10000	-4500	-1000	1000	300	10000	-10000	-7799	10000	10000	-9333	-7666	0	minecraft:jagged_peaks
-10000	-4500	-1000	1000	-1100	300	-7799	-3750	0	0	-9333	-7666	0	minecraft:grove
-10000	-4500	-1000	1000	-1100	300	-7799	-3750	10000	10000	-9333	-7666	0	minecraft:grove
-10000	-4500	-1000	1000	300	10000	-7799	-3750	0	0	-9333	-7666	0	minecraft:grove
-10000	-4500	-1000	1000	300	10000	-7799	-3750	10000	10000	-9333	-7666	0	minecraft:grove
-10000	-4500	-1000	1000	-1900	300	-3750	500	0	0	-9333	-7666	0	minecraft:snowy_plains
-10000	-4500	-1000	1000	-1900	300	-3750	500	10000	10000	-9333	-7666	0	minecraft:snowy_plains
-10000	-4500	-1000	1000	300	10000	-3750	-2225	0	0	-9333	-7666	0	minecraft:snowy_plains
-10000	-4500	-1000	1000	300	10000	-3750	-2225	10000	10000	-9333	-7666	0	minecraft:snowy_plains
-10000	-4500	-1000	1000	300	3000	-2225	500	0	0	-9333	-7666	0	minecraft:snowy_plains
-10000	-4500	-1000	1000	300	3000	-2225	500	10000	10000	-9333	-7666	0	minecraft:snowy_plains
-10000	-4500	-1000	1000	3000	10000	-2225	500	0	0	-9333	-7666	0	minecraft:snowy_plains
-10000	-4500	-1000	1000	3000	10000	-2225	500	10000	10000	-9333	-7666	0	minecraft:snowy_plains
-10000	-4500	-1000	1000	-1900	10000	500	4500	0	0	-9333	-7666	0	minecraft:snowy_plains
-10000	-4500	-1000	1000	-1900	10000	500	4500	10000	10000	-9333	-7666	0	minecraft:snowy_plains
-10000	-4500	-1000	1000	-1900	300	4500	5500	0	0	-9333	-7666	0	minecraft:snowy_plains
-10000	-4500	-1000	1000	-1900	300	4500	5500	10000	10000	-9333	-7666	0	minecraft:snowy_plains
-10000	-4500	-1000	1000	300	10000	4500	5500	0	0	-9333	-7666	0	minecraft:windswept_hills
-10000	-4500	-1000	1000	300	10000	4500	5500	10000	10000	-9333	-7666	0	minecraft:windswept_hills
-10000	-4500	-1000	1000	-1900	10000	5500	10000	0	0	-9333	-7666	0	minecraft:snowy_plains
-10000	-4500	-1000	1000	-1900	10000	5500	10000	10000	10000	-9333	-7666	0	minecraft:snowy_plains
-10000	-4500	1000	3000	-1900	-1100	-10000	-3750	0	0	-9333	-7666	0	minecraft:snowy_taiga
-10000	-4500	1000	3000	-1900	-1100	-10000	-3750	10000	10000	-9333	-7666	0	minecraft:snowy_taiga
-10000	-4500	1000	3000	-1100	300	-10000	-7799	0	0	-9333	-7666	0	minecraft:grove
-10000	-4500	1000	3000	-1100	300	-10000	-7799	10000	10000	-9333	-7666	0	minecraft:grove
-10000	-4500	1000	3000	300	10000	-10000	-7799	0	0	-9333	-7666	0	minecraft:jagged_peaks
-10000	-4500	1000	3000	300	10000	-10000	-7799	10000	10000	-9333	-7666	0	minecraft:jagged_peaks
-10000	-4500	1000	3000	-1100	300	-7799	-3750	0	0	-9333	-7666	0	minecraft:grove
-10000	-4500	1000	3000	-1100	300	-7799	-3750	10000	10000	-9333	-7666	0	minecraft:grove
-10000	-4500	1000	3000	300	10000	-7799	-3750	0	0	-9333	-7666	0	minecraft:grove
-10000	-4500	1000	3000	300	10000	-7799	-3750	10000	10000	-9333	-7666	0	minecraft:grove
-10000	-4500	1000	3000	-1900	300	-3750	500	0	0	-9333	-7666	0	minecraft:snowy_taiga
-10000	-4500	1000	3000	-1900	300	-3750	500	10000	10000	-9333	-7666	0	minecraft:snowy_taiga
-10000	-4500	1000	3000	300	10000	-3750	-2225	0	0	-9333	-7666	0	minecraft:snowy_taiga
-10000	-4500	1000	3000	300	10000	-3750	-2225	10000	10000	-9333	-7666	0	minecraft:snowy_taiga
-10000	-4500	1000	3000	300	3000	-2225	500	0	0	-9333	-7666	0	minecraft:snowy_taiga
-10000	-4500	1000	3000	300	3000	-2225	500	10000	10000	-9333	-7666	0	minecraft:snowy_taiga
-10000	-4500	1000	3000	3000	10000	-2225	500	0	0	-9333	-7666	0	minecraft:snowy_taiga
-10000	-4500	1000	3000	3000	10000	-2225	500	10000	10000	-9333	-7666	0	minecraft:snowy_taiga
-10000	-4500	1000	3000	-1900	10000	500	4500	0	0	-9333	-7666	0	minecraft:snowy_taiga
-10000	-4500	1000	3000	-1900	10000	500	4500	10000	10000	-9333	-7666	0	minecraft:snowy_taiga
-10000	-4500	1000	3000	-1900	300	4500	5500	0	0	-9333	-7666	0	minecraft:snowy_taiga
-10000	-4500	1000	3000	-1900	300	4500	5500	10000	10000	-9333	-7666	0	minecraft:snowy_taiga
-10000	-4500	1000	3000	300	10000	4500	5500	0	0	-9333	-7666	0	minecraft:windswept_forest
-10000	-4500	1000	3000	300	10000	4500	5500	10000	10000	-9333	-7666	0	minecraft:windswept_forest
-10000	-4500	1000	3000	-1900	10000	5500	10000	0	0	-9333	-7666	0	minecraft:snowy_taiga
-10000	-4500	1000	3000	-1900	10000	5500	10000	10000	10000	-9333	-7666	0	minecraft:snowy_taiga
-10000	-4500	3000	10000	-1900	-1100	-10000	-3750	0	0	-9333	-7666	0	minecraft:taiga
-10000	-4500	3000	10000	-1900	-1100	-10000	-3750	10000	10000	-9333	-7666	0	minecraft:taiga
-10000	-4500	3000	10000	-1100	300	-10000	-7799	0	0	-9333	-7666	0	minecraft:grove
-10000	-4500	3000	10000	-1100	300	-10000	-7799	10000	10000	-9333	-7666	0	minecraft:grove
-10000	-4500	3000	10000	300	10000	-10000	-7799	0	0	-9333	-7666	0	minecraft:jagged_peaks
-10000	-4500	3000	10000	300	10000	-10000	-7799	10000	10000	-9333	-7666	0	minecraft:jagged_peaks
-10000	-4500	3000	10000	-1100	300	-7799	-3750	0	0	-9333	-7666	0	minecraft:grove
-10000	-4500	3000	10000	-1100	300	-7799	-3750	10000	10000	-9333	-7666	0	minecraft:grove
-10000	-4500	3000	10000	300	10000	-7799	-3750	0	0	-9333	-7666	0	minecraft:grove
-10000	-4500	3000	10000	300	10000	-7799	-3750	10000	10000	-9333	-7666	0	minecraft:grove
-10000	-4500	3000	10000	-1900	300	-3750	500	0	0	-9333	-7666	0	minecraft:taiga
-10000	-4500	3000	10000	-1900	300	-3750	500	10000	10000	-9333	-7666	0	minecraft:taiga
-10000	-4500	3000	10000	300	10000	-3750	-2225	0	0	-9333	-7666	0	minecraft:snowy_taiga
-10000	-4500	3000	10000	300	10000	-3750	-2225	10000	10000	-9333	-7666	0	minecraft:snowy_taiga
-10000	-4500	3000	10000	300	3000	-2225	500	0	0	-9333	-7666	0	minecraft:taiga
-10000	-4500	3000	10000	300	3000	-2225	500	10000	10000	-9333	-7666	0	minecraft:taiga
-10000	-4500	3000	10000	3000	10000	-2225	500	0	0	-9333	-7666	0	minecraft:snowy_taiga
-10000	-4500	3000	10000	3000	10000	-2225	500	10000	10000	-9333	-7666	0	minecraft:snowy_taiga
-10000	-4500	3000	10000	-1900	10000	500	4500	0	0	-9333	-7666	0	minecraft:taiga
-10000	-4500	3000	10000	-1900	10000	500	4500	10000	10000	-9333	-7666	0	minecraft:taiga
-10000	-4500	3000	10000	-1900	300	4500	5500	0	0	-9333	-7666	0	minecraft:taiga
-10000	-4500	3000	10000	-1900	300	4500	5500	10000	10000	-9333	-7666	0	minecraft:taiga
-10000	-4500	3000	10000	300	10000	4500	5500	0	0	-9333	-7666	0	minecraft:windswept_forest
-10000	-4500	3000	10000	300	10000	4500	5500	10000	10000	-9333	-7666	0	minecraft:windswept_forest
-10000	-4500	3000	10000	-1900	10000	5500	10000	0	0	-9333	-7666	0	minecraft:taiga
-10000	-4500	3000	10000	-1900	10000	5500	10000	10000	10000	-9333	-7666	0	minecraft:taiga
-4500	-1500	-10000	-3500	-1900	-1100	-10000	-3750	0	0	-9333	-7666	0	minecraft:plains
-4500	-1500	-10000	-3500	-1900	-1100	-10000	-3750	10000	10000	-9333	-7666	0	minecraft:plains
-4500	-1500	-10000	-3500	-1100	300	-10000	-7799	0	0	-9333	-7666	0	minecraft:snowy_slopes
-4500	-1500	-10000	-3500	-1100	300	-10000	-7799	10000	10000	-9333	-7666	0	minecraft:snowy_slopes
-4500	-1500	-10000	-3500	300	10000	-10000	-7799	0	0	-9333	-7666	0	minecraft:jagged_peaks
-4500	-1500	-10000	-3500	300	10000	-10000	-7799	10000	10000	-9333	-7666	0	minecraft:jagged_peaks
-4500	-1500	-10000	-3500	-1100	300	-7799	-3750	0	0	-9333	-7666	0	minecraft:plains
-4500	-1500	-10000	-3500	-1100	300	-7799	-3750	10000	10000	-9333	-7666	0	minecraft:plains
-4500	-1500	-10000	-3500	300	10000	-7799	-3750	0	0	-9333	-7666	0	minecraft:snowy_slopes
-4500	-1500	-10000	-3500	300	10000	-7799	-3750	10000	10000	-9333	-7666	0	minecraft:snowy_slopes
-4500	-1500	-10000	-3500	-1900	300	-3750	500	0	0	-9333	-7666	0	minecraft:plains
-4500	-1500	-10000	-3500	-1900	300	-3750	500	10000	10000	-9333	-7666	0	minecraft:plains
-4500	-1500	-10000	-3500	300	10000	-3750	-2225	0	0	-9333	-7666	0	minecraft:meadow
-4500	-1500	-10000	-3500	300	10000	-3750	-2225	10000	10000	-9333	-7666	0	minecraft:meadow
-4500	-1500	-10000	-3500	300	3000	-2225	500	0	0	-9333	-7666	0	minecraft:plains
-4500	-1500	-10000	-3500	300	3000	-2225	500	10000	10000	-9333	-7666	0	minecraft:plains
-4500	-1500	-10000	-3500	3000	10000	-2225	500	0	0	-9333	-7666	0	minecraft:meadow
-4500	-1500	-10000	-3500	3000	10000	-2225	500	10000	10000	-9333	-7666	0	minecraft:meadow
-4500	-1500	-10000	-3500	-1900	10000	500	4500	0	0	-9333	-7666	0	minecraft:plains
-4500	-1500	-10000	-3500	-1900	10000	500	4500	10000	10000	-9333	-7666	0	minecraft:plains
-4500	-1500	-10000	-3500	-1900	300	4500	5500	0	0	-9333	-7666	0	minecraft:plains
-4500	-1500	-10000	-3500	-1900	300	4500	5500	10000	10000	-9333	-7666	0	minecraft:plains
-4500	-1500	-10000	-3500	300	10000	4500	5500	0	0	-9333	-7666	0	minecraft:windswept_gravelly_hills
-4500	-1500	-10000	-3500	300	10000	4500	5500	10000	10000	-9333	-7666	0	minecraft:windswept_gravelly_hills
-4500	-1500	-10000	-3500	-1900	10000	5500	10000	0	0	-9333	-7666	0	minecraft:plains
-4500	-1500	-10000	-3500	-1900	10000	5500	10000	10000	10000	-9333	-7666	0	minecraft:plains
-4500	-1500	-3500	-1000	-1900	-1100	-10000	-3750	0	0	-9333	-7666	0	minecraft:plains
-4500	-1500	-3500	-1000	-1900	-1100	-10000	-3750	10000	10000	-9333	-7666	0	minecraft:plains
-4500	-1500	-3500	-1000	-1100	300	-10000	-7799	0	0	-9333	-7666	0	minecraft:snowy_slopes
-4500	-1500	-3500	-1000	-1100	300	-10000	-7799	10000	10000	-9333	-7666	0	minecraft:snowy_slopes
-4500	-1500	-3500	-1000	300	10000	-10000	-7799	0	0	-9333	-7666	0	minecraft:jagged_peaks
-4500	-1500	-3500	-1000	300	10000	-10000	-7799	10000	10000	-9333	-7666	0	minecraft:jagged_peaks
-4500	-1500	-3500	-1000	-1100	300	-7799	-3750	0	0	-9333	-7666	0	minecraft:plains
-4500	-1500	-3500	-1000	-1100	300	-7799	-3750	10000	10000	-9333	-7666	0	minecraft:plains
-4500	-1500	-3500	-1000	300	10000	-7799	-3750	0	0	-9333	-7666	0	minecraft:snowy_slopes
-4500	-1500	-3500	-1000	300	10000	-7799	-3750	10000	10000	-9333	-7666	0	minecraft:snowy_slopes
-4500	-1500	-3500	-1000	-1900	300	-3750	500	0	0	-9333	-7666	0	minecraft:plains
-4500	-1500	-3500	-1000	-1900	300	-3750	500	10000	10000	-9333	-7666	0	minecraft:plains
-4500	-1500	-3500	-1000	300	10000	-3750	-2225	0	0	-9333	-7666	0	minecraft:meadow
-4500	-1500	-3500	-1000	300	10000	-3750	-2225	10000	10000	-9333	-7666	0	minecraft:meadow
-4500	-1500	-3500	-1000	300	3000	-2225	500	0	0	-9333	-7666	0	minecraft:plains
-4500	-1500	-3500	-1000	300	3000	-2225	500	10000	10000	-9333	-7666	0	minecraft:plains
-4500	-1500	-3500	-1000	3000	10000	-2225	500	0	0	-9333	-7666	0	minecraft:meadow
-4500	-1500	-3500	-1000	3000	10000	-2225	500	10000	10000	-9333	-7666	0	minecraft:meadow
-4500	-1500	-3500	-1000	-1900	10000	500	4500	0	0	-9333	-7666	0	minecraft:plains
-4500	-1500	-3500	-1000	-1900	10000	500	4500	10000	10000	-9333	-7666	0	minecraft:plains
-4500	-1500	-3500	-1000	-1900	300	4500	5500	0	0	-9333	-7666	0	minecraft:plains
-4500	-1500	-3500	-1000	-1900	300	4500	5500	10000	10000	-9333	-7666	0	minecraft:plains
-4500	-1500	-3500	-1000	300	10000	4500	5500	0	0	-9333	-7666	0	minecraft:windswept_gravelly_hills
-4500	-1500	-3500	-1000	300	10000	4500	5500	10000	10000	-9333	-7666	0	minecraft:windswept_gravelly_hills
-4500	-1500	-3500	-1000	-1900	10000	5500	10000	0	0	-9333	-7666	0	minecraft:plains
-4500	-1500	-3500	-1000	-1900	10000	5500	10000	10000	10000	-9333	-7666	0	minecraft:plains
-4500	-1500	-1000	1000	-1900	-1100	-10000	-3750	0	0	-9333	-7666	0	minecraft:forest
-4500	-1500	-1000	1000	-1900	-1100	-10000	-3750	10000	10000	-9333	-7666	0	minecraft:forest
-4500	-1500	-1000	1000	-1100	300	-10000	-7799	0	0	-9333	-7666	0	minecraft:grove
-4500	-1500	-1000	1000	-1100	300	-10000	-7799	10000	10000	-9333	-7666	0	minecraft:grove
-4500	-1500	-1000	1000	300	10000	-10000	-7799	0	0	-9333	-7666	0	minecraft:jagged_peaks
-4500	-1500	-1000	1000	300	10000	-10000	-7799	10000	10000	-9333	-7666	0	minecraft:jagged_peaks
-4500	-1500	-1000	1000	-1100	300	-7799	-3750	0	0	-9333	-7666	0	minecraft:forest
-4500	-1500	-1000	1000	-1100	300	-7799	-3750	10000	10000	-9333	-7666	0	minecraft:forest
-4500	-1500	-1000	1000	300	10000	-7799	-3750	0	0	-9333	-7666	0	minecraft:grove
-4500	-1500	-1000	1000	300	10000	-7799	-3750	10000	10000	-9333	-7666	0	minecraft:grove
-4500	-1500	-1000	1000	-1900	300	-3750	500	0	0	-9333	-7666	0	minecraft:forest
-4500	-1500	-1000	1000	-1900	300	-3750	500	10000	10000	-9333	-7666	0	minecraft:forest
-4500	-1500	-1000	1000	300	10000	-3750	-2225	0	0	-9333	-7666	0	minecraft:forest
-4500	-1500	-1000	1000	300	10000	-3750	-2225	10000	10000	-9333	-7666	0	minecraft:forest
-4500	-1500	-1000	1000	300	3000	-2225	500	0	0	-9333	-7666	0	minecraft:forest
-4500	-1500	-1000	1000	300	3000	-2225	500	10000	10000	-9333	-7666	0	minecraft:forest
-4500	-1500	-1000	1000	3000	10000	-2225	500	0	0	-9333	-7666	0	minecraft:forest
-4500	-1500	-1000	1000	3000	10000	-2225	500	10000	10000	-9333	-7666	0	minecraft:forest
-4500	-1500	-1000	1000	-1900	10000	500	4500	0	0	-9333	-7666	0	minecraft:forest
-4500	-1500	-1000	1000	-1900	10000	500	4500	10000	10000	-9333	-7666	0	minecraft:forest
-4500	-1500	-1000	1000	-1900	300	4500	5500	0	0	-9333	-7666	0	minecraft:forest
-4500	-1500	-1000	1000	-1900	300	4500	5500	10000	10000	-9333	-7666	0	minecraft:forest
-4500	-1500	-1000	1000	300	10000	4500	5500	0	0	-9333	-7666	0	minecraft:windswept_hills
-4500	-1500	-1000	1000	300	10000	4500	5500	10000	10000	-9333	-7666	0	minecraft:windswept_hills
-4500	-1500	-1000	1000	-1900	10000	5500	10000	0	0	-9333	-7666	0	minecraft:forest
-4500	-1500	-1000	1000	-1900	10000	5500	10000	10000	10000	-9333	-7666	0	minecraft:forest
-4500	-1500	1000	3000	-1900	-1100	-10000	-3750	0	0	-9333	-7666	0	minecraft:taiga
-4500	-1500	1000	3000	-1900	-1100	-10000	-3750	10000	10000	-9333	-7666	0	minecraft:taiga
-4500	-1500	1000	3000	-1100	300	-10000	-7799	0	0	-9333	-7666	0	minecraft:grove
-4500	-1500	1000	3000	-1100	300	-10000	-7799	10000	10000	-9333	-7666	0	minecraft:grove
-4500	-1500	1000	3000	300	10000	-10000	-7799	0	0	-9333	-7666	0	minecraft:jagged_peaks
-4500	-1500	1000	3000	300	10000	-10000	-7799	10000	10000	-9333	-7666	0	minecraft:jagged_peaks
-4500	-1500	1000	3000	-1100	300	-7799	-3750	0	0	-9333	-7666	0	minecraft:taiga
-4500	-1500	1000	3000	-1100	300	-7799	-3750	10000	10000	-9333	-7666	0	minecraft:taiga
-4500	-1500	1000	3000	300	10000	-7799	-3750	0	0	-9333	-7666	0	minecraft:grove
-4500	-1500	1000	3000	300	10000	-7799	-3750	10000	10000	-9333	-7666	0	minecraft:grove
-4500	-1500	1000	3000	-1900	300	-3750	500	0	0	-9333	-7666	0	minecraft:taiga
-4500	-1500	1000	3000	-1900	300	-3750	500	10000	10000	-9333	-7666	0	minecraft:taiga
-4500	-1500	1000	3000	300	10000	-3750	-2225	0	0	-9333	-7666	0	minecraft:taiga
-4500	-1500	1000	3000	300	10000	-3750	-2225	10000	10000	-9333	-7666	0	minecraft:taiga
-4500	-1500	1000	3000	300	3000	-2225	500	0	0	-9333	-7666	0	minecraft:taiga
-4500	-1500	1000	3000	300	3000	-2225	500	10000	10000	-9333	-7666	0	minecraft:taiga
-4500	-1500	1000	3000	3000	10000	-2225	500	0	0	-9333	-7666	0	minecraft:taiga
-4500	-1500	1000	3000	3000	10000	-2225	500	10000	10000	-9333	-7666	0	minecraft:taiga
-4500	-1500	1000	3000	-1900	10000	500	4500	0	0	-9333	-7666	0	minecraft:taiga
-4500	-1500	1000	3000	-1900	10000	500	4500	10000	10000	-9333	-7666	0	minecraft:taiga
-4500	-1500	1000	3000	-1900	300	4500	5500	0	0	-9333	-7666	0	minecraft:taiga
-4500	-1500	1000	3000	-1900	300	4500	5500	10000	10000	-9333	-7666	0	minecraft:taiga
-4500	-1500	1000	3000	300	10000	4500	5500	0	0	-9333	-7666	0	minecraft:windswept_forest
-4500	-1500	1000	3000	300	10000	4500	5500	10000	10000	-9333	-7666	0	minecraft:windswept_forest
-4500	-1500	1000	3000	-1900	10000	5500	10000	0	0	-9333	-7666	0	minecraft:taiga
-4500	-1500	1000	3000	-1900	10000	5500	10000	10000	10000	-9333	-7666	0	minecraft:taiga
-4500	-1500	3000	10000	-1900	-1100	-10000	-3750	0	0	-9333	-7666	0	minecraft:old_growth_spruce_taiga
-4500	-1500	3000	10000	-1900	-1100	-10000	-3750	10000	10000	-9333	-7666	0	minecraft:old_growth_spruce_taiga
-4500	-1500	3000	10000	-1100	300	-10000	-7799	0	0	-9333	-7666	0	minecraft:grove
-4500	-1500	3000	10000	-1100	300	-10000	-7799	10000	10000	-9333	-7666	0	minecraft:grove
-4500	-1500	3000	10000	300	10000	-10000	-7799	0	0	-9333	-7666	0	minecraft:jagged_peaks
-4500	-1500	3000	10000	300	10000	-10000	-7799	10000	10000	-9333	-7666	0	minecraft:jagged_peaks
-4500	-1500	3000	10000	-1100	300	-7799	-3750	0	0	-9333	-7666	0	minecraft:old_growth_spruce_taiga
-4500	-1500	3000	10000	-1100	300	-7799	-3750	10000	10000	-9333	-7666	0	minecraft:old_growth_spruce_taiga
-4500	-1500	3000	10000	300	10000	-7799	-3750	0	0	-9333	-7666	0	minecraft:grove
-4500	-1500	3000	10000	300	10000	-7799	-3750	10000	10000	-9333	-7666	0	minecraft:grove
-4500	-1500	3000	10000	-1900	300	-3750	500	0	0	-9333	-7666	0	minecraft:old_growth_spruce_taiga
-4500	-1500	3000	10000	-1900	300	-3750	500	10000	10000	-9333	-7666	0	minecraft:old_growth_spruce_taiga
-4500	-1500	3000	10000	300	10000	-3750	-2225	0	0	-9333	-7666	0	minecraft:old_growth_spruce_taiga
-4500	-1500	3000	10000	300	10000	-3750	-2225	10000	10000	-9333	-7666	0	minecraft:old_growth_spruce_taiga
-4500	-1500	3000	10000	300	3000	-2225	500	0	0	-9333	-7666	0	minecraft:old_growth_spruce_taiga
-4500	-1500	3000	10000	300	3000	-2225	500	10000	10000	-9333	-7666	0	minecraft:old_growth_spruce_taiga
-4500	-1500	3000	10000	3000	10000	-2225	500	0	0	-9333	-7666	0	minecraft:old_growth_spruce_taiga
-4500	-1500	3000	10000	3000	10000	-2225	500	10000	10000	-9333	-7666	0	minecraft:old_growth_spruce_taiga
-4500	-1500	3000	10000	-1900	10000	500	4500	0	0	-9333	-7666	0	minecraft:old_growth_spruce_taiga
-4500	-1500	3000	10000	-1900	10000	500	4500	10000	10000	-9333	-7666	0	minecraft:old_growth_spruce_taiga
-4500	-1500	3000	10000	-1900	300	4500	5500	0	0	-9333	-7666	0	minecraft:old_growth_spruce_taiga
-4500	-1500	3000	10000	-1900	300	4500	5500	10000	10000	-9333	-7666	0	minecraft:old_growth_spruce_taiga
-4500	-1500	3000	10000	300	10000	4500	5500	0	0	-9333	-7666	0	minecraft:windswept_forest
-4500	-1500	3000	10000	300	10000	4500	5500	10000	10000	-9333	-7666	0	minecraft:windswept_forest
-4500	-1500	3000	10000	-1900	10000	5500	10000	0	0	-9333	-7666	0	minecraft:old_growth_spruce_taiga
-4500	-1500	3000	10000	-1900	10000	5500	10000	10000	10000	-9333	-7666	0	minecraft:old_growth_spruce_taiga
-1500	2000	-10000	-3500	-1900	-1100	-10000	-3750	0	0	-9333	-7666	0	minecraft:flower_forest
-1500	2000	-10000	-3500	-1900	-1100	-10000	-3750	10000	10000	-9333	-7666	0	minecraft:flower_forest
-1500	2000	-10000	-3500	-1100	300	-10000	-7799	0	0	-9333	-7666	0	minecraft:snowy_slopes
-1500	2000	-10000	-3500	-1100	300	-10000	-7799	10000	10000	-9333	-7666	0	minecraft:snowy_slopes
-1500	2000	-10000	-3500	300	10000	-10000	-7799	0	0	-9333	-7666	0	minecraft:jagged_peaks
-1500	2000	-10000	-3500	300	10000	-10000	-7799	10000	10000	-9333	-7666	0	minecraft:jagged_peaks
-1500	2000	-10000	-3500	-1100	300	-7799	-3750	0	0	-9333	-7666	0	minecraft:flower_forest
-1500	2000	-10000	-3500	-1100	300	-7799	-3750	10000	10000	-9333	-7666	0	minecraft:flower_forest
-1500	2000	-10000	-3500	300	10000	-7799	-3750	0	0	-9333	-7666	0	minecraft:snowy_slopes
-1500	2000	-10000	-3500	300	10000	-7799	-3750	10000	10000	-9333	-7666	0	minecraft:snowy_slopes
-1500	2000	-10000	-3500	-1900	300	-3750	500	0	0	-9333	-7666	0	minecraft:flower_forest
-1500	2000	-10000	-3500	-1900	300	-3750	500	10000	10000	-9333	-7666	0	minecraft:flower_forest
-1500	2000	-10000	-3500	300	10000	-3750	-2225	0	0	-9333	-7666	0	minecraft:meadow
-1500	2000	-10000	-3500	300	10000	-3750	-2225	10000	10000	-9333	-7666	0	minecraft:meadow
-1500	2000	-10000	-3500	300	3000	-2225	500	0	0	-9333	-7666	0	minecraft:flower_forest
-1500	2000	-10000	-3500	300	3000	-2225	500	10000	10000	-9333	-7666	0	minecraft:flower_forest
-1500	2000	-10000	-3500	3000	10000	-2225	500	0	0	-9333	-7666	0	minecraft:meadow
-1500	2000	-10000	-3500	3000	10000	-2225	500	10000	10000	-9333	-7666	0	minecraft:meadow
-1500	2000	-10000	-3500	-1900	10000	500	4500	0	0	-9333	-7666	0	minecraft:flower_forest
-1500	2000	-10000	-3500	-1900	10000	500	4500	10000	10000	-9333	-7666	0	minecraft:flower_forest
-1500	2000	-10000	-3500	-1900	300	4500	5500	0	0	-9333	-7666	0	minecraft:flower_forest
-1500	2000	-10000	-3500	-1900	300	4500	5500	10000	10000	-9333	-7666	0	minecraft:flower_forest
-1500	2000	-10000	-3500	300	10000	4500	5500	0	0	-9333	-7666	0	minecraft:windswept_hills
-1500	2000	-10000	-3500	300	10000	4500	5500	10000	10000	-9333	-7666	0	minecraft:windswept_hills
-1500	2000	-10000	-3500	-1900	10000	5500	10000	0	0	-9333	-7666	0	minecraft:flower_forest
-1500	2000	-10000	-3500	-1900	10000	5500	10000	10000	10000	-9333	-7666	0	minecraft:flower_forest
-1500	2000	-3500	-1000	-1900	-1100	-10000	-3750	0	0	-9333	-7666	0	minecraft:plains
-1500	2000	-3500	-1000	-1900	-1100	-10000	-3750	10000	10000	-9333	-7666	0	minecraft:plains
-1500	2000	-3500	-1000	-1100	300	-10000	-7799	0	0	-9333	-7666	0	minecraft:snowy_slopes
-1500	2000	-3500	-1000	-1100	300	-10000	-7799	10000	10000	-9333	-7666	0	minecraft:snowy_slopes
-1500	2000	-3500	-1000	300	10000	-10000	-7799	0	0	-9333	-7666	0	minecraft:jagged_peaks
-1500	2000	-3500	-1000	300	10000	-10000	-7799	10000	10000	-9333	-7666	0	minecraft:jagged_peaks
-1500	2000	-3500	-1000	-1100	300	-7799	-3750	0	0	-9333	-7666	0	minecraft:plains
-1500	2000	-3500	-1000	-1100	300	-7799	-3750	10000	10000	-9333	-7666	0	minecraft:plains
-1500	2000	-3500	-1000	300	10000	-7799	-3750	0	0	-9333	-7666	0	minecraft:snowy_slopes
-1500	2000	-3500	-1000	300	10000	-7799	-3750	10000	10000	-9333	-7666	0	minecraft:snowy_slopes
-1500	2000	-3500	-1000	-1900	300	-3750	500	0	0	-9333	-7666	0	minecraft:plains
-1500	2000	-3500	-1000	-1900	300	-3750	500	10000	10000	-9333	-7666	0	minecraft:plains
-1500	2000	-3500	-1000	300	10000	-3750	-2225	0	0	-9333	-7666	0	minecraft:meadow
-1500	2000	-3500	-1000	300	10000	-3750	-2225	10000	10000	-9333	-7666	0	minecraft:meadow
-1500	2000	-3500	-1000	300	3000	-2225	500	0	0	-9333	-7666	0	minecraft:plains
-1500	2000	-3500	-1000	300	3000	-2225	500	10000	10000	-9333	-7666	0	minecraft:plains
-1500	2000	-3500	-1000	3000	10000	-2225	500	0	0	-9333	-7666	0	minecraft:meadow
-1500	2000	-3500	-1000	3000	10000	-2225	500	10000	10000	-9333	-7666	0	minecraft:meadow
-1500	2000	-3500	-1000	-1900	10000	500	4500	0	0	-9333	-7666	0	minecraft:plains
-1500	2000	-3500	-1000	-1900	10000	500	4500	10000	10000	-9333	-7666	0	minecraft:plains
-1500	2000	-3500	-1000	-1900	300	4500	5500	0	0	-9333	-7666	0	minecraft:plains
-1500	2000	-3500	-1000	-1900	300	4500	5500	10000	10000	-9333	-7666	0	minecraft:plains
-1500	2000	-3500	-1000	300	10000	4500	5500	0	0	-9333	-7666	0	minecraft:windswept_hills
-1500	2000	-3500	-1000	300	10000	4500	5500	10000	10000	-9333	-7666	0	minecraft:windswept_hills
-1500	2000	-3500	-1000	-1900	10000	5500	10000	0	0	-9333	-7666	0	minecraft:plains
-1500	2000	-3500	-1000	-1900	10000	5500	10000	10000	10000	-9333	-7666	0	minecraft:plains
-1500	2000	-1000	1000	-1900	-1100	-10000	-3750	0	0	-9333	-7666	0	minecraft:forest
-1500	2000	-1000	1000	-1900	-1100	-10000	-3750	10000	10000	-9333	-7666	0	minecraft:forest
-1500	2000	-1000	1000	-1100	300	-10000	-7799	0	0	-9333	-7666	0	minecraft:grove
-1500	2000	-1000	1000	-1100	300	-10000	-7799	10000	10000	-9333	-7666	0	minecraft:grove
-1500	2000	-1000	1000	300	10000	-10000	-7799	0	0	-9333	-7666	0	minecraft:jagged_peaks
-1500	2000	-1000	1000	300	10000	-10000	-7799	10000	10000	-9333	-7666	0	minecraft:jagged_peaks
-1500	2000	-1000	1000	-1100	300	-7799	-3750	0	0	-9333	-7666	0	minecraft:forest
-1500	2000	-1000	1000	-1100	300	-7799	-3750	10000	10000	-9333	-7666	0	minecraft:forest
-1500	2000	-1000	1000	300	10000	-7799	-3750	0	0	-9333	-7666	0	minecraft:grove
-1500	2000	-1000	1000	300	10000	-7799	-3750	10000	10000	-9333	-7666	0	minecraft:grove
-1500	2000	-1000	1000	-1900	300	-3750	500	0	0	-9333	-7666	0	minecraft:forest
-1500	2000	-1000	1000	-1900	300	-3750	500	10000	10000	-9333	-7666	0	minecraft:forest
-1500	2000	-1000	1000	300	10000	-3750	-2225	0	0	-9333	-7666	0	minecraft:meadow
-1500	2000	-1000	1000	300	10000	-3750	-2225	10000	10000	-9333	-7666	0	minecraft:meadow
-1500	2000	-1000	1000	300	3000	-2225	500	0	0	-9333	-7666	0	minecraft:forest
-1500	2000	-1000	1000	300	3000	-2225	500	10000	10000	-9333	-7666	0	minecraft:forest
-1500	2000	-1000	1000	3000	10000	-2225	500	0	0	-9333	-7666	0	minecraft:meadow
-1500	2000	-1000	1000	3000	10000	-2225	500	10000	10000	-9333	-7666	0	minecraft:meadow
-1500	2000	-1000	1000	-1900	10000	500	4500	0	0	-9333	-7666	0	minecraft:forest
-1500	2000	-1000	1000	-1900	10000	500	4500	10000	10000	-9333	-7666	0	minecraft:forest
-1500	2000	-1000	1000	-1900	300	4500	5500	0	0	-9333	-7666	0	minecraft:forest
-1500	2000	-1000	1000	-1900	300	4500	5500	10000	10000	-9333	-7666	0	minecraft:forest
-1500	2000	-1000	1000	300	10000	4500	5500	0	0	-9333	-7666	0	minecraft:windswept_hills
-1500	2000	-1000	1000	300	10000	4500	5500	10000	10000	-9333	-7666	0	minecraft:windswept_hills
-1500	2000	-1000	1000	-1900	10000	5500	10000	0	0	-9333	-7666	0	minecraft:forest
-1500	2000	-1000	1000	-1900	10000	5500	10000	10000	10000	-9333	-7666	0	minecraft:forest
-1500	2000	1000	3000	-1900	-1100	-10000	-3750	0	0	-9333	-7666	0	minecraft:birch_forest
-1500	2000	1000	3000	-1900	-1100	-10000	-3750	10000	10000	-9333	-7666	0	minecraft:birch_forest
-1500	2000	1000	3000	-1100	300	-10000	-7799	0	0	-9333	-7666	0	minecraft:grove
-1500	2000	1000	3000	-1100	300	-10000	-7799	10000	10000	-9333	-7666	0	minecraft:grove
-1500	2000	1000	3000	300	10000	-10000	-7799	0	0	-9333	-7666	0	minecraft:jagged_peaks
-1500	2000	1000	3000	300	10000	-10000	-7799	10000	10000	-9333	-7666	0	minecraft:jagged_peaks
-1500	2000	1000	3000	-1100	300	-7799	-3750	0	0	-9333	-7666	0	minecraft:birch_forest
-1500	2000	1000	3000	-1100	300	-7799	-3750	10000	10000	-9333	-7666	0	minecraft:birch_forest
-1500	2000	1000	3000	300	10000	-7799	-3750	0	0	-9333	-7666	0	minecraft:grove
-1500	2000	1000	3000	300	10000	-7799	-3750	10000	10000	-9333	-7666	0	minecraft:grove
-1500	2000	1000	3000	-1900	300	-3750	500	0	0	-9333	-7666	0	minecraft:birch_forest
-1500	2000	1000	3000	-1900	300	-3750	500	10000	10000	-9333	-7666	0	minecraft:birch_forest
-1500	2000	1000	3000	300	10000	-3750	-2225	0	0	-9333	-7666	0	minecraft:meadow
-1500	2000	1000	3000	300	10000	-3750	-2225	10000	10000	-9333	-7666	0	minecraft:meadow
-1500	2000	1000	3000	300	3000	-2225	500	0	0	-9333	-7666	0	minecraft:birch_forest
-1500	2000	1000	3000	300	3000	-2225	500	10000	10000	-9333	-7666	0	minecraft:birch_forest
-1500	2000	1000	3000	3000	10000	-2225	500	0	0	-9333	-7666	0	minecraft:meadow
-1500	2000	1000	3000	3000	10000	-2225	500	10000	10000	-9333	-7666	0	minecraft:meadow
-1500	2000	1000	3000	-1900	10000	500	4500	0	0	-9333	-7666	0	minecraft:birch_forest
-1500	2000	1000	3000	-1900	10000	500	4500	10000	10000	-9333	-7666	0	minecraft:birch_forest
-1500	2000	1000	3000	-1900	300	4500	5500	0	0	-9333	-7666	0	minecraft:birch_forest
-1500	2000	1000	3000	-1900	300	4500	5500	10000	10000	-9333	-7666	0	minecraft:birch_forest
-1500	2000	1000	3000	300	10000	4500	5500	0	0	-9333	-7666	0	minecraft:windswept_forest
-1500	2000	1000	3000	300	10000	4500	5500	10000	10000	-9333	-7666	0	minecraft:windswept_forest
-1500	2000	1000	3000	-1900	10000	5500	10000	0	0	-9333	-7666	0	minecraft:birch_forest
-1500	2000	1000	3000	-1900	10000	5500	10000	10000	10000	-9333	-7666	0	minecraft:birch_forest
-1500	2000	3000	10000	-1900	-1100	-10000	-3750	0	0	-9333	-7666	0	minecraft:dark_forest
-1500	2000	3000	10000	-1900	-1100	-10000	-3750	10000	10000	-9333	-7666	0	minecraft:dark_forest
-1500	2000	3000	10000	-1100	300	-10000	-7799	0	0	-9333	-7666	0	minecraft:grove
-1500	2000	3000	10000	-1100	300	-10000	-7799	10000	10000	-9333	-7666	0	minecraft:grove
-1500	2000	3000	10000	300	10000	-10000	-7799	0	0	-9333	-7666	0	minecraft:jagged_peaks
-1500	2000	3000	10000	300	10000	-10000	-7799	10000	10000	-9333	-7666	0	minecraft:jagged_peaks
-1500	2000	3000	10000	-1100	300	-7799	-3750	0	0	-9333	-7666	0	minecraft:dark_forest
-1500	2000	3000	10000	-1100	300	-7799	-3750	10000	10000	-9333	-7666	0	minecraft:dark_forest
-1500	2000	3000	10000	300	10000	-7799	-3750	0	0	-9333	-7666	0	minecraft:grove
-1500	2000	3000	10000	300	10000	-7799	-3750	10000	10000	-9333	-7666	0	minecraft:grove
-1500	2000	3000	10000	-1900	300	-3750	500	0	0	-9333	-7666	0	minecraft:dark_forest
-1500	2000	3000	10000	-1900	300	-3750	500	10000	10000	-9333	-7666	0	minecraft:dark_forest
-1500	2000	3000	10000	300	10000	-3750	-2225	0	0	-9333	-7666	0	minecraft:pale_garden
-1500	2000	3000	10000	300	10000	-3750	-2225	10000	10000	-9333	-7666	0	minecraft:pale_garden
-1500	2000	3000	10000	300	3000	-2225	500	0	0	-9333	-7666	0	minecraft:dark_forest
-1500	2000	3000	10000	300	3000	-2225	500	10000	10000	-9333	-7666	0	minecraft:dark_forest
-1500	2000	3000	10000	3000	10000	-2225	500	0	0	-9333	-7666	0	minecraft:pale_garden
-1500	2000	3000	10000	3000	10000	-2225	500	10000	10000	-9333	-7666	0	minecraft:pale_garden
-1500	2000	3000	10000	-1900	10000	500	4500	0	0	-9333	-7666	0	minecraft:dark_forest
-1500	2000	3000	10000	-1900	10000	500	4500	10000	10000	-9333	-7666	0	minecraft:dark_forest
-1500	2000	3000	10000	-1900	300	4500	5500	0	0	-9333	-7666	0	minecraft:dark_forest
-1500	2000	3000	10000	-1900	300	4500	5500	10000	10000	-9333	-7666	0	minecraft:dark_forest
-1500	2000	3000	10000	300	10000	4500	5500	0	0	-9333	-7666	0	minecraft:windswept_forest
-1500	2000	3000	10000	300	10000	4500	5500	10000	10000	-9333	-7666	0	minecraft:windswept_forest
-1500	2000	3000	10000	-1900	10000	5500	10000	0	0	-9333	-7666	0	minecraft:dark_forest
-1500	2000	3000	10000	-1900	10000	5500	10000	10000	10000	-9333	-7666	0	minecraft:dark_forest
2000	5500	-10000	-3500	-1900	-1100	-10000	-3750	0	0	-9333	-7666	0	minecraft:savanna
2000	5500	-10000	-3500	-1900	-1100	-10000	-3750	10000	10000	-9333	-7666	0	minecraft:savanna
2000	5500	-10000	-3500	-1100	300	-10000	-7799	0	0	-9333	-7666	0	minecraft:savanna_plateau
2000	5500	-10000	-3500	-1100	300	-10000	-7799	10000	10000	-9333	-7666	0	minecraft:savanna_plateau
2000	5500	-10000	-3500	300	10000	-10000	-7799	0	0	-9333	-7666	0	minecraft:stony_peaks
2000	5500	-10000	-3500	300	10000	-10000	-7799	10000	10000	-9333	-7666	0	minecraft:stony_peaks
2000	5500	-10000	-3500	-1100	300	-7799	-3750	0	0	-9333	-7666	0	minecraft:savanna
2000	5500	-10000	-3500	-1100	300	-7799	-3750	10000	10000	-9333	-7666	0	minecraft:savanna
2000	5500	-10000	-3500	300	10000	-7799	-3750	0	0	-9333	-7666	0	minecraft:savanna_plateau
2000	5500	-10000	-3500	300	10000	-7799	-3750	10000	10000	-9333	-7666	0	minecraft:savanna_plateau
2000	5500	-10000	-3500	-1900	300	-3750	500	0	0	-9333	-7666	0	minecraft:savanna
2000	5500	-10000	-3500	-1900	300	-3750	500	10000	10000	-9333	-7666	0	minecraft:savanna
2000	5500	-10000	-3500	300	10000	-3750	-2225	0	0	-9333	-7666	0	minecraft:savanna_plateau
2000	5500	-10000	-3500	300	10000	-3750	-2225	10000	10000	-9333	-7666	0	minecraft:savanna_plateau
2000	5500	-10000	-3500	300	3000	-2225	500	0	0	-9333	-7666	0	minecraft:savanna
2000	5500	-10000	-3500	300	3000	-2225	500	10000	10000	-9333	-7666	0	minecraft:savanna
2000	5500	-10000	-3500	3000	10000	-2225	500	0	0	-9333	-7666	0	minecraft:savanna_plateau
2000	5500	-10000	-3500	3000	10000	-2225	500	10000	10000	-9333	-7666	0	minecraft:savanna_plateau
2000	5500	-10000	-3500	-1900	10000	500	4500	0	0	-9333	-7666	0	minecraft:savanna
2000	5500	-10000	-3500	-1900	10000	500	4500	10000	10000	-9333	-7666	0	minecraft:savanna
2000	5500	-10000	-3500	-1900	300	4500	5500	0	0	-9333	-7666	0	minecraft:savanna
2000	5500	-10000	-3500	-1900	300	4500	5500	10000	10000	-9333	-7666	0	minecraft:savanna
2000	5500	-10000	-3500	300	10000	4500	5500	0	0	-9333	-7666	0	minecraft:savanna
2000	5500	-10000	-3500	300	10000	4500	5500	10000	10000	-9333	-7666	0	minecraft:savanna
2000	5500	-10000	-3500	-1900	10000	5500	10000	0	0	-9333	-7666	0	minecraft:savanna
2000	5500	-10000	-3500	-1900	10000	5500	10000	10000	10000	-9333	-7666	0	minecraft:savanna
2000	5500	-3500	-1000	-1900	-1100	-10000	-3750	0	0	-9333	-7666	0	minecraft:savanna
2000	5500	-3500	-1000	-1900	-1100	-10000	-3750	10000	10000	-9333	-7666	0	minecraft:savanna
2000	5500	-3500	-1000	-1100	300	-10000	-7799	0	0	-9333	-7666	0	minecraft:savanna_plateau
2000	5500	-3500	-1000	-1100	300	-10000	-7799	10000	10000	-9333	-7666	0	minecraft:savanna_plateau
2000	5500	-3500	-1000	300	10000	-10000	-7799	0	0	-9333	-7666	0	minecraft:stony_peaks
2000	5500	-3500	-1000	300	10000	-10000	-7799	10000	10000	-9333	-7666	0	minecraft:stony_peaks
2000	5500	-3500	-1000	-1100	300	-7799	-3750	0	0	-9333	-7666	0	minecraft:savanna
2000	5500	-3500	-1000	-1100	300	-7799	-3750	10000	10000	-9333	-7666	0	minecraft:savanna
2000	5500	-3500	-1000	300	10000	-7799	-3750	0	0	-9333	-7666	0	minecraft:savanna_plateau
2000	5500	-3500	-1000	300	10000	-7799	-3750	10000	10000	-9333	-7666	0	minecraft:savanna_plateau
2000	5500	-3500	-1000	-1900	300	-3750	500	0	0	-9333	-7666	0	minecraft:savanna
2000	5500	-3500	-1000	-1900	300	-3750	500	10000	10000	-9333	-7666	0	minecraft:savanna
2000	5500	-3500	-1000	300	10000	-3750	-2225	0	0	-9333	-7666	0	minecraft:savanna_plateau
2000	5500	-3500	-1000	300	10000	-3750	-2225	10000	10000	-9333	-7666	0	minecraft:savanna_plateau
2000	5500	-3500	-1000	300	3000	-2225	500	0	0	-9333	-7666	0	minecraft:savanna
2000	5500	-3500	-1000	300	3000	-2225	500	10000	10000	-9333	-7666	0	minecraft:savanna
2000	5500	-3500	-1000	3000	10000	-2225	500	0	0	-9333	-7666	0	minecraft:savanna_plateau
2000	5500	-3500	-1000	3000	10000	-2225	500	10000	10000	-9333	-7666	0	minecraft:savanna_plateau
2000	5500	-3500	-1000	-1900	10000	500	4500	0	0	-9333	-7666	0	minecraft:savanna
2000	5500	-3500	-1000	-1900	10000	500	4500	10000	10000	-9333	-7666	0	minecraft:savanna
2000	5500	-3500	-1000	-1900	300	4500	5500	0	0	-9333	-7666	0	minecraft:savanna
2000	5500	-3500	-1000	-1900	300	4500	5500	10000	10000	-9333	-7666	0	minecraft:savanna
2000	5500	-3500	-1000	300	10000	4500	5500	0	0	-9333	-7666	0	minecraft:savanna
2000	5500	-3500	-1000	300	10000	4500	5500	10000	10000	-9333	-7666	0	minecraft:savanna
2000	5500	-3500	-1000	-1900	10000	5500	10000	0	0	-9333	-7666	0	minecraft:savanna
2000	5500	-3500	-1000	-1900	10000	5500	10000	10000	10000	-9333	-7666	0	minecraft:savanna
2000	5500	-1000	1000	-1900	-1100	-10000	-3750	0	0	-9333	-7666	0	minecraft:forest
2000	5500	-1000	1000	-1900	-1100	-10000	-3750	10000	10000	-9333	-7666	0	minecraft:forest
2000	5500	-1000	1000	-1100	300	-10000	-7799	0	0	-9333	-7666	0	minecraft:forest
2000	5500	-1000	1000	-1100	300	-10000	-7799	10000	10000	-9333	-7666	0	minecraft:forest
2000	5500	-1000	1000	300	10000	-10000	-7799	0	0	-9333	-7666	0	minecraft:stony_peaks
2000	5500	-1000	1000	300	10000	-10000	-7799	10000	10000	-9333	-7666	0	minecraft:stony_peaks
2000	5500	-1000	1000	-1100	300	-7799	-3750	0	0	-9333	-7666	0	minecraft:forest
2000	5500	-1000	1000	-1100	300	-7799	-3750	10000	10000	-9333	-7666	0	minecraft:forest
2000	5500	-1000	1000	300	10000	-7799	-3750	0	0	-9333	-7666	0	minecraft:forest
2000	5500	-1000	1000	300	10000	-7799	-3750	10000	10000	-9333	-7666	0	minecraft:forest
2000	5500	-1000	1000	-1900	300	-3750	500	0	0	-9333	-7666	0	minecraft:forest
2000	5500	-1000	1000	-1900	300	-3750	500	10000	10000	-9333	-7666	0	minecraft:forest
2000	5500	-1000	1000	300	10000	-3750	-2225	0	0	-9333	-7666	0	minecraft:forest
2000	5500	-1000	1000	300	10000	-3750	-2225	10000	10000	-9333	-7666	0	minecraft:forest
2000	5500	-1000	1000	300	3000	-2225	500	0	0	-9333	-7666	0	minecraft:forest
2000	5500	-1000	1000	300	3000	-2225	500	10000	10000	-9333	-7666	0	minecraft:forest
2000	5500	-1000	1000	3000	10000	-2225	500	0	0	-9333	-7666	0	minecraft:forest
2000	5500	-1000	1000	3000	10000	-2225	500	10000	10000	-9333	-7666	0	minecraft:forest
2000	5500	-1000	1000	-1900	10000	500	4500	0	0	-9333	-7666	0	minecraft:forest
2000	5500	-1000	1000	-1900	10000	500	4500	10000	10000	-9333	-7666	0	minecraft:forest
2000	5500	-1000	1000	-1900	300	4500	5500	0	0	-9333	-7666	0	minecraft:forest
2000	5500	-1000	1000	-1900	300	4500	5500	10000	10000	-9333	-7666	0	minecraft:forest
2000	5500	-1000	1000	300	10000	4500	5500	0	0	-9333	-7666	0	minecraft:forest
2000	5500	-1000	1000	300	10000	4500	5500	10000	10000	-9333	-7666	0	minecraft:forest
2000	5500	-1000	1000	-1900	10000	5500	10000	0	0	-9333	-7666	0	minecraft:forest
2000	5500	-1000	1000	-1900	10000	5500	10000	10000	10000	-9333	-7666	0	minecraft:forest
2000	5500	1000	3000	-1900	-1100	-10000	-3750	0	0	-9333	-7666	0	minecraft:jungle
2000	5500	1000	3000	-1900	-1100	-10000	-3750	10000	10000	-9333	-7666	0	minecraft:jungle
2000	5500	1000	3000	-1100	300	-10000	-7799	0	0	-9333	-7666	0	minecraft:forest
2000	5500	1000	3000	-1100	300	-10000	-7799	10000	10000	-9333	-7666	0	minecraft:forest
2000	5500	1000	3000	300	10000	-10000	-7799	0	0	-9333	-7666	0	minecraft:stony_peaks
2000	5500	1000	3000	300	10000	-10000	-7799	10000	10000	-9333	-7666	0	minecraft:stony_peaks
2000	5500	1000	3000	-1100	300	-7799	-3750	0	0	-9333	-7666	0	minecraft:jungle
2000	5500	1000	3000	-1100	300	-7799	-3750	10000	10000	-9333	-7666	0	minecraft:jungle
2000	5500	1000	3000	300	10000	-7799	-3750	0	0	-9333	-7666	0	minecraft:forest
2000	5500	1000	3000	300	10000	-7799	-3750	10000	10000	-9333	-7666	0	minecraft:forest
2000	5500	1000	3000	-1900	300	-3750	500	0	0	-9333	-7666	0	minecraft:jungle
2000	5500	1000	3000	-1900	300	-3750	500	10000	10000	-9333	-7666	0	minecraft:jungle
2000	5500	1000	3000	300	10000	-3750	-2225	0	0	-9333	-7666	0	minecraft:forest
2000	5500	1000	3000	300	10000	-3750	-2225	10000	10000	-9333	-7666	0	minecraft:forest
2000	5500	1000	3000	300	3000	-2225	500	0	0	-9333	-7666	0	minecraft:jungle
2000	5500	1000	3000	300	3000	-2225	500	10000	10000	-9333	-7666	0	minecraft:jungle
2000	5500	1000	3000	3000	10000	-2225	500	0	0	-9333	-7666	0	minecraft:forest
2000	5500	1000	3000	3000	10000	-2225	500	10000	10000	-9333	-7666	0	minecraft:forest
2000	5500	1000	3000	-1900	10000	500	4500	0	0	-9333	-7666	0	minecraft:jungle
2000	5500	1000	3000	-1900	10000	500	4500	10000	10000	-9333	-7666	0	minecraft:jungle
2000	5500	1000	3000	-1900	300	4500	5500	0	0	-9333	-7666	0	minecraft:jungle
2000	5500	1000	3000	-1900	300	4500	5500	10000	10000	-9333	-7666	0	minecraft:jungle
2000	5500	1000	3000	300	10000	4500	5500	0	0	-9333	-7666	0	minecraft:jungle
2000	5500	1000	3000	300	10000	4500	5500	10000	10000	-9333	-7666	0	minecraft:jungle
2000	5500	1000	3000	-1900	10000	5500	10000	0	0	-9333	-7666	0	minecraft:jungle
2000	5500	1000	3000	-1900	10000	5500	10000	10000	10000	-9333	-7666	0	minecraft:jungle
2000	5500	3000	10000	-1900	-1100	-10000	-3750	0	0	-9333	-7666	0	minecraft:jungle
2000	5500	3000	10000	-1900	-1100	-10000	-3750	10000	10000	-9333	-7666	0	minecraft:jungle
2000	5500	3000	10000	-1100	300	-10000	-7799	0	0	-9333	-7666	0	minecraft:jungle
2000	5500	3000	10000	-1100	300	-10000	-7799	10000	10000	-9333	-7666	0	minecraft:jungle
2000	5500	3000	10000	300	10000	-10000	-7799	0	0	-9333	-7666	0	minecraft:stony_peaks
2000	5500	3000	10000	300	10000	-10000	-7799	10000	10000	-9333	-7666	0	minecraft:stony_peaks
2000	5500	3000	10000	-1100	300	-7799	-3750	0	0	-9333	-7666	0	minecraft:jungle
2000	5500	3000	10000	-1100	300	-7799	-3750	10000	10000	-9333	-7666	0	minecraft:jungle
2000	5500	3000	10000	300	10000	-7799	-3750	0	0	-9333	-7666	0	minecraft:jungle
2000	5500	3000	10000	300	10000	-7799	-3750	10000	10000	-9333	-7666	0	minecraft:jungle
2000	5500	3000	10000	-1900	300	-3750	500	0	0	-9333	-7666	0	minecraft:jungle
2000	5500	3000	10000	-1900	300	-3750	500	10000	10000	-9333	-7666	0	minecraft:jungle
2000	5500	3000	10000	300	10000	-3750	-2225	0	0	-9333	-7666	0	minecraft:jungle
2000	5500	3000	10000	300	10000	-3750	-2225	10000	10000	-9333	-7666	0	minecraft:jungle
2000	5500	3000	10000	300	3000	-2225	500	0	0	-9333	-7666	0	minecraft:jungle
2000	5500	3000	10000	300	3000	-2225	500	10000	10000	-9333	-7666	0	minecraft:jungle
2000	5500	3000	10000	3000	10000	-2225	500	0	0	-9333	-7666	0	minecraft:jungle
2000	5500	3000	10000	3000	10000	-2225	500	10000	10000	-9333	-7666	0	minecraft:jungle
2000	5500	3000	10000	-1900	10000	500	4500	0	0	-9333	-7666	0	minecraft:jungle
2000	5500	3000	10000	-1900	10000	500	4500	10000	10000	-9333	-7666	0	minecraft:jungle
2000	5500	3000	10000	-1900	300	4500	5500	0	0	-9333	-7666	0	minecraft:jungle
2000	5500	3000	10000	-1900	300	4500	5500	10000	10000	-9333	-7666	0	minecraft:jungle
2000	5500	3000	10000	300	10000	4500	5500	0	0	-9333	-7666	0	minecraft:jungle
2000	5500	3000	10000	300	10000	4500	5500	10000	10000	-9333	-7666	0	minecraft:jungle
2000	5500	3000	10000	-1900	10000	5500	10000	0	0	-9333	-7666	0	minecraft:jungle
2000	5500	3000	10000	-1900	10000	5500	10000	10000	10000	-9333	-7666	0	minecraft:jungle
5500	10000	-10000	-3500	-1900	-1100	-10000	-3750	0	0	-9333	-7666	0	minecraft:desert
5500	10000	-10000	-3500	-1900	-1100	-10000	-3750	10000	10000	-9333	-7666	0	minecraft:desert
5500	10000	-10000	-3500	-1100	300	-10000	-7799	0	0	-9333	-7666	0	minecraft:badlands
5500	10000	-10000	-3500	-1100	300	-10000	-7799	10000	10000	-9333	-7666	0	minecraft:badlands
5500	10000	-10000	-3500	300	10000	-10000	-7799	0	0	-9333	-7666	0	minecraft:badlands
5500	10000	-10000	-3500	300	10000	-10000	-7799	10000	10000	-9333	-7666	0	minecraft:badlands
5500	10000	-10000	-3500	-1100	300	-7799	-3750	0	0	-9333	-7666	0	minecraft:badlands
5500	10000	-10000	-3500	-1100	300	-7799	-3750	10000	10000	-9333	-7666	0	minecraft:badlands
5500	10000	-10000	-3500	300	10000	-7799	-3750	0	0	-9333	-7666	0	minecraft:badlands
5500	10000	-10000	-3500	300	10000	-7799	-3750	10000	10000	-9333	-7666	0	minecraft:badlands
5500	10000	-10000	-3500	-1900	300	-3750	500	0	0	-9333	-7666	0	minecraft:desert
5500	10000	-10000	-3500	-1900	300	-3750	500	10000	10000	-9333	-7666	0	minecraft:desert
5500	10000	-10000	-3500	300	10000	-3750	-2225	0	0	-9333	-7666	0	minecraft:badlands
5500	10000	-10000	-3500	300	10000	-3750	-2225	10000	10000	-9333	-7666	0	minecraft:badlands
5500	10000	-10000	-3500	300	3000	-2225	500	0	0	-9333	-7666	0	minecraft:badlands
5500	10000	-10000	-3500	300	3000	-2225	500	10000	10000	-9333	-7666	0	minecraft:badlands
5500	10000	-10000	-3500	3000	10000	-2225	500	0	0	-9333	-7666	0	minecraft:badlands
5500	10000	-10000	-3500	3000	10000	-2225	500	10000	10000	-9333	-7666	0	minecraft:badlands
5500	10000	-10000	-3500	-1900	10000	500	4500	0	0	-9333	-7666	0	minecraft:desert
5500	10000	-10000	-3500	-1900	10000	500	4500	10000	10000	-9333	-7666	0	minecraft:desert
5500	10000	-10000	-3500	-1900	300	4500	5500	0	0	-9333	-7666	0	minecraft:desert
5500	10000	-10000	-3500	-1900	300	4500	5500	10000	10000	-9333	-7666	0	minecraft:desert
5500	10000	-10000	-3500	300	10000	4500	5500	0	0	-9333	-7666	0	minecraft:desert
5500	10000	-10000	-3500	300	10000	4500	5500	10000	10000	-9333	-7666	0	minecraft:desert
5500	10000	-10000	-3500	-1900	10000	5500	10000	0	0	-9333	-7666	0	minecraft:desert
5500	10000	-10000	-3500	-1900	10000	5500	10000	10000	10000	-9333	-7666	0	minecraft:desert
5500	10000	-3500	-1000	-1900	-1100	-10000	-3750	0	0	-9333	-7666	0	minecraft:desert
5500	10000	-3500	-1000	-1900	-1100	-10000	-3750	10000	10000	-9333	-7666	0	minecraft:desert
5500	10000	-3500	-1000	-1100	300	-10000	-7799	0	0	-9333	-7666	0	minecraft:badlands
5500	10000	-3500	-1000	-1100	300	-10000	-7799	10000	10000	-9333	-7666	0	minecraft:badlands
5500	10000	-3500	-1000	300	10000	-10000	-7799	0	0	-9333	-7666	0	minecraft:badlands
5500	10000	-3500	-1000	300	10000	-10000	-7799	10000	10000	-9333	-7666	0	minecraft:badlands
5500	10000	-3500	-1000	-1100	300	-7799	-3750	0	0	-9333	-7666	0	minecraft:badlands
5500	10000	-3500	-1000	-1100	300	-7799	-3750	10000	10000	-9333	-7666	0	minecraft:badlands
5500	10000	-3500	-1000	300	10000	-7799	-3750	0	0	-9333	-7666	0	minecraft:badlands
5500	10000	-3500	-1000	300	10000	-7799	-3750	10000	10000	-9333	-7666	0	minecraft:badlands
5500	10000	-3500	-1000	-1900	300	-3750	500	0	0	-9333	-7666	0	minecraft:desert
5500	10000	-3500	-1000	-1900	300	-3750	500	10000	10000	-9333	-7666	0	minecraft:desert
5500	10000	-3500	-1000	300	10000	-3750	-2225	0	0	-9333	-7666	0	minecraft:badlands
5500	10000	-3500	-1000	300	10000	-3750	-2225	10000	10000	-9333	-7666	0	minecraft:badlands
5500	10000	-3500	-1000	300	3000	-2225	500	0	0	-9333	-7666	0	minecraft:badlands
5500	10000	-3500	-1000	300	3000	-2225	500	10000	10000	-9333	-7666	0	minecraft:badlands
5500	10000	-3500	-1000	3000	10000	-2225	500	0	0	-9333	-7666	0	minecraft:badlands
5500	10000	-3500	-1000	3000	10000	-2225	500	10000	10000	-9333	-7666	0	minecraft:badlands
5500	10000	-3500	-1000	-1900	10000	500	4500	0	0	-9333	-7666	0	minecraft:desert
5500	10000	-3500	-1000	-1900	10000	500	4500	10000	10000	-9333	-7666	0	minecraft:desert
5500	10000	-3500	-1000	-1900	300	4500	5500	0	0	-9333	-7666	0	minecraft:desert
5500	10000	-3500	-1000	-1900	300	4500	5500	10000	10000	-9333	-7666	0	minecraft:desert
5500	10000	-3500	-1000	300	10000	4500	5500	0	0	-9333	-7666	0	minecraft:desert
5500	10000	-3500	-1000	300	10000	4500	5500	10000	10000	-9333	-7666	0	minecraft:desert
5500	10000	-3500	-1000	-1900	10000	5500	10000	0	0	-9333	-7666	0	minecraft:desert
5500	10000	-3500	-1000	-1900	10000	5500	10000	10000	10000	-9333	-7666	0	minecraft:desert
5500	10000	-1000	1000	-1900	-1100	-10000	-3750	0	0	-9333	-7666	0	minecraft:desert
5500	10000	-1000	1000	-1900	-1100	-10000	-3750	10000	10000	-9333	-7666	0	minecraft:desert
5500	10000	-1000	1000	-1100	300	-10000	-7799	0	0	-9333	-7666	0	minecraft:badlands
5500	10000	-1000	1000	-1100	300	-10000	-7799	10000	10000	-9333	-7666	0	minecraft:badlands
5500	10000	-1000	1000	300	10000	-10000	-7799	0	0	-9333	-7666	0	minecraft:badlands
5500	10000	-1000	1000	300	10000	-10000	-7799	10000	10000	-9333	-7666	0	minecraft:badlands
5500	10000	-1000	1000	-1100	300	-7799	-3750	0	0	-9333	-7666	0	minecraft:badlands
5500	10000	-1000	1000	-1100	300	-7799	-3750	10000	10000	-9333	-7666	0	minecraft:badlands
5500	10000	-1000	1000	300	10000	-7799	-3750	0	0	-9333	-7666	0	minecraft:badlands
5500	10000	-1000	1000	300	10000	-7799	-3750	10000	10000	-9333	-7666	0	minecraft:badlands
5500	10000	-1000	1000	-1900	300	-3750	500	0	0	-9333	-7666	0	minecraft:desert
5500	10000	-1000	1000	-1900	300	-3750	500	10000	10000	-9333	-7666	0	minecraft:desert
5500	10000	-1000	1000	300	10000	-3750	-2225	0	0	-9333	-7666	0	minecraft:badlands
5500	10000	-1000	1000	300	10000	-3750	-2225	10000	10000	-9333	-7666	0	minecraft:badlands
5500	10000	-1000	1000	300	3000	-2225	500	0	0	-9333	-7666	0	minecraft:badlands
5500	10000	-1000	1000	300	3000	-2225	500	10000	10000	-9333	-7666	0	minecraft:badlands
5500	10000	-1000	1000	3000	10000	-2225	500	0	0	-9333	-7666	0	minecraft:badlands
5500	10000	-1000	1000	3000	10000	-2225	500	10000	10000	-9333	-7666	0	minecraft:badlands
5500	10000	-1000	1000	-1900	10000	500	4500	0	0	-9333	-7666	0	minecraft:desert
5500	10000	-1000	1000	-1900	10000	500	4500	10000	10000	-9333	-7666	0	minecraft:desert
5500	10000	-1000	1000	-1900	300	4500	5500	0	0	-9333	-7666	0	minecraft:desert
5500	10000	-1000	1000	-1900	300	4500	5500	10000	10000	-9333	-7666	0	minecraft:desert
5500	10000	-1000	1000	300	10000	4500	5500	0	0	-9333	-7666	0	minecraft:desert
5500	10000	-1000	1000	300	10000	4500	5500	10000	10000	-9333	-7666	0	minecraft:desert
5500	10000	-1000	1000	-1900	10000	5500	10000	0	0	-9333	-7666	0	minecraft:desert
5500	10000	-1000	1000	-1900	10000	5500	10000	10000	10000	-9333	-7666	0	minecraft:desert
5500	10000	1000	3000	-1900	-1100	-10000	-3750	0	0	-9333	-7666	0	minecraft:desert
5500	10000	1000	3000	-1900	-1100	-10000	-3750	10000	10000	-9333	-7666	0	minecraft:desert
5500	10000	1000	3000	-1100	300	-10000	-7799	0	0	-9333	-7666	0	minecraft:wooded_badlands
5500	10000	1000	3000	-1100	300	-10000	-7799	10000	10000	-9333	-7666	0	minecraft:wooded_badlands
5500	10000	1000	3000	300	10000	-10000	-7799	0	0	-9333	-7666	0	minecraft:wooded_badlands
5500	10000	1000	3000	300	10000	-10000	-7799	10000	10000	-9333	-7666	0	minecraft:wooded_badlands
5500	10000	1000	3000	-1100	300	-7799	-3750	0	0	-9333	-7666	0	minecraft:wooded_badlands
5500	10000	1000	3000	-1100	300	-7799	-3750	10000	10000	-9333	-7666	0	minecraft:wooded_badlands
5500	10000	1000	3000	300	10000	-7799	-3750	0	0	-9333	-7666	0	minecraft:wooded_badlands
5500	10000	1000	3000	300	10000	-7799	-3750	10000	10000	-9333	-7666	0	minecraft:wooded_badlands
5500	10000	1000	3000	-1900	300	-3750	500	0	0	-9333	-7666	0	minecraft:desert
5500	10000	1000	3000	-1900	300	-3750	500	10000	10000	-9333	-7666	0	minecraft:desert
5500	10000	1000	3000	300	10000	-3750	-2225	0	0	-9333	-7666	0	minecraft:wooded_badlands
5500	10000	1000	3000	300	10000	-3750	-2225	10000	10000	-9333	-7666	0	minecraft:wooded_badlands
5500	10000	1000	3000	300	3000	-2225	500	0	0	-9333	-7666	0	minecraft:wooded_badlands
5500	10000	1000	3000	300	3000	-2225	500	10000	10000	-9333	-7666	0	minecraft:wooded_badlands
5500	10000	1000	3000	3000	10000	-2225	500	0	0	-9333	-7666	0	minecraft:wooded_badlands
5500	10000	1000	3000	3000	10000	-2225	500	10000	10000	-9333	-7666	0	minecraft:wooded_badlands
5500	10000	1000	3000	-1900	10000	500	4500	0	0	-9333	-7666	0	minecraft:desert
5500	10000	1000	3000	-1900	10000	500	4500	10000	10000	-9333	-7666	0	minecraft:desert
5500	10000	1000	3000	-1900	300	4500	5500	0	0	-9333	-7666	0	minecraft:desert
5500	10000	1000	3000	-1900	300	4500	5500	10000	10000	-9333	-7666	0	minecraft:desert
5500	10000	1000	3000	300	10000	4500	5500	0	0	-9333	-7666	0	minecraft:desert
5500	10000	1000	3000	300	10000	4500	5500	10000	10000	-9333	-7666	0	minecraft:desert
5500	10000	1000	3000	-1900	10000	5500	10000	0	0	-9333	-7666	0	minecraft:desert
5500	10000	1000	3000	-1900	10000	5500	10000	10000	10000	-9333	-7666	0	minecraft:desert
5500	10000	3000	10000	-1900	-1100	-10000	-3750	0	0	-9333	-7666	0	minecraft:desert
5500	10000	3000	10000	-1900	-1100	-10000	-3750	10000	10000	-9333	-7666	0	minecraft:desert
5500	10000	3000	10000	-1100	300	-10000	-7799	0	0	-9333	-7666	0	minecraft:wooded_badlands
5500	10000	3000	10000	-1100	300	-10000	-7799	10000	10000	-9333	-7666	0	minecraft:wooded_badlands
5500	10000	3000	10000	300	10000	-10000	-7799	0	0	-9333	-7666	0	minecraft:wooded_badlands
5500	10000	3000	10000	300	10000	-10000	-7799	10000	10000	-9333	-7666	0	minecraft:wooded_badlands
5500	10000	3000	10000	-1100	300	-7799	-3750	0	0	-9333	-7666	0	minecraft:wooded_badlands
5500	10000	3000	10000	-1100	300	-7799	-3750	10000	10000	-9333	-7666	0	minecraft:wooded_badlands
5500	10000	3000	10000	300	10000	-7799	-3750	0	0	-9333	-7666	0	minecraft:wooded_badlands
5500	10000	3000	10000	300	10000	-7799	-3750	10000	10000	-9333	-7666	0	minecraft:wooded_badlands
5500	10000	3000	10000	-1900	300	-3750	500	0	0	-9333	-7666	0	minecraft:desert
5500	10000	3000	10000	-1900	300	-3750	500	10000	10000	-9333	-7666	0	minecraft:desert
5500	10000	3000	10000	300	10000	-3750	-2225	0	0	-9333	-7666	0	minecraft:wooded_badlands
5500	10000	3000	10000	300	10000	-3750	-2225	10000	10000	-9333	-7666	0	minecraft:wooded_badlands
5500	10000	3000	10000	300	3000	-2225	500	0	0	-9333	-7666	0	minecraft:wooded_badlands
5500	10000	3000	10000	300	3000	-2225	500	10000	10000	-9333	-7666	0	minecraft:wooded_badlands
5500	10000	3000	10000	3000	10000	-2225	500	0	0	-9333	-7666	0	minecraft:wooded_badlands
5500	10000	3000	10000	3000	10000	-2225	500	10000	10000	-9333	-7666	0	minecraft:wooded_badlands
5500	10000	3000	10000	-1900	10000	500	4500	0	0	-9333	-7666	0	minecraft:desert
5500	10000	3000	10000	-1900	10000	500	4500	10000	10000	-9333	-7666	0	minecraft:desert
5500	10000	3000	10000	-1900	300	4500	5500	0	0	-9333	-7666	0	minecraft:desert
5500	10000	3000	10000	-1900	300	4500	5500	10000	10000	-9333	-7666	0	minecraft:desert
5500	10000	3000	10000	300	10000	4500	5500	0	0	-9333	-7666	0	minecraft:desert
5500	10000	3000	10000	300	10000	4500	5500	10000	10000	-9333	-7666	0	minecraft:desert
5500	10000	3000	10000	-1900	10000	5500	10000	0	0	-9333	-7666	0	minecraft:desert
5500	10000	3000	10000	-1900	10000	5500	10000	10000	10000	-9333	-7666	0	minecraft:desert
-10000	-4500	-10000	-3500	-1900	10000	-10000	-7799	0	0	-7666	-5666	0	minecraft:jagged_peaks
-10000	-4500	-10000	-3500	-1900	10000	-10000	-7799	10000	10000	-7666	-5666	0	minecraft:jagged_peaks
-10000	-4500	-10000	-3500	-1900	300	-7799	-3750	0	0	-7666	-5666	0	minecraft:snowy_slopes
-10000	-4500	-10000	-3500	-1900	300	-7799	-3750	10000	10000	-7666	-5666	0	minecraft:snowy_slopes
-10000	-4500	-10000	-3500	300	10000	-7799	-3750	0	0	-7666	-5666	0	minecraft:jagged_peaks
-10000	-4500	-10000	-3500	300	10000	-7799	-3750	10000	10000	-7666	-5666	0	minecraft:jagged_peaks
-10000	-4500	-10000	-3500	-1900	300	-3750	500	0	0	-7666	-5666	0	minecraft:snowy_plains
-10000	-4500	-10000	-3500	-1900	300	-3750	500	10000	10000	-7666	-5666	0	minecraft:snowy_plains
-10000	-4500	-10000	-3500	300	10000	-3750	-2225	0	0	-7666	-5666	0	minecraft:snowy_plains
-10000	-4500	-10000	-3500	300	10000	-3750	-2225	10000	10000	-7666	-5666	0	minecraft:snowy_plains
-10000	-4500	-10000	-3500	300	3000	-2225	500	0	0	-7666	-5666	0	minecraft:snowy_plains
-10000	-4500	-10000	-3500	300	3000	-2225	500	10000	10000	-7666	-5666	0	minecraft:snowy_plains
-10000	-4500	-10000	-3500	3000	10000	-2225	500	0	0	-7666	-5666	0	minecraft:snowy_plains
-10000	-4500	-10000	-3500	3000	10000	-2225	500	10000	10000	-7666	-5666	0	minecraft:snowy_plains
-10000	-4500	-10000	-3500	-1900	10000	500	4500	0	0	-7666	-5666	0	minecraft:snowy_plains
-10000	-4500	-10000	-3500	-1900	10000	500	4500	10000	10000	-7666	-5666	0	minecraft:snowy_plains
-10000	-4500	-10000	-3500	-1900	300	4500	5500	0	0	-7666	-5666	0	minecraft:windswept_gravelly_hills
-10000	-4500	-10000	-3500	-1900	300	4500	5500	10000	10000	-7666	-5666	0	minecraft:windswept_gravelly_hills
-10000	-4500	-10000	-3500	300	10000	4500	5500	0	0	-7666	-5666	0	minecraft:windswept_gravelly_hills
-10000	-4500	-10000	-3500	300	10000	4500	5500	10000	10000	-7666	-5666	0	minecraft:windswept_gravelly_hills
-10000	-4500	-10000	-3500	-1900	10000	5500	10000	0	0	-7666	-5666	0	minecraft:snowy_plains
-10000	-4500	-10000	-3500	-1900	10000	5500	10000	10000	10000	-7666	-5666	0	minecraft:snowy_plains
-10000	-4500	-3500	-1000	-1900	10000	-10000	-7799	0	0	-7666	-5666	0	minecraft:jagged_peaks
-10000	-4500	-3500	-1000	-1900	10000	-10000	-7799	10000	10000	-7666	-5666	0	minecraft:jagged_peaks
-10000	-4500	-3500	-1000	-1900	300	-7799	-3750	0	0	-7666	-5666	0	minecraft:snowy_slopes
-10000	-4500	-3500	-1000	-1900	300	-7799	-3750	10000	10000	-7666	-5666	0	minecraft:snowy_slopes
-10000	-4500	-3500	-1000	300	10000	-7799	-3750	0	0	-7666	-5666	0	minecraft:jagged_peaks
-10000	-4500	-3500	-1000	300	10000	-7799	-3750	10000	10000	-7666	-5666	0	minecraft:jagged_peaks
-10000	-4500	-3500	-1000	-1900	300	-3750	500	0	0	-7666	-5666	0	minecraft:snowy_plains
-10000	-4500	-3500	-1000	-1900	300	-3750	500	10000	10000	-7666	-5666	0	minecraft:snowy_plains
-10000	-4500	-3500	-1000	300	10000	-3750	-2225	0	0	-7666	-5666	0	minecraft:snowy_plains
-10000	-4500	-3500	-1000	300	10000	-3750	-2225	10000	10000	-7666	-5666	0	minecraft:snowy_plains
-10000	-4500	-3500	-1000	300	3000	-2225	500	0	0	-7666	-5666	0	minecraft:snowy_plains
-10000	-4500	-3500	-1000	300	3000	-2225	500	10000	10000	-7666	-5666	0	minecraft:snowy_plains
-10000	-4500	-3500	-1000	3000	10000	-2225	500	0	0	-7666	-5666	0	minecraft:snowy_plains
-10000	-4500	-3500	-1000	3000	10000	-2225	500	10000	10000	-7666	-5666	0	minecraft:snowy_plains
-10000	-4500	-3500	-1000	-1900	10000	500	4500	0	0	-7666	-5666	0	minecraft:snowy_plains
-10000	-4500	-3500	-1000	-1900	10000	500	4500	10000	10000	-7666	-5666	0	minecraft:snowy_plains
-10000	-4500	-3500	-1000	-1900	300	4500	5500	0	0	-7666	-5666	0	minecraft:windswept_gravelly_hills
-10000	-4500	-3500	-1000	-1900	300	4500	5500	10000	10000	-7666	-5666	0	minecraft:windswept_gravelly_hills
-10000	-4500	-3500	-1000	300	10000	4500	5500	0	0	-7666	-5666	0	minecraft:windswept_gravelly_hills
-10000	-4500	-3500	-1000	300	10000	4500	5500	10000	10000	-7666	-5666	0	minecraft:windswept_gravelly_hills
-10000	-4500	-3500	-1000	-1900	10000	5500	10000	0	0	-7666	-5666	0	minecraft:snowy_plains
-10000	-4500	-3500	-1000	-1900	10000	5500	10000	10000	10000	-7666	-5666	0	minecraft:snowy_plains
-10000	-4500	-1000	1000	-1900	10000	-10000	-7799	0	0	-7666	-5666	0	minecraft:jagged_peaks
-10000	-4500	-1000	1000	-1900	10000	-10000	-7799	10000	10000	-7666	-5666	0	minecraft:jagged_peaks
-10000	-4500	-1000	1000	-1900	300	-7799	-3750	0	0	-7666	-5666	0	minecraft:grove
-10000	-4500	-1000	1000	-1900	300	-7799	-3750	10000	10000	-7666	-5666	0	minecraft:grove
-10000	-4500	-1000	1000	300	10000	-7799	-3750	0	0	-7666	-5666	0	minecraft:jagged_peaks
-10000	-4500	-1000	1000	300	10000	-7799	-3750	10000	10000	-7666	-5666	0	minecraft:jagged_peaks
-10000	-4500	-1000	1000	-1900	300	-3750	500	0	0	-7666	-5666	0	minecraft:snowy_plains
-10000	-4500	-1000	1000	-1900	300	-3750	500	10000	10000	-7666	-5666	0	minecraft:snowy_plains
-10000	-4500	-1000	1000	300	10000	-3750	-2225	0	0	-7666	-5666	0	minecraft:snowy_plains
-10000	-4500	-1000	1000	300	10000	-3750	-2225	10000	10000	-7666	-5666	0	minecraft:snowy_plains
-10000	-4500	-1000	1000	300	3000	-2225	500	0	0	-7666	-5666	0	minecraft:snowy_plains
-10000	-4500	-1000	1000	300	3000	-2225	500	10000	10000	-7666	-5666	0	minecraft:snowy_plains
-10000	-4500	-1000	1000	3000	10000	-2225	500	0	0	-7666	-5666	0	minecraft:snowy_plains
-10000	-4500	-1000	1000	3000	10000	-2225	500	10000	10000	-7666	-5666	0	minecraft:snowy_plains
-10000	-4500	-1000	1000	-1900	10000	500	4500	0	0	-7666	-5666	0	minecraft:snowy_plains
-10000	-4500	-1000	1000	-1900	10000	500	4500	10000	10000	-7666	-5666	0	minecraft:snowy_plains
-10000	-4500	-1000	1000	-1900	300	4500	5500	0	0	-7666	-5666	0	minecraft:windswept_hills
-10000	-4500	-1000	1000	-1900	300	4500	5500	10000	10000	-7666	-5666	0	minecraft:windswept_hills
-10000	-4500	-1000	1000	300	10000	4500	5500	0	0	-7666	-5666	0	minecraft:windswept_hills
-10000	-4500	-1000	1000	300	10000	4500	5500	10000	10000	-7666	-5666	0	minecraft:windswept_hills
-10000	-4500	-1000	1000	-1900	10000	5500	10000	0	0	-7666	-5666	0	minecraft:snowy_plains
-10000	-4500	-1000	1000	-1900	10000	5500	10000	10000	10000	-7666	-5666	0	minecraft:snowy_plains
-10000	-4500	1000	3000	-1900	10000	-10000	-7799	0	0	-7666	-5666	0	minecraft:jagged_peaks
-10000	-4500	1000	3000	-1900	10000	-10000	-7799	10000	10000	-7666	-5666	0	minecraft:jagged_peaks
-10000	-4500	1000	3000	-1900	300	-7799	-3750	0	0	-7666	-5666	0	minecraft:grove
-10000	-4500	1000	3000	-1900	300	-7799	-3750	10000	10000	-7666	-5666	0	minecraft:grove
-10000	-4500	1000	3000	300	10000	-7799	-3750	0	0	-7666	-5666	0	minecraft:jagged_peaks
-10000	-4500	1000	3000	300	10000	-7799	-3750	10000	10000	-7666	-5666	0	minecraft:jagged_peaks
-10000	-4500	1000	3000	-1900	300	-3750	500	0	0	-7666	-5666	0	minecraft:snowy_taiga
-10000	-4500	1000	3000	-1900	300	-3750	500	10000	10000	-7666	-5666	0	minecraft:snowy_taiga
-10000	-4500	1000	3000	300	10000	-3750	-2225	0	0	-7666	-5666	0	minecraft:snowy_taiga
-10000	-4500	1000	3000	300	10000	-3750	-2225	10000	10000	-7666	-5666	0	minecraft:snowy_taiga
-10000	-4500	1000	3000	300	3000	-2225	500	0	0	-7666	-5666	0	minecraft:snowy_taiga
-10000	-4500	1000	3000	300	3000	-2225	500	10000	10000	-7666	-5666	0	minecraft:snowy_taiga
-10000	-4500	1000	3000	3000	10000	-2225	500	0	0	-7666	-5666	0	minecraft:snowy_taiga
-10000	-4500	1000	3000	3000	10000	-2225	500	10000	10000	-7666	-5666	0	minecraft:snowy_taiga
-10000	-4500	1000	3000	-1900	10000	500	4500	0	0	-7666	-5666	0	minecraft:snowy_taiga
-10000	-4500	1000	3000	-1900	10000	500	4500	10000	10000	-7666	-5666	0	minecraft:snowy_taiga
-10000	-4500	1000	3000	-1900	300	4500	5500	0	0	-7666	-5666	0	minecraft:windswept_forest
-10000	-4500	1000	3000	-1900	300	4500	5500	10000	10000	-7666	-5666	0	minecraft:windswept_forest
-10000	-4500	1000	3000	300	10000	4500	5500	0	0	-7666	-5666	0	minecraft:windswept_forest
-10000	-4500	1000	3000	300	10000	4500	5500	10000	10000	-7666	-5666	0	minecraft:windswept_forest
-10000	-4500	1000	3000	-1900	10000	5500	10000	0	0	-7666	-5666	0	minecraft:snowy_taiga
-10000	-4500	1000	3000	-1900	10000	5500	10000	10000	10000	-7666	-5666	0	minecraft:snowy_taiga
-10000	-4500	3000	10000	-1900	10000	-10000	-7799	0	0	-7666	-5666	0	minecraft:jagged_peaks
-10000	-4500	3000	10000	-1900	10000	-10000	-7799	10000	10000	-7666	-5666	0	minecraft:jagged_peaks
-10000	-4500	3000	10000	-1900	300	-7799	-3750	0	0	-7666	-5666	0	minecraft:grove
-10000	-4500	3000	10000	-1900	300	-7799	-3750	10000	10000	-7666	-5666	0	minecraft:grove
-10000	-4500	3000	10000	300	10000	-7799	-3750	0	0	-7666	-5666	0	minecraft:jagged_peaks
-10000	-4500	3000	10000	300	10000	-7799	-3750	10000	10000	-7666	-5666	0	minecraft:jagged_peaks
-10000	-4500	3000	10000	-1900	300	-3750	500	0	0	-7666	-5666	0	minecraft:taiga
-10000	-4500	3000	10000	-1900	300	-3750	500	10000	10000	-7666	-5666	0	minecraft:taiga
-10000	-4500	3000	10000	300	10000	-3750	-2225	0	0	-7666	-5666	0	minecraft:snowy_taiga
-10000	-4500	3000	10000	300	10000	-3750	-2225	10000	10000	-7666	-5666	0	minecraft:snowy_taiga
-10000	-4500	3000	10000	300	3000	-2225	500	0	0	-7666	-5666	0	minecraft:taiga
-10000	-4500	3000	10000	300	3000	-2225	500	10000	10000	-7666	-5666	0	minecraft:taiga
-10000	-4500	3000	10000	3000	10000	-2225	500	0	0	-7666	-5666	0	minecraft:snowy_taiga
-10000	-4500	3000	10000	3000	10000	-2225	500	10000	10000	-7666	-5666	0	minecraft:snowy_taiga
-10000	-4500	3000	10000	-1900	10000	500	4500	0	0	-7666	-5666	0	minecraft:taiga
-10000	-4500	3000	10000	-1900	10000	500	4500	10000	10000	-7666	-5666	0	minecraft:taiga
-10000	-4500	3000	10000	-1900	300	4500	5500	0	0	-7666	-5666	0	minecraft:windswept_forest
-10000	-4500	3000	10000	-1900	300	4500	5500	10000	10000	-7666	-5666	0	minecraft:windswept_forest
-10000	-4500	3000	10000	300	10000	4500	5500	0	0	-7666	-5666	0	minecraft:windswept_forest
-10000	-4500	3000	10000	300	10000	4500	5500	10000	10000	-7666	-5666	0	minecraft:windswept_forest
-10000	-4500	3000	10000	-1900	10000	5500	10000	0	0	-7666	-5666	0	minecraft:taiga
-10000	-4500	3000	10000	-1900	10000	5500	10000	10000	10000	-7666	-5666	0	minecraft:taiga
-4500	-1500	-10000	-3500	-1900	10000	-10000	-7799	0	0	-7666	-5666	0	minecraft:jagged_peaks
-4500	-1500	-10000	-3500	-1900	10000	-10000	-7799	10000	10000	-7666	-5666	0	minecraft:jagged_peaks
-4500	-1500	-10000	-3500	-1900	300	-7799	-3750	0	0	-7666	-5666	0	minecraft:plains
-4500	-1500	-10000	-3500	-1900	300	-7799	-3750	10000	10000	-7666	-5666	0	minecraft:plains
-4500	-1500	-10000	-3500	300	10000	-7799	-3750	0	0	-7666	-5666	0	minecraft:jagged_peaks
-4500	-1500	-10000	-3500	300	10000	-7799	-3750	10000	10000	-7666	-5666	0	minecraft:jagged_peaks
-4500	-1500	-10000	-3500	-1900	300	-3750	500	0	0	-7666	-5666	0	minecraft:plains
-4500	-1500	-10000	-3500	-1900	300	-3750	500	10000	10000	-7666	-5666	0	minecraft:plains
-4500	-1500	-10000	-3500	300	10000	-3750	-2225	0	0	-7666	-5666	0	minecraft:meadow
-4500	-1500	-10000	-3500	300	10000	-3750	-2225	10000	10000	-7666	-5666	0	minecraft:meadow
-4500	-1500	-10000	-3500	300	3000	-2225	500	0	0	-7666	-5666	0	minecraft:plains
-4500	-1500	-10000	-3500	300	3000	-2225	500	10000	10000	-7666	-5666	0	minecraft:plains
-4500	-1500	-10000	-3500	3000	10000	-2225	500	0	0	-7666	-5666	0	minecraft:meadow
-4500	-1500	-10000	-3500	3000	10000	-2225	500	10000	10000	-7666	-5666	0	minecraft:meadow
-4500	-1500	-10000	-3500	-1900	10000	500	4500	0	0	-7666	-5666	0	minecraft:plains
-4500	-1500	-10000	-3500	-1900	10000	500	4500	10000	10000	-7666	-5666	0	minecraft:plains
-4500	-1500	-10000	-3500	-1900	300	4500	5500	0	0	-7666	-5666	0	minecraft:windswept_gravelly_hills
-4500	-1500	-10000	-3500	-1900	300	4500	5500	10000	10000	-7666	-5666	0	minecraft:windswept_gravelly_hills
-4500	-1500	-10000	-3500	300	10000	4500	5500	0	0	-7666	-5666	0	minecraft:windswept_gravelly_hills
-4500	-1500	-10000	-3500	300	10000	4500	5500	10000	10000	-7666	-5666	0	minecraft:windswept_gravelly_hills
-4500	-1500	-10000	-3500	-1900	10000	5500	10000	0	0	-7666	-5666	0	minecraft:plains
-4500	-1500	-10000	-3500	-1900	10000	5500	10000	10000	10000	-7666	-5666	0	minecraft:plains
-4500	-1500	-3500	-1000	-1900	10000	-10000	-7799	0	0	-7666	-5666	0	minecraft:jagged_peaks
-4500	-1500	-3500	-1000	-1900	10000	-10000	-7799	10000	10000	-7666	-5666	0	minecraft:jagged_peaks
-4500	-1500	-3500	-1000	-1900	300	-7799	-3750	0	0	-7666	-5666	0	minecraft:plains
-4500	-1500	-3500	-1000	-1900	300	-7799	-3750	10000	10000	-7666	-5666	0	minecraft:plains
-4500	-1500	-3500	-1000	300	10000	-7799	-3750	0	0	-7666	-5666	0	minecraft:jagged_peaks
-4500	-1500	-3500	-1000	300	10000	-7799	-3750	10000	10000	-7666	-5666	0	minecraft:jagged_peaks
-4500	-1500	-3500	-1000	-1900	300	-3750	500	0	0	-7666	-5666	0	minecraft:plains
-4500	-1500	-3500	-1000	-1900	300	-3750	500	10000	10000	-7666	-5666	0	minecraft:plains
-4500	-1500	-3500	-1000	300	10000	-3750	-2225	0	0	-7666	-5666	0	minecraft:meadow
-4500	-1500	-3500	-1000	300	10000	-3750	-2225	10000	10000	-7666	-5666	0	minecraft:meadow
-4500	-1500	-3500	-1000	300	3000	-2225	500	0	0	-7666	-5666	0	minecraft:plains
-4500	-1500	-3500	-1000	300	3000	-2225	500	10000	10000	-7666	-5666	0	minecraft:plains
-4500	-1500	-3500	-1000	3000	10000	-2225	500	0	0	-7666	-5666	0	minecraft:meadow
-4500	-1500	-3500	-1000	3000	10000	-2225	500	10000	10000	-7666	-5666	0	minecraft:meadow
-4500	-1500	-3500	-1000	-1900	10000	500	4500	0	0	-7666	-5666	0	minecraft:plains
-4500	-1500	-3500	-1000	-1900	10000	500	4500	10000	10000	-7666	-5666	0	minecraft:plains
-4500	-1500	-3500	-1000	-1900	300	4500	5500	0	0	-7666	-5666	0	minecraft:windswept_gravelly_hills
-4500	-1500	-3500	-1000	-1900	300	4500	5500	10000	10000	-7666	-5666	0	minecraft:windswept_gravelly_hills
-4500	-1500	-3500	-1000	300	10000	4500	5500	0	0	-7666	-5666	0	minecraft:windswept_gravelly_hills
-4500	-1500	-3500	-1000	300	10000	4500	5500	10000	10000	-7666	-5666	0	minecraft:windswept_gravelly_hills
-4500	-1500	-3500	-1000	-1900	10000	5500	10000	0	0	-7666	-5666	0	minecraft:plains
-4500	-1500	-3500	-1000	-1900	10000	5500	10000	10000	10000	-7666	-5666	0	minecraft:plains
-4500	-1500	-1000	1000	-1900	10000	-10000	-7799	0	0	-7666	-5666	0	minecraft:jagged_peaks
-4500	-1500	-1000	1000	-1900	10000	-10000	-7799	10000	10000	-7666	-5666	0	minecraft:jagged_peaks
-4500	-1500	-1000	1000	-1900	300	-7799	-3750	0	0	-7666	-5666	0	minecraft:forest
-4500	-1500	-1000	1000	-1900	300	-7799	-3750	10000	10000	-7666	-5666	0	minecraft:forest
-4500	-1500	-1000	1000	300	10000	-7799	-3750	0	0	-7666	-5666	0	minecraft:jagged_peaks
-4500	-1500	-1000	1000	300	10000	-7799	-3750	10000	10000	-7666	-5666	0	minecraft:jagged_peaks
-4500	-1500	-1000	1000	-1900	300	-3750	500	0	0	-7666	-5666	0	minecraft:forest
-4500	-1500	-1000	1000	-1900	300	-3750	500	10000	10000	-7666	-5666	0	minecraft:forest
-4500	-1500	-1000	1000	300	10000	-3750	-2225	0	0	-7666	-5666	0	minecraft:forest
-4500	-1500	-1000	1000	300	10000	-3750	-2225	10000	10000	-7666	-5666	0	minecraft:forest
-4500	-1500	-1000	1000	300	3000	-2225	500	0	0	-7666	-5666	0	minecraft:forest
-4500	-1500	-1000	1000	300	3000	-2225	500	10000	10000	-7666	-5666	0	minecraft:forest
-4500	-1500	-1000	1000	3000	10000	-2225	500	0	0	-7666	-5666	0	minecraft:forest
-4500	-1500	-1000	1000	3000	10000	-2225	500	10000	10000	-7666	-5666	0	minecraft:forest
-4500	-1500	-1000	1000	-1900	10000	500	4500	0	0	-7666	-5666	0	minecraft:forest
-4500	-1500	-1000	1000	-1900	10000	500	4500	10000	10000	-7666	-5666	0	minecraft:forest
-4500	-1500	-1000	1000	-1900	300	4500	5500	0	0	-7666	-5666	0	minecraft:windswept_hills
-4500	-1500	-1000	1000	-1900	300	4500	5500	10000	10000	-7666	-5666	0	minecraft:windswept_hills
-4500	-1500	-1000	1000	300	10000	4500	5500	0	0	-7666	-5666	0	minecraft:windswept_hills
-4500	-1500	-1000	1000	300	10000	4500	5500	10000	10000	-7666	-5666	0	minecraft:windswept_hills
-4500	-1500	-1000	1000	-1900	10000	5500	10000	0	0	-7666	-5666	0	minecraft:forest
-4500	-1500	-1000	1000	-1900	10000	5500	10000	10000	10000	-7666	-5666	0	minecraft:forest
-4500	-1500	1000	3000	-1900	10000	-10000	-7799	0	0	-7666	-5666	0	minecraft:jagged_peaks
-4500	-1500	1000	3000	-1900	10000	-10000	-7799	10000	10000	-7666	-5666	0	minecraft:jagged_peaks
-4500	-1500	1000	3000	-1900	300	-7799	-3750	0	0	-7666	-5666	0	minecraft:taiga
-4500	-1500	1000	3000	-1900	300	-7799	-3750	10000	10000	-7666	-5666	0	minecraft:taiga
-4500	-1500	1000	3000	300	10000	-7799	-3750	0	0	-7666	-5666	0	minecraft:jagged_peaks
-4500	-1500	1000	3000	300	10000	-7799	-3750	10000	10000	-7666	-5666	0	minecraft:jagged_peaks
-4500	-1500	1000	3000	-1900	300	-3750	500	0	0	-7666	-5666	0	minecraft:taiga
-4500	-1500	1000	3000	-1900	300	-3750	500	10000	10000	-7666	-5666	0	minecraft:taiga
-4500	-1500	1000	3000	300	10000	-3750	-2225	0	0	-7666	-5666	0	minecraft:taiga
-4500	-1500	1000	3000	300	10000	-3750	-2225	10000	10000	-7666	-5666	0	minecraft:taiga
-4500	-1500	1000	3000	300	3000	-2225	500	0	0	-7666	-5666	0	minecraft:taiga
-4500	-1500	1000	3000	300	3000	-2225	500	10000	10000	-7666	-5666	0	minecraft:taiga
-4500	-1500	1000	3000	3000	10000	-2225	500	0	0	-7666	-5666	0	minecraft:taiga
-4500	-1500	1000	3000	3000	10000	-2225	500	10000	10000	-7666	-5666	0	minecraft:taiga
-4500	-1500	1000	3000	-1900	10000	500	4500	0	0	-7666	-5666	0	minecraft:taiga
-4500	-1500	1000	3000	-1900	10000	500	4500	10000	10000	-7666	-5666	0	minecraft:taiga
-4500	-1500	1000	3000	-1900	300	4500	5500	0	0	-7666	-5666	0	minecraft:windswept_forest
-4500	-1500	1000	3000	-1900	300	4500	5500	10000	10000	-7666	-5666	0	minecraft:windswept_forest
-4500	-1500	1000	3000	300	10000	4500	5500	0	0	-7666	-5666	0	minecraft:windswept_forest
-4500	-1500	1000	3000	300	10000	4500	5500	10000	10000	-7666	-5666	0	minecraft:windswept_forest
-4500	-1500	1000	3000	-1900	10000	5500	10000	0	0	-7666	-5666	0	minecraft:taiga
-4500	-1500	1000	3000	-1900	10000	5500	10000	10000	10000	-7666	-5666	0	minecraft:taiga
-4500	-1500	3000	10000	-1900	10000	-10000	-7799	0	0	-7666	-5666	0	minecraft:jagged_peaks
-4500	-1500	3000	10000	-1900	10000	-10000	-7799	10000	10000	-7666	-5666	0	minecraft:jagged_peaks
-4500	-1500	3000	10000	-1900	300	-7799	-3750	0	0	-7666	-5666	0	minecraft:old_growth_spruce_taiga
-4500	-1500	3000	10000	-1900	300	-7799	-3750	10000	10000	-7666	-5666	0	minecraft:old_growth_spruce_taiga
-4500	-1500	3000	10000	300	10000	-7799	-3750	0	0	-7666	-5666	0	minecraft:jagged_peaks
-4500	-1500	3000	10000	300	10000	-7799	-3750	10000	10000	-7666	-5666	0	minecraft:jagged_peaks
-4500	-1500	3000	10000	-1900	300	-3750	500	0	0	-7666	-5666	0	minecraft:old_growth_spruce_taiga
-4500	-1500	3000	10000	-1900	300	-3750	500	10000	10000	-7666	-5666	0	minecraft:old_growth_spruce_taiga
-4500	-1500	3000	10000	300	10000	-3750	-2225	0	0	-7666	-5666	0	minecraft:old_growth_spruce_taiga
-4500	-1500	3000	10000	300	10000	-3750	-2225	10000	10000	-7666	-5666	0	minecraft:old_growth_spruce_taiga
-4500	-1500	3000	10000	300	3000	-2225	500	0	0	-7666	-5666	0	minecraft:old_growth_spruce_taiga
-4500	-1500	3000	10000	300	3000	-2225	500	10000	10000	-7666	-5666	0	minecraft:old_growth_spruce_taiga
-4500	-1500	3000	10000	3000	10000	-2225	500	0	0	-7666	-5666	0	minecraft:old_growth_spruce_taiga
-4500	-1500	3000	10000	3000	10000	-2225	500	10000	10000	-7666	-5666	0	minecraft:old_growth_spruce_taiga
-4500	-1500	3000	10000	-1900	10000	500	4500	0	0	-7666	-5666	0	minecraft:old_growth_spruce_taiga
-4500	-1500	3000	10000	-1900	10000	500	4500	10000	10000	-7666	-5666	0	minecraft:old_growth_spruce_taiga
-4500	-1500	3000	10000	-1900	300	4500	5500	0	0	-7666	-5666	0	minecraft:windswept_forest
-4500	-1500	3000	10000	-1900	300	4500	5500	10000	10000	-7666	-5666	0	minecraft:windswept_forest
-4500	-1500	3000	10000	300	10000	4500	5500	0	0	-7666	-5666	0	minecraft:windswept_forest
-4500	-1500	3000	10000	300	10000	4500	5500	10000	10000	-7666	-5666	0	minecraft:windswept_forest
-4500	-1500	3000	10000	-1900	10000	5500	10000	0	0	-7666	-5666	0	minecraft:old_growth_spruce_taiga
-4500	-1500	3000	10000	-1900	10000	5500	10000	10000	10000	-7666	-5666	0	minecraft:old_growth_spruce_taiga
-1500	2000	-10000	-3500	-1900	10000	-10000	-7799	0	0	-7666	-5666	0	minecraft:jagged_peaks
-1500	2000	-10000	-3500	-1900	10000	-10000	-7799	10000	10000	-7666	-5666	0	minecraft:jagged_peaks
-1500	2000	-10000	-3500	-1900	300	-7799	-3750	0	0	-7666	-5666	0	minecraft:flower_forest
-1500	2000	-10000	-3500	-1900	300	-7799	-3750	10000	10000	-7666	-5666	0	minecraft:flower_forest
-1500	2000	-10000	-3500	300	10000	-7799	-3750	0	0	-7666	-5666	0	minecraft:jagged_peaks
-1500	2000	-10000	-3500	300	10000	-7799	-3750	10000	10000	-7666	-5666	0	minecraft:jagged_peaks
-1500	2000	-10000	-3500	-1900	300	-3750	500	0	0	-7666	-5666	0	minecraft:flower_forest
-1500	2000	-10000	-3500	-1900	300	-3750	500	10000	10000	-7666	-5666	0	minecraft:flower_forest
-1500	2000	-10000	-3500	300	10000	-3750	-2225	0	0	-7666	-5666	0	minecraft:meadow
-1500	2000	-10000	-3500	300	10000	-3750	-2225	10000	10000	-7666	-5666	0	minecraft:meadow
-1500	2000	-10000	-3500	300	3000	-2225	500	0	0	-7666	-5666	0	minecraft:flower_forest
-1500	2000	-10000	-3500	300	3000	-2225	500	10000	10000	-7666	-5666	0	minecraft:flower_forest
-1500	2000	-10000	-3500	3000	10000	-2225	500	0	0	-7666	-5666	0	minecraft:meadow
-1500	2000	-10000	-3500	3000	10000	-2225	500	10000	10000	-7666	-5666	0	minecraft:meadow
-1500	2000	-10000	-3500	-1900	10000	500	4500	0	0	-7666	-5666	0	minecraft:flower_forest
-1500	2000	-10000	-3500	-1900	10000	500	4500	10000	10000	-7666	-5666	0	minecraft:flower_forest
-1500	2000	-10000	-3500	-1900	300	4500	5500	0	0	-7666	-5666	0	minecraft:windswept_hills
-1500	2000	-10000	-3500	-1900	300	4500	5500	10000	10000	-7666	-5666	0	minecraft:windswept_hills
-1500	2000	-10000	-3500	300	10000	4500	5500	0	0	-7666	-5666	0	minecraft:windswept_hills
-1500	2000	-10000	-3500	300	10000	4500	5500	10000	10000	-7666	-5666	0	minecraft:windswept_hills
-1500	2000	-10000	-3500	-1900	10000	5500	10000	0	0	-7666	-5666	0	minecraft:flower_forest
-1500	2000	-10000	-3500	-1900	10000	5500	10000	10000	10000	-7666	-5666	0	minecraft:flower_forest
-1500	2000	-3500	-1000	-1900	10000	-10000	-7799	0	0	-7666	-5666	0	minecraft:jagged_peaks
-1500	2000	-3500	-1000	-1900	10000	-10000	-7799	10000	10000	-7666	-5666	0	minecraft:jagged_peaks
-1500	2000	-3500	-1000	-1900	300	-7799	-3750	0	0	-7666	-5666	0	minecraft:plains
-1500	2000	-3500	-1000	-1900	300	-7799	-3750	10000	10000	-7666	-5666	0	minecraft:plains
-1500	2000	-3500	-1000	300	10000	-7799	-3750	0	0	-7666	-5666	0	minecraft:jagged_peaks
-1500	2000	-3500	-1000	300	10000	-7799	-3750	10000	10000	-7666	-5666	0	minecraft:jagged_peaks
-1500	2000	-3500	-1000	-1900	300	-3750	500	0	0	-7666	-5666	0	minecraft:plains
-1500	2000	-3500	-1000	-1900	300	-3750	500	10000	10000	-7666	-5666	0	minecraft:plains
-1500	2000	-3500	-1000	300	10000	-3750	-2225	0	0	-7666	-5666	0	minecraft:meadow
-1500	2000	-3500	-1000	300	10000	-3750	-2225	10000	10000	-7666	-5666	0	minecraft:meadow
-1500	2000	-3500	-1000	300	3000	-2225	500	0	0	-7666	-5666	0	minecraft:plains
-1500	2000	-3500	-1000	300	3000	-2225	500	10000	10000	-7666	-5666	0	minecraft:plains
-1500	2000	-3500	-1000	3000	10000	-2225	500	0	0	-7666	-5666	0	minecraft:meadow
-1500	2000	-3500	-1000	3000	10000	-2225	500	10000	10000	-7666	-5666	0	minecraft:meadow
-1500	2000	-3500	-1000	-1900	10000	500	4500	0	0	-7666	-5666	0	minecraft:plains
-1500	2000	-3500	-1000	-1900	10000	500	4500	10000	10000	-7666	-5666	0	minecraft:plains
-1500	2000	-3500	-1000	-1900	300	4500	5500	0	0	-7666	-5666	0	minecraft:windswept_hills
-1500	2000	-3500	-1000	-1900	300	4500	5500	10000	10000	-7666	-5666	0	minecraft:windswept_hills
-1500	2000	-3500	-1000	300	10000	4500	5500	0	0	-7666	-5666	0	minecraft:windswept_hills
-1500	2000	-3500	-1000	300	10000	4500	5500	10000	10000	-7666	-5666	0	minecraft:windswept_hills
-1500	2000	-3500	-1000	-1900	10000	5500	10000	0	0	-7666	-5666	0	minecraft:plains
-1500	2000	-3500	-1000	-1900	10000	5500	10000	10000	10000	-7666	-5666	0	minecraft:plains
-1500	2000	-1000	1000	-1900	10000	-10000	-7799	0	0	-7666	-5666	0	minecraft:jagged_peaks
-1500	2000	-1000	1000	-1900	10000	-10000	-7799	10000	10000	-7666	-5666	0	minecraft:jagged_peaks
-1500	2000	-1000	1000	-1900	300	-7799	-3750	0	0	-7666	-5666	0	minecraft:forest
-1500	2000	-1000	1000	-1900	300	-7799	-3750	10000	10000	-7666	-5666	0	minecraft:forest
-1500	2000	-1000	1000	300	10000	-7799	-3750	0	0	-7666	-5666	0	minecraft:jagged_peaks
-1500	2000	-1000	1000	300	10000	-7799	-3750	10000	10000	-7666	-5666	0	minecraft:jagged_peaks
-1500	2000	-1000	1000	-1900	300	-3750	500	0	0	-7666	-5666	0	minecraft:forest
-1500	2000	-1000	1000	-1900	300	-3750	500	10000	10000	-7666	-5666	0	minecraft:forest
-1500	2000	-1000	1000	300	10000	-3750	-2225	0	0	-7666	-5666	0	minecraft:meadow
-1500	2000	-1000	1000	300	10000	-3750	-2225	10000	10000	-7666	-5666	0	minecraft:meadow
-1500	2000	-1000	1000	300	3000	-2225	500	0	0	-7666	-5666	0	minecraft:forest
-1500	2000	-1000	1000	300	3000	-2225	500	10000	10000	-7666	-5666	0	minecraft:forest
-1500	2000	-1000	1000	3000	10000	-2225	500	0	0	-7666	-5666	0	minecraft:meadow
-1500	2000	-1000	1000	3000	10000	-2225	500	10000	10000	-7666	-5666	0	minecraft:meadow
-1500	2000	-1000	1000	-1900	10000	500	4500	0	0	-7666	-5666	0	minecraft:forest
-1500	2000	-1000	1000	-1900	10000	500	4500	10000	10000	-7666	-5666	0	minecraft:forest
-1500	2000	-1000	1000	-1900	300	4500	5500	0	0	-7666	-5666	0	minecraft:windswept_hills
-1500	2000	-1000	1000	-1900	300	4500	5500	10000	10000	-7666	-5666	0	minecraft:windswept_hills
-1500	2000	-1000	1000	300	10000	4500	5500	0	0	-7666	-5666	0	minecraft:windswept_hills
-1500	2000	-1000	1000	300	10000	4500	5500	10000	10000	-7666	-5666	0	minecraft:windswept_hills
-1500	2000	-1000	1000	-1900	10000	5500	10000	0	0	-7666	-5666	0	minecraft:forest
-1500	2000	-1000	1000	-1900	10000	5500	10000	10000	10000	-7666	-5666	0	minecraft:forest
-1500	2000	1000	3000	-1900	10000	-10000	-7799	0	0	-7666	-5666	0	minecraft:jagged_peaks
-1500	2000	1000	3000	-1900	10000	-10000	-7799	10000	10000	-7666	-5666	0	minecraft:jagged_peaks
-1500	2000	1000	3000	-1900	300	-7799	-3750	0	0	-7666	-5666	0	minecraft:birch_forest
-1500	2000	1000	3000	-1900	300	-7799	-3750	10000	10000	-7666	-5666	0	minecraft:birch_forest
-1500	2000	1000	3000	300	10000	-7799	-3750	0	0	-7666	-5666	0	minecraft:jagged_peaks
-1500	2000	1000	3000	300	10000	-7799	-3750	10000	10000	-7666	-5666	0	minecraft:jagged_peaks
-1500	2000	1000	3000	-1900	300	-3750	500	0	0	-7666	-5666	0	minecraft:birch_forest
-1500	2000	1000	3000	-1900	300	-3750	500	10000	10000	-7666	-5666	0	minecraft:birch_forest
-1500	2000	1000	3000	300	10000	-3750	-2225	0	0	-7666	-5666	0	minecraft:meadow
-1500	2000	1000	3000	300	10000	-3750	-2225	10000	10000	-7666	-5666	0	minecraft:meadow
-1500	2000	1000	3000	300	3000	-2225	500	0	0	-7666	-5666	0	minecraft:birch_forest
-1500	2000	1000	3000	300	3000	-2225	500	10000	10000	-7666	-5666	0	minecraft:birch_forest
-1500	2000	1000	3000	3000	10000	-2225	500	0	0	-7666	-5666	0	minecraft:meadow
-1500	2000	1000	3000	3000	10000	-2225	500	10000	10000	-7666	-5666	0	minecraft:meadow
-1500	2000	1000	3000	-1900	10000	500	4500	0	0	-7666	-5666	0	minecraft:birch_forest
-1500	2000	1000	3000	-1900	10000	500	4500	10000	10000	-7666	-5666	0	minecraft:birch_forest
-1500	2000	1000	3000	-1900	300	4500	5500	0	0	-7666	-5666	0	minecraft:windswept_forest
-1500	2000	1000	3000	-1900	300	4500	5500	10000	10000	-7666	-5666	0	minecraft:windswept_forest
-1500	2000	1000	3000	300	10000	4500	5500	0	0	-7666	-5666	0	minecraft:windswept_forest
-1500	2000	1000	3000	300	10000	4500	5500	10000	10000	-7666	-5666	0	minecraft:windswept_forest
-1500	2000	1000	3000	-1900	10000	5500	10000	0	0	-7666	-5666	0	minecraft:birch_forest
-1500	2000	1000	3000	-1900	10000	5500	10000	10000	10000	-7666	-5666	0	minecraft:birch_forest
-1500	2000	3000	10000	-1900	10000	-10000	-7799	0	0	-7666	-5666	0	minecraft:jagged_peaks
-1500	2000	3000	10000	-1900	10000	-10000	-7799	10000	10000	-7666	-5666	0	minecraft:jagged_peaks
-1500	2000	3000	10000	-1900	300	-7799	-3750	0	0	-7666	-5666	0	minecraft:dark_forest
-1500	2000	3000	10000	-1900	300	-7799	-3750	10000	10000	-7666	-5666	0	minecraft:dark_forest
-1500	2000	3000	10000	300	10000	-7799	-3750	0	0	-7666	-5666	0	minecraft:jagged_peaks
-1500	2000	3000	10000	300	10000	-7799	-3750	10000	10000	-7666	-5666	0	minecraft:jagged_peaks
-1500	2000	3000	10000	-1900	300	-3750	500	0	0	-7666	-5666	0	minecraft:dark_forest
-1500	2000	3000	10000	-1900	300	-3750	500	10000	10000	-7666	-5666	0	minecraft:dark_forest
-1500	2000	3000	10000	300	10000	-3750	-2225	0	0	-7666	-5666	0	minecraft:pale_garden
-1500	2000	3000	10000	300	10000	-3750	-2225	10000	10000	-7666	-5666	0	minecraft:pale_garden
-1500	2000	3000	10000	300	3000	-2225	500	0	0	-7666	-5666	0	minecraft:dark_forest
-1500	2000	3000	10000	300	3000	-2225	500	10000	10000	-7666	-5666	0	minecraft:dark_forest
-1500	2000	3000	10000	3000	10000	-2225	500	0	0	-7666	-5666	0	minecraft:pale_garden
-1500	2000	3000	10000	3000	10000	-2225	500	10000	10000	-7666	-5666	0	minecraft:pale_garden
-1500	2000	3000	10000	-1900	10000	500	4500	0	0	-7666	-5666	0	minecraft:dark_forest
-1500	2000	3000	10000	-1900	10000	500	4500	10000	10000	-7666	-5666	0	minecraft:dark_forest
-1500	2000	3000	10000	-1900	300	4500	5500	0	0	-7666	-5666	0	minecraft:windswept_forest
-1500	2000	3000	10000	-1900	300	4500	5500	10000	10000	-7666	-5666	0	minecraft:windswept_forest
-1500	2000	3000	10000	300	10000	4500	5500	0	0	-7666	-5666	0	minecraft:windswept_forest
-1500	2000	3000	10000	300	10000	4500	5500	10000	10000	-7666	-5666	0	minecraft:windswept_forest
-1500	2000	3000	10000	-1900	10000	5500	10000	0	0	-7666	-5666	0	minecraft:dark_forest
-1500	2000	3000	10000	-1900	10000	5500	10000	10000	10000	-7666	-5666	0	minecraft:dark_forest
2000	5500	-10000	-3500	-1900	10000	-10000	-7799	0	0	-7666	-5666	0	minecraft:stony_peaks
2000	5500	-10000	-3500	-1900	10000	-10000	-7799	10000	10000	-7666	-5666	0	minecraft:stony_peaks
2000	5500	-10000	-3500	-1900	300	-7799	-3750	0	0	-7666	-5666	0	minecraft:savanna
2000	5500	-10000	-3500	-1900	300	-7799	-3750	10000	10000	-7666	-5666	0	minecraft:savanna
2000	5500	-10000	-3500	300	10000	-7799	-3750	0	0	-7666	-5666	0	minecraft:stony_peaks
2000	5500	-10000	-3500	300	10000	-7799	-3750	10000	10000	-7666	-5666	0	minecraft:stony_peaks
2000	5500	-10000	-3500	-1900	300	-3750	500	0	0	-7666	-5666	0	minecraft:savanna
2000	5500	-10000	-3500	-1900	300	-3750	500	10000	10000	-7666	-5666	0	minecraft:savanna
2000	5500	-10000	-3500	300	10000	-3750	-2225	0	0	-7666	-5666	0	minecraft:savanna_plateau
2000	5500	-10000	-3500	300	10000	-3750	-2225	10000	10000	-7666	-5666	0	minecraft:savanna_plateau
2000	5500	-10000	-3500	300	3000	-2225	500	0	0	-7666	-5666	0	minecraft:savanna
2000	5500	-10000	-3500	300	3000	-2225	500	10000	10000	-7666	-5666	0	minecraft:savanna
2000	5500	-10000	-3500	3000	10000	-2225	500	0	0	-7666	-5666	0	minecraft:savanna_plateau
2000	5500	-10000	-3500	3000	10000	-2225	500	10000	10000	-7666	-5666	0	minecraft:savanna_plateau
2000	5500	-10000	-3500	-1900	10000	500	4500	0	0	-7666	-5666	0	minecraft:savanna
2000	5500	-10000	-3500	-1900	10000	500	4500	10000	10000	-7666	-5666	0	minecraft:savanna
2000	5500	-10000	-3500	-1900	300	4500	5500	0	0	-7666	-5666	0	minecraft:savanna
2000	5500	-10000	-3500	-1900	300	4500	5500	10000	10000	-7666	-5666	0	minecraft:savanna
2000	5500	-10000	-3500	300	10000	4500	5500	0	0	-7666	-5666	0	minecraft:savanna
2000	5500	-10000	-3500	300	10000	4500	5500	10000	10000	-7666	-5666	0	minecraft:savanna
2000	5500	-10000	-3500	-1900	10000	5500	10000	0	0	-7666	-5666	0	minecraft:savanna
2000	5500	-10000	-3500	-1900	10000	5500	10000	10000	10000	-7666	-5666	0	minecraft:savanna
2000	5500	-3500	-1000	-1900	10000	-10000	-7799	0	0	-7666	-5666	0	minecraft:stony_peaks
2000	5500	-3500	-1000	-1900	10000	-10000	-7799	10000	10000	-7666	-5666	0	minecraft:stony_peaks
2000	5500	-3500	-1000	-1900	300	-7799	-3750	0	0	-7666	-5666	0	minecraft:savanna
2000	5500	-3500	-1000	-1900	300	-7799	-3750	10000	10000	-7666	-5666	0	minecraft:savanna
2000	5500	-3500	-1000	300	10000	-7799	-3750	0	0	-7666	-5666	0	minecraft:stony_peaks
2000	5500	-3500	-1000	300	10000	-7799	-3750	10000	10000	-7666	-5666	0	minecraft:stony_peaks
2000	5500	-3500	-1000	-1900	300	-3750	500	0	0	-7666	-5666	0	minecraft:savanna
2000	5500	-3500	-1000	-1900	300	-3750	500	10000	10000	-7666	-5666	0	minecraft:savanna
2000	5500	-3500	-1000	300	10000	-3750	-2225	0	0	-7666	-5666	0	minecraft:savanna_plateau
2000	5500	-3500	-1000	300	10000	-3750	-2225	10000	10000	-7666	-5666	0	minecraft:savanna_plateau
2000	5500	-3500	-1000	300	3000	-2225	500	0	0	-7666	-5666	0	minecraft:savanna
2000	5500	-3500	-1000	300	3000	-2225	500	10000	10000	-7666	-5666	0	minecraft:savanna
2000	5500	-3500	-1000	3000	10000	-2225	500	0	0	-7666	-5666	0	minecraft:savanna_plateau
2000	5500	-3500	-1000	3000	10000	-2225	500	10000	10000	-7666	-5666	0	minecraft:savanna_plateau
2000	5500	-3500	-1000	-1900	10000	500	4500	0	0	-7666	-5666	0	minecraft:savanna
2000	5500	-3500	-1000	-1900	10000	500	4500	10000	10000	-7666	-5666	0	minecraft:savanna
2000	5500	-3500	-1000	-1900	300	4500	5500	0	0	-7666	-5666	0	minecraft:savanna
2000	5500	-3500	-1000	-1900	300	4500	5500	10000	10000	-7666	-5666	0	minecraft:savanna
2000	5500	-3500	-1000	300	10000	4500	5500	0	0	-7666	-5666	0	minecraft:savanna
2000	5500	-3500	-1000	300	10000	4500	5500	10000	10000	-7666	-5666	0	minecraft:savanna
2000	5500	-3500	-1000	-1900	10000	5500	10000	0	0	-7666	-5666	0	minecraft:savanna
2000	5500	-3500	-1000	-1900	10000	5500	10000	10000	10000	-7666	-5666	0	minecraft:savanna
2000	5500	-1000	1000	-1900	10000	-10000	-7799	0	0	-7666	-5666	0	minecraft:stony_peaks
2000	5500	-1000	1000	-1900	10000	-10000	-7799	10000	10000	-7666	-5666	0	minecraft:stony_peaks
2000	5500	-1000	1000	-1900	300	-7799	-3750	0	0	-7666	-5666	0	minecraft:forest
2000	5500	-1000	1000	-1900	300	-7799	-3750	10000	10000	-7666	-5666	0	minecraft:forest
2000	5500	-1000	1000	300	10000	-7799	-3750	0	0	-7666	-5666	0	minecraft:stony_peaks
2000	5500	-1000	1000	300	10000	-7799	-3750	10000	10000	-7666	-5666	0	minecraft:stony_peaks
2000	5500	-1000	1000	-1900	300	-3750	500	0	0	-7666	-5666	0	minecraft:forest
2000	5500	-1000	1000	-1900	300	-3750	500	10000	10000	-7666	-5666	0	minecraft:forest
2000	5500	-1000	1000	300	10000	-3750	-2225	0	0	-7666	-5666	0	minecraft:forest
2000	5500	-1000	1000	300	10000	-3750	-2225	10000	10000	-7666	-5666	0	minecraft:forest
2000	5500	-1000	1000	300	3000	-2225	500	0	0	-7666	-5666	0	minecraft:forest
2000	5500	-1000	1000	300	3000	-2225	500	10000	10000	-7666	-5666	0	minecraft:forest
2000	5500	-1000	1000	3000	10000	-2225	500	0	0	-7666	-5666	0	minecraft:forest
2000	5500	-1000	1000	3000	10000	-2225	500	10000	10000	-7666	-5666	0	minecraft:forest
2000	5500	-1000	1000	-1900	10000	500	4500	0	0	-7666	-5666	0	minecraft:forest
2000	5500	-1000	1000	-1900	10000	500	4500	10000	10000	-7666	-5666	0	minecraft:forest
2000	5500	-1000	1000	-1900	300	4500	5500	0	0	-7666	-5666	0	minecraft:forest
2000	5500	-1000	1000	-1900	300	4500	5500	10000	10000	-7666	-5666	0	minecraft:forest
2000	5500	-1000	1000	300	10000	4500	5500	0	0	-7666	-5666	0	minecraft:forest
2000	5500	-1000	1000	300	10000	4500	5500	10000	10000	-7666	-5666	0	minecraft:forest
2000	5500	-1000	1000	-1900	10000	5500	10000	0	0	-7666	-5666	0	minecraft:forest
2000	5500	-1000	1000	-1900	10000	5500	10000	10000	10000	-7666	-5666	0	minecraft:forest
2000	5500	1000	3000	-1900	10000	-10000	-7799	0	0	-7666	-5666	0	minecraft:stony_peaks
2000	5500	1000	3000	-1900	10000	-10000	-7799	10000	10000	-7666	-5666	0	minecraft:stony_peaks
2000	5500	1000	3000	-1900	300	-7799	-3750	0	0	-7666	-5666	0	minecraft:jungle
2000	5500	1000	3000	-1900	300	-7799	-3750	10000	10000	-7666	-5666	0	minecraft:jungle
2000	5500	1000	3000	300	10000	-7799	-3750	0	0	-7666	-5666	0	minecraft:stony_peaks
2000	5500	1000	3000	300	10000	-7799	-3750	10000	10000	-7666	-5666	0	minecraft:stony_peaks
2000	5500	1000	3000	-1900	300	-3750	500	0	0	-7666	-5666	0	minecraft:jungle
2000	5500	1000	3000	-1900	300	-3750	500	10000	10000	-7666	-5666	0	minecraft:jungle
2000	5500	1000	3000	300	10000	-3750	-2225	0	0	-7666	-5666	0	minecraft:forest
2000	5500	1000	3000	300	10000	-3750	-2225	10000	10000	-7666	-5666	0	minecraft:forest
2000	5500	1000	3000	300	3000	-2225	500	0	0	-7666	-5666	0	minecraft:jungle
2000	5500	1000	3000	300	3000	-2225	500	10000	10000	-7666	-5666	0	minecraft:jungle
2000	5500	1000	3000	3000	10000	-2225	500	0	0	-7666	-5666	0	minecraft:forest
2000	5500	1000	3000	3000	10000	-2225	500	10000	10000	-7666	-5666	0	minecraft:forest
2000	5500	1000	3000	-1900	10000	500	4500	0	0	-7666	-5666	0	minecraft:jungle
2000	5500	1000	3000	-1900	10000	500	4500	10000	10000	-7666	-5666	0	minecraft:jungle
2000	5500	1000	3000	-1900	300	4500	5500	0	0	-7666	-5666	0	minecraft:jungle
2000	5500	1000	3000	-1900	300	4500	5500	10000	10000	-7666	-5666	0	minecraft:jungle
2000	5500	1000	3000	300	10000	4500	5500	0	0	-7666	-5666	0	minecraft:jungle
2000	5500	1000	3000	300	10000	4500	5500	10000	10000	-7666	-5666	0	minecraft:jungle
2000	5500	1000	3000	-1900	10000	5500	10000	0	0	-7666	-5666	0	minecraft:jungle
2000	5500	1000	3000	-1900	10000	5500	10000	10000	10000	-7666	-5666	0	minecraft:jungle
2000	5500	3000	10000	-1900	10000	-10000	-7799	0	0	-7666	-5666	0	minecraft:stony_peaks
2000	5500	3000	10000	-1900	10000	-10000	-7799	10000	10000	-7666	-5666	0	minecraft:stony_peaks
2000	5500	3000	10000	-1900	300	-7799	-3750	0	0	-7666	-5666	0	minecraft:jungle
2000	5500	3000	10000	-1900	300	-7799	-3750	10000	10000	-7666	-5666	0	minecraft:jungle
2000	5500	3000	10000	300	10000	-7799	-3750	0	0	-7666	-5666	0	minecraft:stony_peaks
2000	5500	3000	10000	300	10000	-7799	-3750	10000	10000	-7666	-5666	0	minecraft:stony_peaks
2000	5500	3000	10000	-1900	300	-3750	500	0	0	-7666	-5666	0	minecraft:jungle
2000	5500	3000	10000	-1900	300	-3750	500	10000	10000	-7666	-5666	0	minecraft:jungle
2000	5500	3000	10000	300	10000	-3750	-2225	0	0	-7666	-5666	0	minecraft:jungle
2000	5500	3000	10000	300	10000	-3750	-2225	10000	10000	-7666	-5666	0	minecraft:jungle
2000	5500	3000	10000	300	3000	-2225	500	0	0	-7666	-5666	0	minecraft:jungle
2000	5500	3000	10000	300	3000	-2225	500	10000	10000	-7666	-5666	0	minecraft:jungle
2000	5500	3000	10000	3000	10000	-2225	500	0	0	-7666	-5666	0	minecraft:jungle
2000	5500	3000	10000	3000	10000	-2225	500	10000	10000	-7666	-5666	0	minecraft:jungle
2000	5500	3000	10000	-1900	10000	500	4500	0	0	-7666	-5666	0	minecraft:jungle
2000	5500	3000	10000	-1900	10000	500	4500	10000	10000	-7666	-5666	0	minecraft:jungle
2000	5500	3000	10000	-1900	300	4500	5500	0	0	-7666	-5666	0	minecraft:jungle
2000	5500	3000	10000	-1900	300	4500	5500	10000	10000	-7666	-5666	0	minecraft:jungle
2000	5500	3000	10000	300	10000	4500	5500	0	0	-7666	-5666	0	minecraft:jungle
2000	5500	3000	10000	300	10000	4500	5500	10000	10000	-7666	-5666	0	minecraft:jungle
2000	5500	3000	10000	-1900	10000	5500	10000	0	0	-7666	-5666	0	minecraft:jungle
2000	5500	3000	10000	-1900	10000	5500	10000	10000	10000	-7666	-5666	0	minecraft:jungle
5500	10000	-10000	-3500	-1900	10000	-10000	-7799	0	0	-7666	-5666	0	minecraft:badlands
5500	10000	-10000	-3500	-1900	10000	-10000	-7799	10000	10000	-7666	-5666	0	minecraft:badlands
5500	10000	-10000	-3500	-1900	300	-7799	-3750	0	0	-7666	-5666	0	minecraft:badlands
5500	10000	-10000	-3500	-1900	300	-7799	-3750	10000	10000	-7666	-5666	0	minecraft:badlands
5500	10000	-10000	-3500	300	10000	-7799	-3750	0	0	-7666	-5666	0	minecraft:badlands
5500	10000	-10000	-3500	300	10000	-7799	-3750	10000	10000	-7666	-5666	0	minecraft:badlands
5500	10000	-10000	-3500	-1900	300	-3750	500	0	0	-7666	-5666	0	minecraft:desert
5500	10000	-10000	-3500	-1900	300	-3750	500	10000	10000	-7666	-5666	0	minecraft:desert
5500	10000	-10000	-3500	300	10000	-3750	-2225	0	0	-7666	-5666	0	minecraft:badlands
5500	10000	-10000	-3500	300	10000	-3750	-2225	10000	10000	-7666	-5666	0	minecraft:badlands
5500	10000	-10000	-3500	300	3000	-2225	500	0	0	-7666	-5666	0	minecraft:badlands
5500	10000	-10000	-3500	300	3000	-2225	500	10000	10000	-7666	-5666	0	minecraft:badlands
5500	10000	-10000	-3500	3000	10000	-2225	500	0	0	-7666	-5666	0	minecraft:badlands
5500	10000	-10000	-3500	3000	10000	-2225	500	10000	10000	-7666	-5666	0	minecraft:badlands
5500	10000	-10000	-3500	-1900	10000	500	4500	0	0	-7666	-5666	0	minecraft:desert
5500	10000	-10000	-3500	-1900	10000	500	4500	10000	10000	-7666	-5666	0	minecraft:desert
5500	10000	-10000	-3500	-1900	300	4500	5500	0	0	-7666	-5666	0	minecraft:desert
5500	10000	-10000	-3500	-1900	300	4500	5500	10000	10000	-7666	-5666	0	minecraft:desert
5500	10000	-10000	-3500	300	10000	4500	5500	0	0	-7666	-5666	0	minecraft:desert
5500	10000	-10000	-3500	300	10000	4500	5500	10000	10000	-7666	-5666	0	minecraft:desert
5500	10000	-10000	-3500	-1900	10000	5500	10000	0	0	-7666	-5666	0	minecraft:desert
5500	10000	-10000	-3500	-1900	10000	5500	10000	10000	10000	-7666	-5666	0	minecraft:desert
5500	10000	-3500	-1000	-1900	10000	-10000	-7799	0	0	-7666	-5666	0	minecraft:badlands
5500	10000	-3500	-1000	-1900	10000	-10000	-7799	10000	10000	-7666	-5666	0	minecraft:badlands
5500	10000	-3500	-1000	-1900	300	-7799	-3750	0	0	-7666	-5666	0	minecraft:badlands
5500	10000	-3500	-1000	-1900	300	-7799	-3750	10000	10000	-7666	-5666	0	minecraft:badlands
5500	10000	-3500	-1000	300	10000	-7799	-3750	0	0	-7666	-5666	0	minecraft:badlands
5500	10000	-3500	-1000	300	10000	-7799	-3750	10000	10000	-7666	-5666	0	minecraft:badlands
5500	10000	-3500	-1000	-1900	300	-3750	500	0	0	-7666	-5666	0	minecraft:desert
5500	10000	-3500	-1000	-1900	300	-3750	500	10000	10000	-7666	-5666	0	minecraft:desert
5500	10000	-3500	-1000	300	10000	-3750	-2225	0	0	-7666	-5666	0	minecraft:badlands
5500	10000	-3500	-1000	300	10000	-3750	-2225	10000	10000	-7666	-5666	0	minecraft:badlands
5500	10000	-3500	-1000	300	3000	-2225	500	0	0	-7666	-5666	0	minecraft:badlands
5500	10000	-3500	-1000	300	3000	-2225	500	10000	10000	-7666	-5666	0	minecraft:badlands
5500	10000	-3500	-1000	3000	10000	-2225	500	0	0	-7666	-5666	0	minecraft:badlands
5500	10000	-3500	-1000	3000	10000	-2225	500	10000	10000	-7666	-5666	0	minecraft:badlands
5500	10000	-3500	-1000	-1900	10000	500	4500	0	0	-7666	-5666	0	minecraft:desert
5500	10000	-3500	-1000	-1900	10000	500	4500	10000	10000	-7666	-5666	0	minecraft:desert
5500	10000	-3500	-1000	-1900	300	4500	5500	0	0	-7666	-5666	0	minecraft:desert
5500	10000	-3500	-1000	-1900	300	4500	5500	10000	10000	-7666	-5666	0	minecraft:desert
5500	10000	-3500	-1000	300	10000	4500	5500	0	0	-7666	-5666	0	minecraft:desert
5500	10000	-3500	-1000	300	10000	4500	5500	10000	10000	-7666	-5666	0	minecraft:desert
5500	10000	-3500	-1000	-1900	10000	5500	10000	0	0	-7666	-5666	0	minecraft:desert
5500	10000	-3500	-1000	-1900	10000	5500	10000	10000	10000	-7666	-5666	0	minecraft:desert
5500	10000	-1000	1000	-1900	10000	-10000	-7799	0	0	-7666	-5666	0	minecraft:badlands
5500	10000	-1000	1000	-1900	10000	-10000	-7799	10000	10000	-7666	-5666	0	minecraft:badlands
5500	10000	-1000	1000	-1900	300	-7799	-3750	0	0	-7666	-5666	0	minecraft:badlands
5500	10000	-1000	1000	-1900	300	-7799	-3750	10000	10000	-7666	-5666	0	minecraft:badlands
5500	10000	-1000	1000	300	10000	-7799	-3750	0	0	-7666	-5666	0	minecraft:badlands
5500	10000	-1000	1000	300	10000	-7799	-3750	10000	10000	-7666	-5666	0	minecraft:badlands
5500	10000	-1000	1000	-1900	300	-3750	500	0	0	-7666	-5666	0	minecraft:desert
5500	10000	-1000	1000	-1900	300	-3750	500	10000	10000	-7666	-5666	0	minecraft:desert
5500	10000	-1000	1000	300	10000	-3750	-2225	0	0	-7666	-5666	0	minecraft:badlands
5500	10000	-1000	1000	300	10000	-3750	-2225	10000	10000	-7666	-5666	0	minecraft:badlands
5500	10000	-1000	1000	300	3000	-2225	500	0	0	-7666	-5666	0	minecraft:badlands
5500	10000	-1000	1000	300	3000	-2225	500	10000	10000	-7666	-5666	0	minecraft:badlands
5500	10000	-1000	1000	3000	10000	-2225	500	0	0	-7666	-5666	0	minecraft:badlands
5500	10000	-1000	1000	3000	10000	-2225	500	10000	10000	-7666	-5666	0	minecraft:badlands
5500	10000	-1000	1000	-1900	10000	500	4500	0	0	-7666	-5666	0	minecraft:desert
5500	10000	-1000	1000	-1900	10000	500	4500	10000	10000	-7666	-5666	0	minecraft:desert
5500	10000	-1000	1000	-1900	300	4500	5500	0	0	-7666	-5666	0	minecraft:desert
5500	10000	-1000	1000	-1900	300	4500	5500	10000	10000	-7666	-5666	0	minecraft:desert
5500	10000	-1000	1000	300	10000	4500	5500	0	0	-7666	-5666	0	minecraft:desert
5500	10000	-1000	1000	300	10000	4500	5500	10000	10000	-7666	-5666	0	minecraft:desert
5500	10000	-1000	1000	-1900	10000	5500	10000	0	0	-7666	-5666	0	minecraft:desert
5500	10000	-1000	1000	-1900	10000	5500	10000	10000	10000	-7666	-5666	0	minecraft:desert
5500	10000	1000	3000	-1900	10000	-10000	-7799	0	0	-7666	-5666	0	minecraft:wooded_badlands
5500	10000	1000	3000	-1900	10000	-10000	-7799	10000	10000	-7666	-5666	0	minecraft:wooded_badlands
5500	10000	1000	3000	-1900	300	-7799	-3750	0	0	-7666	-5666	0	minecraft:wooded_badlands
5500	10000	1000	3000	-1900	300	-7799	-3750	10000	10000	-7666	-5666	0	minecraft:wooded_badlands
5500	10000	1000	3000	300	10000	-7799	-3750	0	0	-7666	-5666	0	minecraft:wooded_badlands
5500	10000	1000	3000	300	10000	-7799	-3750	10000	10000	-7666	-5666	0	minecraft:wooded_badlands
5500	10000	1000	3000	-1900	300	-3750	500	0	0	-7666	-5666	0	minecraft:desert
5500	10000	1000	3000	-1900	300	-3750	500	10000	10000	-7666	-5666	0	minecraft:desert
5500	10000	1000	3000	300	10000	-3750	-2225	0	0	-7666	-5666	0	minecraft:wooded_badlands
5500	10000	1000	3000	300	10000	-3750	-2225	10000	10000	-7666	-5666	0	minecraft:wooded_badlands
5500	10000	1000	3000	300	3000	-2225	500	0	0	-7666	-5666	0	minecraft:wooded_badlands
5500	10000	1000	3000	300	3000	-2225	500	10000	10000	-7666	-5666	0	minecraft:wooded_badlands
5500	10000	1000	3000	3000	10000	-2225	500	0	0	-7666	-5666	0	minecraft:wooded_badlands
5500	10000	1000	3000	3000	10000	-2225	500	10000	10000	-7666	-5666	0	minecraft:wooded_badlands
5500	10000	1000	3000	-1900	10000	500	4500	0	0	-7666	-5666	0	minecraft:desert
5500	10000	1000	3000	-1900	10000	500	4500	10000	10000	-7666	-5666	0	minecraft:desert
5500	10000	1000	3000	-1900	300	4500	5500	0	0	-7666	-5666	0	minecraft:desert
5500	10000	1000	3000	-1900	300	4500	5500	10000	10000	-7666	-5666	0	minecraft:desert
5500	10000	1000	3000	300	10000	4500	5500	0	0	-7666	-5666	0	minecraft:desert
5500	10000	1000	3000	300	10000	4500	5500	10000	10000	-7666	-5666	0	minecraft:desert
5500	10000	1000	3000	-1900	10000	5500	10000	0	0	-7666	-5666	0	minecraft:desert
5500	10000	1000	3000	-1900	10000	5500	10000	10000	10000	-7666	-5666	0	minecraft:desert
5500	10000	3000	10000	-1900	10000	-10000	-7799	0	0	-7666	-5666	0	minecraft:wooded_badlands
5500	10000	3000	10000	-1900	10000	-10000	-7799	10000	10000	-7666	-5666	0	minecraft:wooded_badlands
5500	10000	3000	10000	-1900	300	-7799	-3750	0	0	-7666	-5666	0	minecraft:wooded_badlands
5500	10000	3000	10000	-1900	300	-7799	-3750	10000	10000	-7666	-5666	0	minecraft:wooded_badlands
5500	10000	3000	10000	300	10000	-7799	-3750	0	0	-7666	-5666	0	minecraft:wooded_badlands
5500	10000	3000	10000	300	10000	-7799	-3750	10000	10000	-7666	-5666	0	minecraft:wooded_badlands
5500	10000	3000	10000	-1900	300	-3750	500	0	0	-7666	-5666	0	minecraft:desert
5500	10000	3000	10000	-1900	300	-3750	500	10000	10000	-7666	-5666	0	minecraft:desert
5500	10000	3000	10000	300	10000	-3750	-2225	0	0	-7666	-5666	0	minecraft:wooded_badlands
5500	10000	3000	10000	300	10000	-3750	-2225	10000	10000	-7666	-5666	0	minecraft:wooded_badlands
5500	10000	3000	10000	300	3000	-2225	500	0	0	-7666	-5666	0	minecraft:wooded_badlands
5500	10000	3000	10000	300	3000	-2225	500	10000	10000	-7666	-5666	0	minecraft:wooded_badlands
5500	10000	3000	10000	3000	10000	-2225	500	0	0	-7666	-5666	0	minecraft:wooded_badlands
5500	10000	3000	10000	3000	10000	-2225	500	10000	10000	-7666	-5666	0	minecraft:wooded_badlands
5500	10000	3000	10000	-1900	10000	500	4500	0	0	-7666	-5666	0	minecraft:desert
5500	10000	3000	10000	-1900	10000	500	4500	10000	10000	-7666	-5666	0	minecraft:desert
5500	10000	3000	10000	-1900	300	4500	5500	0	0	-7666	-5666	0	minecraft:desert
5500	10000	3000	10000	-1900	300	4500	5500	10000	10000	-7666	-5666	0	minecraft:desert
5500	10000	3000	10000	300	10000	4500	5500	0	0	-7666	-5666	0	minecraft:desert
5500	10000	3000	10000	300	10000	4500	5500	10000	10000	-7666	-5666	0	minecraft:desert
5500	10000	3000	10000	-1900	10000	5500	10000	0	0	-7666	-5666	0	minecraft:desert
5500	10000	3000	10000	-1900	10000	5500	10000	10000	10000	-7666	-5666	0	minecraft:desert
-10000	-4500	-10000	-3500	-1900	-1100	-10000	-3750	0	0	-5666	-4000	0	minecraft:snowy_plains
-10000	-4500	-10000	-3500	-1900	-1100	-10000	-3750	10000	10000	-5666	-4000	0	minecraft:snowy_plains
-10000	-4500	-10000	-3500	-1100	300	-10000	-7799	0	0	-5666	-4000	0	minecraft:snowy_slopes
-10000	-4500	-10000	-3500	-1100	300	-10000	-7799	10000	10000	-5666	-4000	0	minecraft:snowy_slopes
-10000	-4500	-10000	-3500	300	10000	-10000	-7799	0	0	-5666	-4000	0	minecraft:jagged_peaks
-10000	-4500	-10000	-3500	300	10000	-10000	-7799	10000	10000	-5666	-4000	0	minecraft:jagged_peaks
-10000	-4500	-10000	-3500	-1100	300	-7799	-3750	0	0	-5666	-4000	0	minecraft:snowy_slopes
-10000	-4500	-10000	-3500	-1100	300	-7799	-3750	10000	10000	-5666	-4000	0	minecraft:snowy_slopes
-10000	-4500	-10000	-3500	300	10000	-7799	-3750	0	0	-5666	-4000	0	minecraft:snowy_slopes
-10000	-4500	-10000	-3500	300	10000	-7799	-3750	10000	10000	-5666	-4000	0	minecraft:snowy_slopes
-10000	-4500	-10000	-3500	-1900	300	-3750	500	0	0	-5666	-4000	0	minecraft:snowy_plains
-10000	-4500	-10000	-3500	-1900	300	-3750	500	10000	10000	-5666	-4000	0	minecraft:snowy_plains
-10000	-4500	-10000	-3500	300	10000	-3750	-2225	0	0	-5666	-4000	0	minecraft:snowy_plains
-10000	-4500	-10000	-3500	300	10000	-3750	-2225	10000	10000	-5666	-4000	0	minecraft:snowy_plains
-10000	-4500	-10000	-3500	300	3000	-2225	500	0	0	-5666	-4000	0	minecraft:snowy_plains
-10000	-4500	-10000	-3500	300	3000	-2225	500	10000	10000	-5666	-4000	0	minecraft:snowy_plains
-10000	-4500	-10000	-3500	3000	10000	-2225	500	0	0	-5666	-4000	0	minecraft:snowy_plains
-10000	-4500	-10000	-3500	3000	10000	-2225	500	10000	10000	-5666	-4000	0	minecraft:snowy_plains
-10000	-4500	-10000	-3500	-1900	10000	500	4500	0	0	-5666	-4000	0	minecraft:snowy_plains
-10000	-4500	-10000	-3500	-1900	10000	500	4500	10000	10000	-5666	-4000	0	minecraft:snowy_plains
-10000	-4500	-10000	-3500	-1900	300	4500	5500	0	0	-5666	-4000	0	minecraft:snowy_plains
-10000	-4500	-10000	-3500	-1900	300	4500	5500	10000	10000	-5666	-4000	0	minecraft:snowy_plains
-10000	-4500	-10000	-3500	300	10000	4500	5500	0	0	-5666	-4000	0	minecraft:windswept_gravelly_hills
-10000	-4500	-10000	-3500	300	10000	4500	5500	10000	10000	-5666	-4000	0	minecraft:windswept_gravelly_hills
-10000	-4500	-10000	-3500	-1900	10000	5500	10000	0	0	-5666	-4000	0	minecraft:snowy_plains
-10000	-4500	-10000	-3500	-1900	10000	5500	10000	10000	10000	-5666	-4000	0	minecraft:snowy_plains
-10000	-4500	-3500	-1000	-1900	-1100	-10000	-3750	0	0	-5666	-4000	0	minecraft:snowy_plains
-10000	-4500	-3500	-1000	-1900	-1100	-10000	-3750	10000	10000	-5666	-4000	0	minecraft:snowy_plains
-10000	-4500	-3500	-1000	-1100	300	-10000	-7799	0	0	-5666	-4000	0	minecraft:snowy_slopes
-10000	-4500	-3500	-1000	-1100	300	-10000	-7799	10000	10000	-5666	-4000	0	minecraft:snowy_slopes
-10000	-4500	-3500	-1000	300	10000	-10000	-7799	0	0	-5666	-4000	0	minecraft:jagged_peaks
-10000	-4500	-3500	-1000	300	10000	-10000	-7799	10000	10000	-5666	-4000	0	minecraft:jagged_peaks
-10000	-4500	-3500	-1000	-1100	300	-7799	-3750	0	0	-5666	-4000	0	minecraft:snowy_slopes
-10000	-4500	-3500	-1000	-1100	300	-7799	-3750	10000	10000	-5666	-4000	0	minecraft:snowy_slopes
-10000	-4500	-3500	-1000	300	10000	-7799	-3750	0	0	-5666	-4000	0	minecraft:snowy_slopes
-10000	-4500	-3500	-1000	300	10000	-7799	-3750	10000	10000	-5666	-4000	0	minecraft:snowy_slopes
-10000	-4500	-3500	-1000	-1900	300	-3750	500	0	0	-5666	-4000	0	minecraft:snowy_plains
-10000	-4500	-3500	-1000	-1900	300	-3750	500	10000	10000	-5666	-4000	0	minecraft:snowy_plains
-10000	-4500	-3500	-1000	300	10000	-3750	-2225	0	0	-5666	-4000	0	minecraft:snowy_plains
-10000	-4500	-3500	-1000	300	10000	-3750	-2225	10000	10000	-5666	-4000	0	minecraft:snowy_plains
-10000	-4500	-3500	-1000	300	3000	-2225	500	0	0	-5666	-4000	0	minecraft:snowy_plains
-10000	-4500	-3500	-1000	300	3000	-2225	500	10000	10000	-5666	-4000	0	minecraft:snowy_plains
-10000	-4500	-3500	-1000	3000	10000	-2225	500	0	0	-5666	-4000	0	minecraft:snowy_plains
-10000	-4500	-3500	-1000	3000	10000	-2225	500	10000	10000	-5666	-4000	0	minecraft:snowy_plains
-10000	-4500	-3500	-1000	-1900	10000	500	4500	0	0	-5666	-4000	0	minecraft:snowy_plains
-10000	-4500	-3500	-1000	-1900	10000	500	4500	10000	10000	-5666	-4000	0	minecraft:snowy_plains
-10000	-4500	-3500	-1000	-1900	300	4500	5500	0	0	-5666	-4000	0	minecraft:snowy_plains
-10000	-4500	-3500	-1000	-1900	300	4500	5500	10000	10000	-5666	-4000	0	minecraft:snowy_plains
-10000	-4500	-3500	-1000	300	10000	4500	5500	0	0	-5666	-4000	0	minecraft:windswept_gravelly_hills
-10000	-4500	-3500	-1000	300	10000	4500	5500	10000	10000	-5666	-4000	0	minecraft:windswept_gravelly_hills
-10000	-4500	-3500	-1000	-1900	10000	5500	10000	0	0	-5666	-4000	0	minecraft:snowy_plains
-10000	-4500	-3500	-1000	-1900	10000	5500	10000	10000	10000	-5666	-4000	0	minecraft:snowy_plains
-10000	-4500	-1000	1000	-1900	-1100	-10000	-3750	0	0	-5666	-4000	0	minecraft:snowy_plains
-10000	-4500	-1000	1000	-1900	-1100	-10000	-3750	10000	10000	-5666	-4000	0	minecraft:snowy_plains
-10000	-4500	-1000	1000	-1100	300	-10000	-7799	0	0	-5666	-4000	0	minecraft:grove
-10000	-4500	-1000	1000	-1100	300	-10000	-7799	10000	10000	-5666	-4000	0	minecraft:grove
-10000	-4500	-1000	1000	300	10000	-10000	-7799	0	0	-5666	-4000	0	minecraft:jagged_peaks
-10000	-4500	-1000	1000	300	10000	-10000	-7799	10000	10000	-5666	-4000	0	minecraft:jagged_peaks
-10000	-4500	-1000	1000	-1100	300	-7799	-3750	0	0	-5666	-4000	0	minecraft:grove
-10000	-4500	-1000	1000	-1100	300	-7799	-3750	10000	10000	-5666	-4000	0	minecraft:grove
-10000	-4500	-1000	1000	300	10000	-7799	-3750	0	0	-5666	-4000	0	minecraft:grove
-10000	-4500	-1000	1000	300	10000	-7799	-3750	10000	10000	-5666	-4000	0	minecraft:grove
-10000	-4500	-1000	1000	-1900	300	-3750	500	0	0	-5666	-4000	0	minecraft:snowy_plains
-10000	-4500	-1000	1000	-1900	300	-3750	500	10000	10000	-5666	-4000	0	minecraft:snowy_plains
-10000	-4500	-1000	1000	300	10000	-3750	-2225	0	0	-5666	-4000	0	minecraft:snowy_plains
-10000	-4500	-1000	1000	300	10000	-3750	-2225	10000	10000	-5666	-4000	0	minecraft:snowy_plains
-10000	-4500	-1000	1000	300	3000	-2225	500	0	0	-5666	-4000	0	minecraft:snowy_plains
-10000	-4500	-1000	1000	300	3000	-2225	500	10000	10000	-5666	-4000	0	minecraft:snowy_plains
-10000	-4500	-1000	1000	3000	10000	-2225	500	0	0	-5666	-4000	0	minecraft:snowy_plains
-10000	-4500	-1000	1000	3000	10000	-2225	500	10000	10000	-5666	-4000	0	minecraft:snowy_plains
-10000	-4500	-1000	1000	-1900	10000	500	4500	0	0	-5666	-4000	0	minecraft:snowy_plains
-10000	-4500	-1000	1000	-1900	10000	500	4500	10000	10000	-5666	-4000	0	minecraft:snowy_plains
-10000	-4500	-1000	1000	-1900	300	4500	5500	0	0	-5666	-4000	0	minecraft:snowy_plains
-10000	-4500	-1000	1000	-1900	300	4500	5500	10000	10000	-5666	-4000	0	minecraft:snowy_plains
-10000	-4500	-1000	1000	300	10000	4500	5500	0	0	-5666	-4000	0	minecraft:windswept_hills
-10000	-4500	-1000	1000	300	10000	4500	5500	10000	10000	-5666	-4000	0	minecraft:windswept_hills
-10000	-4500	-1000	1000	-1900	10000	5500	10000	0	0	-5666	-4000	0	minecraft:snowy_plains
-10000	-4500	-1000	1000	-1900	10000	5500	10000	10000	10000	-5666	-4000	0	minecraft:snowy_plains
-10000	-4500	1000	3000	-1900	-1100	-10000	-3750	0	0	-5666	-4000	0	minecraft:snowy_taiga
-10000	-4500	1000	3000	-1900	-1100	-10000	-3750	10000	10000	-5666	-4000	0	minecraft:snowy_taiga
-10000	-4500	1000	3000	-1100	300	-10000	-7799	0	0	-5666	-4000	0	minecraft:grove
-10000	-4500	1000	3000	-1100	300	-10000	-7799	10000	10000	-5666	-4000	0	minecraft:grove
-10000	-4500	1000	3000	300	10000	-10000	-7799	0	0	-5666	-4000	0	minecraft:jagged_peaks
-10000	-4500	1000	3000	300	10000	-10000	-7799	10000	10000	-5666	-4000	0	minecraft:jagged_peaks
-10000	-4500	1000	3000	-1100	300	-7799	-3750	0	0	-5666	-4000	0	minecraft:grove
-10000	-4500	1000	3000	-1100	300	-7799	-3750	10000	10000	-5666	-4000	0	minecraft:grove
-10000	-4500	1000	3000	300	10000	-7799	-3750	0	0	-5666	-4000	0	minecraft:grove
-10000	-4500	1000	3000	300	10000	-7799	-3750	10000	10000	-5666	-4000	0	minecraft:grove
-10000	-4500	1000	3000	-1900	300	-3750	500	0	0	-5666	-4000	0	minecraft:snowy_taiga
-10000	-4500	1000	3000	-1900	300	-3750	500	10000	10000	-5666	-4000	0	minecraft:snowy_taiga
-10000	-4500	1000	3000	300	10000	-3750	-2225	0	0	-5666	-4000	0	minecraft:snowy_taiga
-10000	-4500	1000	3000	300	10000	-3750	-2225	10000	10000	-5666	-4000	0	minecraft:snowy_taiga
-10000	-4500	1000	3000	300	3000	-2225	500	0	0	-5666	-4000	0	minecraft:snowy_taiga
-10000	-4500	1000	3000	300	3000	-2225	500	10000	10000	-5666	-4000	0	minecraft:snowy_taiga
-10000	-4500	1000	3000	3000	10000	-2225	500	0	0	-5666	-4000	0	minecraft:snowy_taiga
-10000	-4500	1000	3000	3000	10000	-2225	500	10000	10000	-5666	-4000	0	minecraft:snowy_taiga
-10000	-4500	1000	3000	-1900	10000	500	4500	0	0	-5666	-4000	0	minecraft:snowy_taiga
-10000	-4500	1000	3000	-1900	10000	500	4500	10000	10000	-5666	-4000	0	minecraft:snowy_taiga
-10000	-4500	1000	3000	-1900	300	4500	5500	0	0	-5666	-4000	0	minecraft:snowy_taiga
-10000	-4500	1000	3000	-1900	300	4500	5500	10000	10000	-5666	-4000	0	minecraft:snowy_taiga
-10000	-4500	1000	3000	300	10000	4500	5500	0	0	-5666	-4000	0	minecraft:windswept_forest
-10000	-4500	1000	3000	300	10000	4500	5500	10000	10000	-5666	-4000	0	minecraft:windswept_forest
-10000	-4500	1000	3000	-1900	10000	5500	10000	0	0	-5666	-4000	0	minecraft:snowy_taiga
-10000	-4500	1000	3000	-1900	10000	5500	10000	10000	10000	-5666	-4000	0	minecraft:snowy_taiga
-10000	-4500	3000	10000	-1900	-1100	-10000	-3750	0	0	-5666	-4000	0	minecraft:taiga
-10000	-4500	3000	10000	-1900	-1100	-10000	-3750	10000	10000	-5666	-4000	0	minecraft:taiga
-10000	-4500	3000	10000	-1100	300	-10000	-7799	0	0	-5666	-4000	0	minecraft:grove
-10000	-4500	3000	10000	-1100	300	-10000	-7799	10000	10000	-5666	-4000	0	minecraft:grove
-10000	-4500	3000	10000	300	10000	-10000	-7799	0	0	-5666	-4000	0	minecraft:jagged_peaks
-10000	-4500	3000	10000	300	10000	-10000	-7799	10000	10000	-5666	-4000	0	minecraft:jagged_peaks
-10000	-4500	3000	10000	-1100	300	-7799	-3750	0	0	-5666	-4000	0	minecraft:grove
-10000	-4500	3000	10000	-1100	300	-7799	-3750	10000	10000	-5666	-4000	0	minecraft:grove
-10000	-4500	3000	10000	300	10000	-7799	-3750	0	0	-5666	-4000	0	minecraft:grove
-10000	-4500	3000	10000	300	10000	-7799	-3750	10000	10000	-5666	-4000	0	minecraft:grove
-10000	-4500	3000	10000	-1900	300	-3750	500	0	0	-5666	-4000	0	minecraft:taiga
-10000	-4500	3000	10000	-1900	300	-3750	500	10000	10000	-5666	-4000	0	minecraft:taiga
-10000	-4500	3000	10000	300	10000	-3750	-2225	0	0	-5666	-4000	0	minecraft:snowy_taiga
-10000	-4500	3000	10000	300	10000	-3750	-2225	10000	10000	-5666	-4000	0	minecraft:snowy_taiga
-10000	-4500	3000	10000	300	3000	-2225	500	0	0	-5666	-4000	0	minecraft:taiga
-10000	-4500	3000	10000	300	3000	-2225	500	10000	10000	-5666	-4000	0	minecraft:taiga
-10000	-4500	3000	10000	3000	10000	-2225	500	0	0	-5666	-4000	0	minecraft:snowy_taiga
-10000	-4500	3000	10000	3000	10000	-2225	500	10000	10000	-5666	-4000	0	minecraft:snowy_taiga
-10000	-4500	3000	10000	-1900	10000	500	4500	0	0	-5666	-4000	0	minecraft:taiga
-10000	-4500	3000	10000	-1900	10000	500	4500	10000	10000	-5666	-4000	0	minecraft:taiga
-10000	-4500	3000	10000	-1900	300	4500	5500	0	0	-5666	-4000	0	minecraft:taiga
-10000	-4500	3000	10000	-1900	300	4500	5500	10000	10000	-5666	-4000	0	minecraft:taiga
-10000	-4500	3000	10000	300	10000	4500	5500	0	0	-5666	-4000	0	minecraft:windswept_forest
-10000	-4500	3000	10000	300	10000	4500	5500	10000	10000	-5666	-4000	0	minecraft:windswept_forest
-10000	-4500	3000	10000	-1900	10000	5500	10000	0	0	-5666	-4000	0	minecraft:taiga
-10000	-4500	3000	10000	-1900	10000	5500	10000	10000	10000	-5666	-4000	0	minecraft:taiga
-4500	-1500	-10000	-3500	-1900	-1100	-10000	-3750	0	0	-5666	-4000	0	minecraft:plains
-4500	-1500	-10000	-3500	-1900	-1100	-10000	-3750	10000	10000	-5666	-4000	0	minecraft:plains
-4500	-1500	-10000	-3500	-1100	300	-10000	-7799	0	0	-5666	-4000	0	minecraft:snowy_slopes
-4500	-1500	-10000	-3500	-1100	300	-10000	-7799	10000	10000	-5666	-4000	0	minecraft:snowy_slopes
-4500	-1500	-10000	-3500	300	10000	-10000	-7799	0	0	-5666	-4000	0	minecraft:jagged_peaks
-4500	-1500	-10000	-3500	300	10000	-10000	-7799	10000	10000	-5666	-4000	0	minecraft:jagged_peaks
-4500	-1500	-10000	-3500	-1100	300	-7799	-3750	0	0	-5666	-4000	0	minecraft:plains
-4500	-1500	-10000	-3500	-1100	300	-7799	-3750	10000	10000	-5666	-4000	0	minecraft:plains
-4500	-1500	-10000	-3500	300	10000	-7799	-3750	0	0	-5666	-4000	0	minecraft:snowy_slopes
-4500	-1500	-10000	-3500	300	10000	-7799	-3750	10000	10000	-5666	-4000	0	minecraft:snowy_slopes
-4500	-1500	-10000	-3500	-1900	300	-3750	500	0	0	-5666	-4000	0	minecraft:plains
-4500	-1500	-10000	-3500	-1900	300	-3750	500	10000	10000	-5666	-4000	0	minecraft:plains
-4500	-1500	-10000	-3500	300	10000	-3750	-2225	0	0	-5666	-4000	0	minecraft:meadow
-4500	-1500	-10000	-3500	300	10000	-3750	-2225	10000	10000	-5666	-4000	0	minecraft:meadow
-4500	-1500	-10000	-3500	300	3000	-2225	500	0	0	-5666	-4000	0	minecraft:plains
-4500	-1500	-10000	-3500	300	3000	-2225	500	10000	10000	-5666	-4000	0	minecraft:plains
-4500	-1500	-10000	-3500	3000	10000	-2225	500	0	0	-5666	-4000	0	minecraft:meadow
-4500	-1500	-10000	-3500	3000	10000	-2225	500	10000	10000	-5666	-4000	0	minecraft:meadow
-4500	-1500	-10000	-3500	-1900	10000	500	4500	0	0	-5666	-4000	0	minecraft:plains
-4500	-1500	-10000	-3500	-1900	10000	500	4500	10000	10000	-5666	-4000	0	minecraft:plains
-4500	-1500	-10000	-3500	-1900	300	4500	5500	0	0	-5666	-4000	0	minecraft:plains
-4500	-1500	-10000	-3500	-1900	300	4500	5500	10000	10000	-5666	-4000	0	minecraft:plains
-4500	-1500	-10000	-3500	300	10000	4500	5500	0	0	-5666	-4000	0	minecraft:windswept_gravelly_hills
-4500	-1500	-10000	-3500	300	10000	4500	5500	10000	10000	-5666	-4000	0	minecraft:windswept_gravelly_hills
-4500	-1500	-10000	-3500	-1900	10000	5500	10000	0	0	-5666	-4000	0	minecraft:plains
-4500	-1500	-10000	-3500	-1900	10000	5500	10000	10000	10000	-5666	-4000	0	minecraft:plains
-4500	-1500	-3500	-1000	-1900	-1100	-10000	-3750	0	0	-5666	-4000	0	minecraft:plains
-4500	-1500	-3500	-1000	-1900	-1100	-10000	-3750	10000	10000	-5666	-4000	0	minecraft:plains
-4500	-1500	-3500	-1000	-1100	300	-10000	-7799	0	0	-5666	-4000	0	minecraft:snowy_slopes
-4500	-1500	-3500	-1000	-1100	300	-10000	-7799	10000	10000	-5666	-4000	0	minecraft:snowy_slopes
-4500	-1500	-3500	-1000	300	10000	-10000	-7799	0	0	-5666	-4000	0	minecraft:jagged_peaks
-4500	-1500	-3500	-1000	300	10000	-10000	-7799	10000	10000	-5666	-4000	0	minecraft:jagged_peaks
-4500	-1500	-3500	-1000	-1100	300	-7799	-3750	0	0	-5666	-4000	0	minecraft:plains
-4500	-1500	-3500	-1000	-1100	300	-7799	-3750	10000	10000	-5666	-4000	0	minecraft:plains
-4500	-1500	-3500	-1000	300	10000	-7799	-3750	0	0	-5666	-4000	0	minecraft:snowy_slopes
-4500	-1500	-3500	-1000	300	10000	-7799	-3750	10000	10000	-5666	-4000	0	minecraft:snowy_slopes
-4500	-1500	-3500	-1000	-1900	300	-3750	500	0	0	-5666	-4000	0	minecraft:plains
-4500	-1500	-3500	-1000	-1900	300	-3750	500	10000	10000	-5666	-4000	0	minecraft:plains
-4500	-1500	-3500	-1000	300	10000	-3750	-2225	0	0	-5666	-4000	0	minecraft:meadow
-4500	-1500	-3500	-1000	300	10000	-3750	-2225	10000	10000	-5666	-4000	0	minecraft:meadow
-4500	-1500	-3500	-1000	300	3000	-2225	500	0	0	-5666	-4000	0	minecraft:plains
-4500	-1500	-3500	-1000	300	3000	-2225	500	10000	10000	-5666	-4000	0	minecraft:plains
-4500	-1500	-3500	-1000	3000	10000	-2225	500	0	0	-5666	-4000	0	minecraft:meadow
-4500	-1500	-3500	-1000	3000	10000	-2225	500	10000	10000	-5666	-4000	0	minecraft:meadow
-4500	-1500	-3500	-1000	-1900	10000	500	4500	0	0	-5666	-4000	0	minecraft:plains
-4500	-1500	-3500	-1000	-1900	10000	500	4500	10000	10000	-5666	-4000	0	minecraft:plains
-4500	-1500	-3500	-1000	-1900	300	4500	5500	0	0	-5666	-4000	0	minecraft:plains
-4500	-1500	-3500	-1000	-1900	300	4500	5500	10000	10000	-5666	-4000	0	minecraft:plains
-4500	-1500	-3500	-1000	300	10000	4500	5500	0	0	-5666	-4000	0	minecraft:windswept_gravelly_hills
-4500	-1500	-3500	-1000	300	10000	4500	5500	10000	10000	-5666	-4000	0	minecraft:windswept_gravelly_hills
-4500	-1500	-3500	-1000	-1900	10000	5500	10000	0	0	-5666	-4000	0	minecraft:plains
-4500	-1500	-3500	-1000	-1900	10000	5500	10000	10000	10000	-5666	-4000	0	minecraft:plains
-4500	-1500	-1000	1000	-1900	-1100	-10000	-3750	0	0	-5666	-4000	0	minecraft:forest
-4500	-1500	-1000	1000	-1900	-1100	-10000	-3750	10000	10000	-5666	-4000	0	minecraft:forest
-4500	-1500	-1000	1000	-1100	300	-10000	-7799	0	0	-5666	-4000	0	minecraft:grove
-4500	-1500	-1000	1000	-1100	300	-10000	-7799	10000	10000	-5666	-4000	0	minecraft:grove
-4500	-1500	-1000	1000	300	10000	-10000	-7799	0	0	-5666	-4000	0	minecraft:jagged_peaks
-4500	-1500	-1000	1000	300	10000	-10000	-7799	10000	10000	-5666	-4000	0	minecraft:jagged_peaks
-4500	-1500	-1000	1000	-1100	300	-7799	-3750	0	0	-5666	-4000	0	minecraft:forest
-4500	-1500	-1000	1000	-1100	300	-7799	-3750	10000	10000	-5666	-4000	0	minecraft:forest
-4500	-1500	-1000	1000	300	10000	-7799	-3750	0	0	-5666	-4000	0	minecraft:grove
-4500	-1500	-1000	1000	300	10000	-7799	-3750	10000	10000	-5666	-4000	0	minecraft:grove
-4500	-1500	-1000	1000	-1900	300	-3750	500	0	0	-5666	-4000	0	minecraft:forest
-4500	-1500	-1000	1000	-1900	300	-3750	500	10000	10000	-5666	-4000	0	minecraft:forest
-4500	-1500	-1000	1000	300	10000	-3750	-2225	0	0	-5666	-4000	0	minecraft:forest
-4500	-1500	-1000	1000	300	10000	-3750	-2225	10000	10000	-5666	-4000	0	minecraft:forest
-4500	-1500	-1000	1000	300	3000	-2225	500	0	0	-5666	-4000	0	minecraft:forest
-4500	-1500	-1000	1000	300	3000	-2225	500	10000	10000	-5666	-4000	0	minecraft:forest
-4500	-1500	-1000	1000	3000	10000	-2225	500	0	0	-5666	-4000	0	minecraft:forest
-4500	-1500	-1000	1000	3000	10000	-2225	500	10000	10000	-5666	-4000	0	minecraft:forest
-4500	-1500	-1000	1000	-1900	10000	500	4500	0	0	-5666	-4000	0	minecraft:forest
-4500	-1500	-1000	1000	-1900	10000	500	4500	10000	10000	-5666	-4000	0	minecraft:forest
-4500	-1500	-1000	1000	-1900	300	4500	5500	0	0	-5666	-4000	0	minecraft:forest
-4500	-1500	-1000	1000	-1900	300	4500	5500	10000	10000	-5666	-4000	0	minecraft:forest
-4500	-1500	-1000	1000	300	10000	4500	5500	0	0	-5666	-4000	0	minecraft:windswept_hills
-4500	-1500	-1000	1000	300	10000	4500	5500	10000	10000	-5666	-4000	0	minecraft:windswept_hills
-4500	-1500	-1000	1000	-1900	10000	5500	10000	0	0	-5666	-4000	0	minecraft:forest
-4500	-1500	-1000	1000	-1900	10000	5500	10000	10000	10000	-5666	-4000	0	minecraft:forest
-4500	-1500	1000	3000	-1900	-1100	-10000	-3750	0	0	-5666	-4000	0	minecraft:taiga
-4500	-1500	1000	3000	-1900	-1100	-10000	-3750	10000	10000	-5666	-4000	0	minecraft:taiga
-4500	-1500	1000	3000	-1100	300	-10000	-7799	0	0	-5666	-4000	0	minecraft:grove
-4500	-1500	1000	3000	-1100	300	-10000	-7799	10000	10000	-5666	-4000	0	minecraft:grove
-4500	-1500	1000	3000	300	10000	-10000	-7799	0	0	-5666	-4000	0	minecraft:jagged_peaks
-4500	-1500	1000	3000	300	10000	-10000	-7799	10000	10000	-5666	-4000	0	minecraft:jagged_peaks
-4500	-1500	1000	3000	-1100	300	-7799	-3750	0	0	-5666	-4000	0	minecraft:taiga
-4500	-1500	1000	3000	-1100	300	-7799	-3750	10000	10000	-5666	-4000	0	minecraft:taiga
-4500	-1500	1000	3000	300	10000	-7799	-3750	0	0	-5666	-4000	0	minecraft:grove
-4500	-1500	1000	3000	300	10000	-7799	-3750	10000	10000	-5666	-4000	0	minecraft:grove
-4500	-1500	1000	3000	-1900	300	-3750	500	0	0	-5666	-4000	0	minecraft:taiga
-4500	-1500	1000	3000	-1900	300	-3750	500	10000	10000	-5666	-4000	0	minecraft:taiga
-4500	-1500	1000	3000	300	10000	-3750	-2225	0	0	-5666	-4000	0	minecraft:taiga
-4500	-1500	1000	3000	300	10000	-3750	-2225	10000	10000	-5666	-4000	0	minecraft:taiga
-4500	-1500	1000	3000	300	3000	-2225	500	0	0	-5666	-4000	0	minecraft:taiga
-4500	-1500	1000	3000	300	3000	-2225	500	10000	10000	-5666	-4000	0	minecraft:taiga
-4500	-1500	1000	3000	3000	10000	-2225	500	0	0	-5666	-4000	0	minecraft:taiga
-4500	-1500	1000	3000	3000	10000	-2225	500	10000	10000	-5666	-4000	0	minecraft:taiga
-4500	-1500	1000	3000	-1900	10000	500	4500	0	0	-5666	-4000	0	minecraft:taiga
-4500	-1500	1000	3000	-1900	10000	500	4500	10000	10000	-5666	-4000	0	minecraft:taiga
-4500	-1500	1000	3000	-1900	300	4500	5500	0	0	-5666	-4000	0	minecraft:taiga
-4500	-1500	1000	3000	-1900	300	4500	5500	10000	10000	-5666	-4000	0	minecraft:taiga
-4500	-1500	1000	3000	300	10000	4500	5500	0	0	-5666	-4000	0	minecraft:windswept_forest
-4500	-1500	1000	3000	300	10000	4500	5500	10000	10000	-5666	-4000	0	minecraft:windswept_forest
-4500	-1500	1000	3000	-1900	10000	5500	10000	0	0	-5666	-4000	0	minecraft:taiga
-4500	-1500	1000	3000	-1900	10000	5500	10000	10000	10000	-5666	-4000	0	minecraft:taiga
-4500	-1500	3000	10000	-1900	-1100	-10000	-3750	0	0	-5666	-4000	0	minecraft:old_growth_spruce_taiga
-4500	-1500	3000	10000	-1900	-1100	-10000	-3750	10000	10000	-5666	-4000	0	minecraft:old_growth_spruce_taiga
-4500	-1500	3000	10000	-1100	300	-10000	-7799	0	0	-5666	-4000	0	minecraft:grove
-4500	-1500	3000	10000	-1100	300	-10000	-7799	10000	10000	-5666	-4000	0	minecraft:grove
-4500	-1500	3000	10000	300	10000	-10000	-7799	0	0	-5666	-4000	0	minecraft:jagged_peaks
-4500	-1500	3000	10000	300	10000	-10000	-7799	10000	10000	-5666	-4000	0	minecraft:jagged_peaks
-4500	-1500	3000	10000	-1100	300	-7799	-3750	0	0	-5666	-4000	0	minecraft:old_growth_spruce_taiga
-4500	-1500	3000	10000	-1100	300	-7799	-3750	10000	10000	-5666	-4000	0	minecraft:old_growth_spruce_taiga
-4500	-1500	3000	10000	300	10000	-7799	-3750	0	0	-5666	-4000	0	minecraft:grove
-4500	-1500	3000	10000	300	10000	-7799	-3750	10000	10000	-5666	-4000	0	minecraft:grove
-4500	-1500	3000	10000	-1900	300	-3750	500	0	0	-5666	-4000	0	minecraft:old_growth_spruce_taiga
-4500	-1500	3000	10000	-1900	300	-3750	500	10000	10000	-5666	-4000	0	minecraft:old_growth_spruce_taiga
-4500	-1500	3000	10000	300	10000	-3750	-2225	0	0	-5666	-4000	0	minecraft:old_growth_spruce_taiga
-4500	-1500	3000	10000	300	10000	-3750	-2225	10000	10000	-5666	-4000	0	minecraft:old_growth_spruce_taiga
-4500	-1500	3000	10000	300	3000	-2225	500	0	0	-5666	-4000	0	minecraft:old_growth_spruce_taiga
-4500	-1500	3000	10000	300	3000	-2225	500	10000	10000	-5666	-4000	0	minecraft:old_growth_spruce_taiga
-4500	-1500	3000	10000	3000	10000	-2225	500	0	0	-5666	-4000	0	minecraft:old_growth_spruce_taiga
-4500	-1500	3000	10000	3000	10000	-2225	500	10000	10000	-5666	-4000	0	minecraft:old_growth_spruce_taiga
-4500	-1500	3000	10000	-1900	10000	500	4500	0	0	-5666	-4000	0	minecraft:old_growth_spruce_taiga
-4500	-1500	3000	10000	-1900	10000	500	4500	10000	10000	-5666	-4000	0	minecraft:old_growth_spruce_taiga
-4500	-1500	3000	10000	-1900	300	4500	5500	0	0	-5666	-4000	0	minecraft:old_growth_spruce_taiga
-4500	-1500	3000	10000	-1900	300	4500	5500	10000	10000	-5666	-4000	0	minecraft:old_growth_spruce_taiga
-4500	-1500	3000	10000	300	10000	4500	5500	0	0	-5666	-4000	0	minecraft:windswept_forest
-4500	-1500	3000	10000	300	10000	4500	5500	10000	10000	-5666	-4000	0	minecraft:windswept_forest
-4500	-1500	3000	10000	-1900	10000	5500	10000	0	0	-5666	-4000	0	minecraft:old_growth_spruce_taiga
-4500	-1500	3000	10000	-1900	10000	5500	10000	10000	10000	-5666	-4000	0	minecraft:old_growth_spruce_taiga
-1500	2000	-10000	-3500	-1900	-1100	-10000	-3750	0	0	-5666	-4000	0	minecraft:flower_forest
-1500	2000	-10000	-3500	-1900	-1100	-10000	-3750	10000	10000	-5666	-4000	0	minecraft:flower_forest
-1500	2000	-10000	-3500	-1100	300	-10000	-7799	0	0	-5666	-4000	0	minecraft:snowy_slopes
-1500	2000	-10000	-3500	-1100	300	-10000	-7799	10000	10000	-5666	-4000	0	minecraft:snowy_slopes
-1500	2000	-10000	-3500	300	10000	-10000	-7799	0	0	-5666	-4000	0	minecraft:jagged_peaks
-1500	2000	-10000	-3500	300	10000	-10000	-7799	10000	10000	-5666	-4000	0	minecraft:jagged_peaks
-1500	2000	-10000	-3500	-1100	300	-7799	-3750	0	0	-5666	-4000	0	minecraft:flower_forest
-1500	2000	-10000	-3500	-1100	300	-7799	-3750	10000	10000	-5666	-4000	0	minecraft:flower_forest
-1500	2000	-10000	-3500	300	10000	-7799	-3750	0	0	-5666	-4000	0	minecraft:snowy_slopes
-1500	2000	-10000	-3500	300	10000	-7799	-3750	10000	10000	-5666	-4000	0	minecraft:snowy_slopes
-1500	2000	-10000	-3500	-1900	300	-3750	500	0	0	-5666	-4000	0	minecraft:flower_forest
-1500	2000	-10000	-3500	-1900	300	-3750	500	10000	10000	-5666	-4000	0	minecraft:flower_forest
-1500	2000	-10000	-3500	300	10000	-3750	-2225	0	0	-5666	-4000	0	minecraft:meadow
-1500	2000	-10000	-3500	300	10000	-3750	-2225	10000	10000	-5666	-4000	0	minecraft:meadow
-1500	2000	-10000	-3500	300	3000	-2225	500	0	0	-5666	-4000	0	minecraft:flower_forest
-1500	2000	-10000	-3500	300	3000	-2225	500	10000	10000	-5666	-4000	0	minecraft:flower_forest
-1500	2000	-10000	-3500	3000	10000	-2225	500	0	0	-5666	-4000	0	minecraft:meadow
-1500	2000	-10000	-3500	3000	10000	-2225	500	10000	10000	-5666	-4000	0	minecraft:meadow
-1500	2000	-10000	-3500	-1900	10000	500	4500	0	0	-5666	-4000	0	minecraft:flower_forest
-1500	2000	-10000	-3500	-1900	10000	500	4500	10000	10000	-5666	-4000	0	minecraft:flower_forest
-1500	2000	-10000	-3500	-1900	300	4500	5500	0	0	-5666	-4000	0	minecraft:flower_forest
-1500	2000	-10000	-3500	-1900	300	4500	5500	10000	10000	-5666	-4000	0	minecraft:flower_forest
-1500	2000	-10000	-3500	300	10000	4500	5500	0	0	-5666	-4000	0	minecraft:windswept_hills
-1500	2000	-10000	-3500	300	10000	4500	5500	10000	10000	-5666	-4000	0	minecraft:windswept_hills
-1500	2000	-10000	-3500	-1900	10000	5500	10000	0	0	-5666	-4000	0	minecraft:flower_forest
-1500	2000	-10000	-3500	-1900	10000	5500	10000	10000	10000	-5666	-4000	0	minecraft:flower_forest
-1500	2000	-3500	-1000	-1900	-1100	-10000	-3750	0	0	-5666	-4000	0	minecraft:plains
-1500	2000	-3500	-1000	-1900	-1100	-10000	-3750	10000	10000	-5666	-4000	0	minecraft:plains
-1500	2000	-3500	-1000	-1100	300	-10000	-7799	0	0	-5666	-4000	0	minecraft:snowy_slopes
-1500	2000	-3500	-1000	-1100	300	-10000	-7799	10000	10000	-5666	-4000	0	minecraft:snowy_slopes
-1500	2000	-3500	-1000	300	10000	-10000	-7799	0	0	-5666	-4000	0	minecraft:jagged_peaks
-1500	2000	-3500	-1000	300	10000	-10000	-7799	10000	10000	-5666	-4000	0	minecraft:jagged_peaks
-1500	2000	-3500	-1000	-1100	300	-7799	-3750	0	0	-5666	-4000	0	minecraft:plains
-1500	2000	-3500	-1000	-1100	300	-7799	-3750	10000	10000	-5666	-4000	0	minecraft:plains
-1500	2000	-3500	-1000	300	10000	-7799	-3750	0	0	-5666	-4000	0	minecraft:snowy_slopes
-1500	2000	-3500	-1000	300	10000	-7799	-3750	10000	10000	-5666	-4000	0	minecraft:snowy_slopes
-1500	2000	-3500	-1000	-1900	300	-3750	500	0	0	-5666	-4000	0	minecraft:plains
-1500	2000	-3500	-1000	-1900	300	-3750	500	10000	10000	-5666	-4000	0	minecraft:plains
-1500	2000	-3500	-1000	300	10000	-3750	-2225	0	0	-5666	-4000	0	minecraft:meadow
-1500	2000	-3500	-1000	300	10000	-3750	-2225	10000	10000	-5666	-4000	0	minecraft:meadow
-1500	2000	-3500	-1000	300	3000	-2225	500	0	0	-5666	-4000	0	minecraft:plains
-1500	2000	-3500	-1000	300	3000	-2225	500	10000	10000	-5666	-4000	0	minecraft:plains
-1500	2000	-3500	-1000	3000	10000	-2225	500	0	0	-5666	-4000	0	minecraft:meadow
-1500	2000	-3500	-1000	3000	10000	-2225	500	10000	10000	-5666	-4000	0	minecraft:meadow
-1500	2000	-3500	-1000	-1900	10000	500	4500	0	0	-5666	-4000	0	minecraft:plains
-1500	2000	-3500	-1000	-1900	10000	500	4500	10000	10000	-5666	-4000	0	minecraft:plains
-1500	2000	-3500	-1000	-1900	300	4500	5500	0	0	-5666	-4000	0	minecraft:plains
-1500	2000	-3500	-1000	-1900	300	4500	5500	10000	10000	-5666	-4000	0	minecraft:plains
-1500	2000	-3500	-1000	300	10000	4500	5500	0	0	-5666	-4000	0	minecraft:windswept_hills
-1500	2000	-3500	-1000	300	10000	4500	5500	10000	10000	-5666	-4000	0	minecraft:windswept_hills
-1500	2000	-3500	-1000	-1900	10000	5500	10000	0	0	-5666	-4000	0	minecraft:plains
-1500	2000	-3500	-1000	-1900	10000	5500	10000	10000	10000	-5666	-4000	0	minecraft:plains
-1500	2000	-1000	1000	-1900	-1100	-10000	-3750	0	0	-5666	-4000	0	minecraft:forest
-1500	2000	-1000	1000	-1900	-1100	-10000	-3750	10000	10000	-5666	-4000	0	minecraft:forest
-1500	2000	-1000	1000	-1100	300	-10000	-7799	0	0	-5666	-4000	0	minecraft:grove
-1500	2000	-1000	1000	-1100	300	-10000	-7799	10000	10000	-5666	-4000	0	minecraft:grove
-1500	2000	-1000	1000	300	10000	-10000	-7799	0	0	-5666	-4000	0	minecraft:jagged_peaks
-1500	2000	-1000	1000	300	10000	-10000	-7799	10000	10000	-5666	-4000	0	minecraft:jagged_peaks
-1500	2000	-1000	1000	-1100	300	-7799	-3750	0	0	-5666	-4000	0	minecraft:forest
-1500	2000	-1000	1000	-1100	300	-7799	-3750	10000	10000	-5666	-4000	0	minecraft:forest
-1500	2000	-1000	1000	300	10000	-7799	-3750	0	0	-5666	-4000	0	minecraft:grove
-1500	2000	-1000	1000	300	10000	-7799	-3750	10000	10000	-5666	-4000	0	minecraft:grove
-1500	2000	-1000	1000	-1900	300	-3750	500	0	0	-5666	-4000	0	minecraft:forest
-1500	2000	-1000	1000	-1900	300	-3750	500	10000	10000	-5666	-4000	0	minecraft:forest
-1500	2000	-1000	1000	300	10000	-3750	-2225	0	0	-5666	-4000	0	minecraft:meadow
-1500	2000	-1000	1000	300	10000	-3750	-2225	10000	10000	-5666	-4000	0	minecraft:meadow
-1500	2000	-1000	1000	300	3000	-2225	500	0	0	-5666	-4000	0	minecraft:forest
-1500	2000	-1000	1000	300	3000	-2225	500	10000	10000	-5666	-4000	0	minecraft:forest
-1500	2000	-1000	1000	3000	10000	-2225	500	0	0	-5666	-4000	0	minecraft:meadow
-1500	2000	-1000	1000	3000	10000	-2225	500	10000	10000	-5666	-4000	0	minecraft:meadow
-1500	2000	-1000	1000	-1900	10000	500	4500	0	0	-5666	-4000	0	minecraft:forest
-1500	2000	-1000	1000	-1900	10000	500	4500	10000	10000	-5666	-4000	0	minecraft:forest
-1500	2000	-1000	1000	-1900	300	4500	5500	0	0	-5666	-4000	0	minecraft:forest
-1500	2000	-1000	1000	-1900	300	4500	5500	10000	10000	-5666	-4000	0	minecraft:forest
-1500	2000	-1000	1000	300	10000	4500	5500	0	0	-5666	-4000	0	minecraft:windswept_hills
-1500	2000	-1000	1000	300	10000	4500	5500	10000	10000	-5666	-4000	0	minecraft:windswept_hills
-1500	2000	-1000	1000	-1900	10000	5500	10000	0	0	-5666	-4000	0	minecraft:forest
-1500	2000	-1000	1000	-1900	10000	5500	10000	10000	10000	-5666	-4000	0	minecraft:forest
-1500	2000	1000	3000	-1900	-1100	-10000	-3750	0	0	-5666	-4000	0	minecraft:birch_forest
-1500	2000	1000	3000	-1900	-1100	-10000	-3750	10000	10000	-5666	-4000	0	minecraft:birch_forest
-1500	2000	1000	3000	-1100	300	-10000	-7799	0	0	-5666	-4000	0	minecraft:grove
-1500	2000	1000	3000	-1100	300	-10000	-7799	10000	10000	-5666	-4000	0	minecraft:grove
-1500	2000	1000	3000	300	10000	-10000	-7799	0	0	-5666	-4000	0	minecraft:jagged_peaks
-1500	2000	1000	3000	300	10000	-10000	-7799	10000	10000	-5666	-4000	0	minecraft:jagged_peaks
-1500	2000	1000	3000	-1100	300	-7799	-3750	0	0	-5666	-4000	0	minecraft:birch_forest
-1500	2000	1000	3000	-1100	300	-7799	-3750	10000	10000	-5666	-4000	0	minecraft:birch_forest
-1500	2000	1000	3000	300	10000	-7799	-3750	0	0	-5666	-4000	0	minecraft:grove
-1500	2000	1000	3000	300	10000	-7799	-3750	10000	10000	-5666	-4000	0	minecraft:grove
-1500	2000	1000	3000	-1900	300	-3750	500	0	0	-5666	-4000	0	minecraft:birch_forest
-1500	2000	1000	3000	-1900	300	-3750	500	10000	10000	-5666	-4000	0	minecraft:birch_forest
-1500	2000	1000	3000	300	10000	-3750	-2225	0	0	-5666	-4000	0	minecraft:meadow
-1500	2000	1000	3000	300	10000	-3750	-2225	10000	10000	-5666	-4000	0	minecraft:meadow
-1500	2000	1000	3000	300	3000	-2225	500	0	0	-5666	-4000	0	minecraft:birch_forest
-1500	2000	1000	3000	300	3000	-2225	500	10000	10000	-5666	-4000	0	minecraft:birch_forest
-1500	2000	1000	3000	3000	10000	-2225	500	0	0	-5666	-4000	0	minecraft:meadow
-1500	2000	1000	3000	3000	10000	-2225	500	10000	10000	-5666	-4000	0	minecraft:meadow
-1500	2000	1000	3000	-1900	10000	500	4500	0	0	-5666	-4000	0	minecraft:birch_forest
-1500	2000	1000	3000	-1900	10000	500	4500	10000	10000	-5666	-4000	0	minecraft:birch_forest
-1500	2000	1000	3000	-1900	300	4500	5500	0	0	-5666	-4000	0	minecraft:birch_forest
-1500	2000	1000	3000	-1900	300	4500	5500	10000	10000	-5666	-4000	0	minecraft:birch_forest
-1500	2000	1000	3000	300	10000	4500	5500	0	0	-5666	-4000	0	minecraft:windswept_forest
-1500	2000	1000	3000	300	10000	4500	5500	10000	10000	-5666	-4000	0	minecraft:windswept_forest
-1500	2000	1000	3000	-1900	10000	5500	10000	0	0	-5666	-4000	0	minecraft:birch_forest
-1500	2000	1000	3000	-1900	10000	5500	10000	10000	10000	-5666	-4000	0	minecraft:birch_forest
-1500	2000	3000	10000	-1900	-1100	-10000	-3750	0	0	-5666	-4000	0	minecraft:dark_forest
-1500	2000	3000	10000	-1900	-1100	-10000	-3750	10000	10000	-5666	-4000	0	minecraft:dark_forest
-1500	2000	3000	10000	-1100	300	-10000	-7799	0	0	-5666	-4000	0	minecraft:grove
-1500	2000	3000	10000	-1100	300	-10000	-7799	10000	10000	-5666	-4000	0	minecraft:grove
-1500	2000	3000	10000	300	10000	-10000	-7799	0	0	-5666	-4000	0	minecraft:jagged_peaks
-1500	2000	3000	10000	300	10000	-10000	-7799	10000	10000	-5666	-4000	0	minecraft:jagged_peaks
-1500	2000	3000	10000	-1100	300	-7799	-3750	0	0	-5666	-4000	0	minecraft:dark_forest
-1500	2000	3000	10000	-1100	300	-7799	-3750	10000	10000	-5666	-4000	0	minecraft:dark_forest
-1500	2000	3000	10000	300	10000	-7799	-3750	0	0	-5666	-4000	0	minecraft:grove
-1500	2000	3000	10000	300	10000	-7799	-3750	10000	10000	-5666	-4000	0	minecraft:grove
-1500	2000	3000	10000	-1900	300	-3750	500	0	0	-5666	-4000	0	minecraft:dark_forest
-1500	2000	3000	10000	-1900	300	-3750	500	10000	10000	-5666	-4000	0	minecraft:dark_forest
-1500	2000	3000	10000	300	10000	-3750	-2225	0	0	-5666	-4000	0	minecraft:pale_garden
-1500	2000	3000	10000	300	10000	-3750	-2225	10000	10000	-5666	-4000	0	minecraft:pale_garden
-1500	2000	3000	10000	300	3000	-2225	500	0	0	-5666	-4000	0	minecraft:dark_forest
-1500	2000	3000	10000	300	3000	-2225	500	10000	10000	-5666	-4000	0	minecraft:dark_forest
-1500	2000	3000	10000	3000	10000	-2225	500	0	0	-5666	-4000	0	minecraft:pale_garden
-1500	2000	3000	10000	3000	10000	-2225	500	10000	10000	-5666	-4000	0	minecraft:pale_garden
-1500	2000	3000	10000	-1900	10000	500	4500	0	0	-5666	-4000	0	minecraft:dark_forest
-1500	2000	3000	10000	-1900	10000	500	4500	10000	10000	-5666	-4000	0	minecraft:dark_forest
-1500	2000	3000	10000	-1900	300	4500	5500	0	0	-5666	-4000	0	minecraft:dark_forest
-1500	2000	3000	10000	-1900	300	4500	5500	10000	10000	-5666	-4000	0	minecraft:dark_forest
-1500	2000	3000	10000	300	10000	4500	5500	0	0	-5666	-4000	0	minecraft:windswept_forest
-1500	2000	3000	10000	300	10000	4500	5500	10000	10000	-5666	-4000	0	minecraft:windswept_forest
-1500	2000	3000	10000	-1900	10000	5500	10000	0	0	-5666	-4000	0	minecraft:dark_forest
-1500	2000	3000	10000	-1900	10000	5500	10000	10000	10000	-5666	-4000	0	minecraft:dark_forest
2000	5500	-10000	-3500	-1900	-1100	-10000	-3750	0	0	-5666	-4000	0	minecraft:savanna
2000	5500	-10000	-3500	-1900	-1100	-10000	-3750	10000	10000	-5666	-4000	0	minecraft:savanna
2000	5500	-10000	-3500	-1100	300	-10000	-7799	0	0	-5666	-4000	0	minecraft:savanna_plateau
2000	5500	-10000	-3500	-1100	300	-10000	-7799	10000	10000	-5666	-4000	0	minecraft:savanna_plateau
2000	5500	-10000	-3500	300	10000	-10000	-7799	0	0	-5666	-4000	0	minecraft:stony_peaks
2000	5500	-10000	-3500	300	10000	-10000	-7799	10000	10000	-5666	-4000	0	minecraft:stony_peaks
2000	5500	-10000	-3500	-1100	300	-7799	-3750	0	0	-5666	-4000	0	minecraft:savanna
2000	5500	-10000	-3500	-1100	300	-7799	-3750	10000	10000	-5666	-4000	0	minecraft:savanna
2000	5500	-10000	-3500	300	10000	-7799	-3750	0	0	-5666	-4000	0	minecraft:savanna_plateau
2000	5500	-10000	-3500	300	10000	-7799	-3750	10000	10000	-5666	-4000	0	minecraft:savanna_plateau
2000	5500	-10000	-3500	-1900	300	-3750	500	0	0	-5666	-4000	0	minecraft:savanna
2000	5500	-10000	-3500	-1900	300	-3750	500	10000	10000	-5666	-4000	0	minecraft:savanna
2000	5500	-10000	-3500	300	10000	-3750	-2225	0	0	-5666	-4000	0	minecraft:savanna_plateau
2000	5500	-10000	-3500	300	10000	-3750	-2225	10000	10000	-5666	-4000	0	minecraft:savanna_plateau
2000	5500	-10000	-3500	300	3000	-2225	500	0	0	-5666	-4000	0	minecraft:savanna
2000	5500	-10000	-3500	300	3000	-2225	500	10000	10000	-5666	-4000	0	minecraft:savanna
2000	5500	-10000	-3500	3000	10000	-2225	500	0	0	-5666	-4000	0	minecraft:savanna_plateau
2000	5500	-10000	-3500	3000	10000	-2225	500	10000	10000	-5666	-4000	0	minecraft:savanna_plateau
2000	5500	-10000	-3500	-1900	10000	500	4500	0	0	-5666	-4000	0	minecraft:savanna
2000	5500	-10000	-3500	-1900	10000	500	4500	10000	10000	-5666	-4000	0	minecraft:savanna
2000	5500	-10000	-3500	-1900	300	4500	5500	0	0	-5666	-4000	0	minecraft:savanna
2000	5500	-10000	-3500	-1900	300	4500	5500	10000	10000	-5666	-4000	0	minecraft:savanna
2000	5500	-10000	-3500	300	10000	4500	5500	0	0	-5666	-4000	0	minecraft:savanna
2000	5500	-10000	-3500	300	10000	4500	5500	10000	10000	-5666	-4000	0	minecraft:savanna
2000	5500	-10000	-3500	-1900	10000	5500	10000	0	0	-5666	-4000	0	minecraft:savanna
2000	5500	-10000	-3500	-1900	10000	5500	10000	10000	10000	-5666	-4000	0	minecraft:savanna
2000	5500	-3500	-1000	-1900	-1100	-10000	-3750	0	0	-5666	-4000	0	minecraft:savanna
2000	5500	-3500	-1000	-1900	-1100	-10000	-3750	10000	10000	-5666	-4000	0	minecraft:savanna
2000	5500	-3500	-1000	-1100	300	-10000	-7799	0	0	-5666	-4000	0	minecraft:savanna_plateau
2000	5500	-3500	-1000	-1100	300	-10000	-7799	10000	10000	-5666	-4000	0	minecraft:savanna_plateau
2000	5500	-3500	-1000	300	10000	-10000	-7799	0	0	-5666	-4000	0	minecraft:stony_peaks
2000	5500	-3500	-1000	300	10000	-10000	-7799	10000	10000	-5666	-4000	0	minecraft:stony_peaks
2000	5500	-3500	-1000	-1100	300	-7799	-3750	0	0	-5666	-4000	0	minecraft:savanna
2000	5500	-3500	-1000	-1100	300	-7799	-3750	10000	10000	-5666	-4000	0	minecraft:savanna
2000	5500	-3500	-1000	300	10000	-7799	-3750	0	0	-5666	-4000	0	minecraft:savanna_plateau
2000	5500	-3500	-1000	300	10000	-7799	-3750	10000	10000	-5666	-4000	0	minecraft:savanna_plateau
2000	5500	-3500	-1000	-1900	300	-3750	500	0	0	-5666	-4000	0	minecraft:savanna
2000	5500	-3500	-1000	-1900	300	-3750	500	10000	10000	-5666	-4000	0	minecraft:savanna
2000	5500	-3500	-1000	300	10000	-3750	-2225	0	0	-5666	-4000	0	minecraft:savanna_plateau
2000	5500	-3500	-1000	300	10000	-3750	-2225	10000	10000	-5666	-4000	0	minecraft:savanna_plateau
2000	5500	-3500	-1000	300	3000	-2225	500	0	0	-5666	-4000	0	minecraft:savanna
2000	5500	-3500	-1000	300	3000	-2225	500	10000	10000	-5666	-4000	0	minecraft:savanna
2000	5500	-3500	-1000	3000	10000	-2225	500	0	0	-5666	-4000	0	minecraft:savanna_plateau
2000	5500	-3500	-1000	3000	10000	-2225	500	10000	10000	-5666	-4000	0	minecraft:savanna_plateau
2000	5500	-3500	-1000	-1900	10000	500	4500	0	0	-5666	-4000	0	minecraft:savanna
2000	5500	-3500	-1000	-1900	10000	500	4500	10000	10000	-5666	-4000	0	minecraft:savanna
2000	5500	-3500	-1000	-1900	300	4500	5500	0	0	-5666	-4000	0	minecraft:savanna
2000	5500	-3500	-1000	-1900	300	4500	5500	10000	10000	-5666	-4000	0	minecraft:savanna
2000	5500	-3500	-1000	300	10000	4500	5500	0	0	-5666	-4000	0	minecraft:savanna
2000	5500	-3500	-1000	300	10000	4500	5500	10000	10000	-5666	-4000	0	minecraft:savanna
2000	5500	-3500	-1000	-1900	10000	5500	10000	0	0	-5666	-4000	0	minecraft:savanna
2000	5500	-3500	-1000	-1900	10000	5500	10000	10000	10000	-5666	-4000	0	minecraft:savanna
2000	5500	-1000	1000	-1900	-1100	-10000	-3750	0	0	-5666	-4000	0	minecraft:forest
2000	5500	-1000	1000	-1900	-1100	-10000	-3750	10000	10000	-5666	-4000	0	minecraft:forest
2000	5500	-1000	1000	-1100	300	-10000	-7799	0	0	-5666	-4000	0	minecraft:forest
2000	5500	-1000	1000	-1100	300	-10000	-7799	10000	10000	-5666	-4000	0	minecraft:forest
2000	5500	-1000	1000	300	10000	-10000	-7799	0	0	-5666	-4000	0	minecraft:stony_peaks
2000	5500	-1000	1000	300	10000	-10000	-7799	10000	10000	-5666	-4000	0	minecraft:stony_peaks
2000	5500	-1000	1000	-1100	300	-7799	-3750	0	0	-5666	-4000	0	minecraft:forest
2000	5500	-1000	1000	-1100	300	-7799	-3750	10000	10000	-5666	-4000	0	minecraft:forest
2000	5500	-1000	1000	300	10000	-7799	-3750	0	0	-5666	-4000	0	minecraft:forest
2000	5500	-1000	1000	300	10000	-7799	-3750	10000	10000	-5666	-4000	0	minecraft:forest
2000	5500	-1000	1000	-1900	300	-3750	500	0	0	-5666	-4000	0	minecraft:forest
2000	5500	-1000	1000	-1900	300	-3750	500	10000	10000	-5666	-4000	0	minecraft:forest
2000	5500	-1000	1000	300	10000	-3750	-2225	0	0	-5666	-4000	0	minecraft:forest
2000	5500	-1000	1000	300	10000	-3750	-2225	10000	10000	-5666	-4000	0	minecraft:forest
2000	5500	-1000	1000	300	3000	-2225	500	0	0	-5666	-4000	0	minecraft:forest
2000	5500	-1000	1000	300	3000	-2225	500	10000	10000	-5666	-4000	0	minecraft:forest
2000	5500	-1000	1000	3000	10000	-2225	500	0	0	-5666	-4000	0	minecraft:forest
2000	5500	-1000	1000	3000	10000	-2225	500	10000	10000	-5666	-4000	0	minecraft:forest
2000	5500	-1000	1000	-1900	10000	500	4500	0	0	-5666	-4000	0	minecraft:forest
2000	5500	-1000	1000	-1900	10000	500	4500	10000	10000	-5666	-4000	0	minecraft:forest
2000	5500	-1000	1000	-1900	300	4500	5500	0	0	-5666	-4000	0	minecraft:forest
2000	5500	-1000	1000	-1900	300	4500	5500	10000	10000	-5666	-4000	0	minecraft:forest
2000	5500	-1000	1000	300	10000	4500	5500	0	0	-5666	-4000	0	minecraft:forest
2000	5500	-1000	1000	300	10000	4500	5500	10000	10000	-5666	-4000	0	minecraft:forest
2000	5500	-1000	1000	-1900	10000	5500	10000	0	0	-5666	-4000	0	minecraft:forest
2000	5500	-1000	1000	-1900	10000	5500	10000	10000	10000	-5666	-4000	0	minecraft:forest
2000	5500	1000	3000	-1900	-1100	-10000	-3750	0	0	-5666	-4000	0	minecraft:jungle
2000	5500	1000	3000	-1900	-1100	-10000	-3750	10000	10000	-5666	-4000	0	minecraft:jungle
2000	5500	1000	3000	-1100	300	-10000	-7799	0	0	-5666	-4000	0	minecraft:forest
2000	5500	1000	3000	-1100	300	-10000	-7799	10000	10000	-5666	-4000	0	minecraft:forest
2000	5500	1000	3000	300	10000	-10000	-7799	0	0	-5666	-4000	0	minecraft:stony_peaks
2000	5500	1000	3000	300	10000	-10000	-7799	10000	10000	-5666	-4000	0	minecraft:stony_peaks
2000	5500	1000	3000	-1100	300	-7799	-3750	0	0	-5666	-4000	0	minecraft:jungle
2000	5500	1000	3000	-1100	300	-7799	-3750	10000	10000	-5666	-4000	0	minecraft:jungle
2000	5500	1000	3000	300	10000	-7799	-3750	0	0	-5666	-4000	0	minecraft:forest
2000	5500	1000	3000	300	10000	-7799	-3750	10000	10000	-5666	-4000	0	minecraft:forest
2000	5500	1000	3000	-1900	300	-3750	500	0	0	-5666	-4000	0	minecraft:jungle
2000	5500	1000	3000	-1900	300	-3750	500	10000	10000	-5666	-4000	0	minecraft:jungle
2000	5500	1000	3000	300	10000	-3750	-2225	0	0	-5666	-4000	0	minecraft:forest
2000	5500	1000	3000	300	10000	-3750	-2225	10000	10000	-5666	-4000	0	minecraft:forest
2000	5500	1000	3000	300	3000	-2225	500	0	0	-5666	-4000	0	minecraft:jungle
2000	5500	1000	3000	300	3000	-2225	500	10000	10000	-5666	-4000	0	minecraft:jungle
2000	5500	1000	3000	3000	10000	-2225	500	0	0	-5666	-4000	0	minecraft:forest
2000	5500	1000	3000	3000	10000	-2225	500	10000	10000	-5666	-4000	0	minecraft:forest
2000	5500	1000	3000	-1900	10000	500	4500	0	0	-5666	-4000	0	minecraft:jungle
2000	5500	1000	3000	-1900	10000	500	4500	10000	10000	-5666	-4000	0	minecraft:jungle
2000	5500	1000	3000	-1900	300	4500	5500	0	0	-5666	-4000	0	minecraft:jungle
2000	5500	1000	3000	-1900	300	4500	5500	10000	10000	-5666	-4000	0	minecraft:jungle
2000	5500	1000	3000	300	10000	4500	5500	0	0	-5666	-4000	0	minecraft:jungle
2000	5500	1000	3000	300	10000	4500	5500	10000	10000	-5666	-4000	0	minecraft:jungle
2000	5500	1000	3000	-1900	10000	5500	10000	0	0	-5666	-4000	0	minecraft:jungle
2000	5500	1000	3000	-1900	10000	5500	10000	10000	10000	-5666	-4000	0	minecraft:jungle
2000	5500	3000	10000	-1900	-1100	-10000	-3750	0	0	-5666	-4000	0	minecraft:jungle
2000	5500	3000	10000	-1900	-1100	-10000	-3750	10000	10000	-5666	-4000	0	minecraft:jungle
2000	5500	3000	10000	-1100	300	-10000	-7799	0	0	-5666	-4000	0	minecraft:jungle
2000	5500	3000	10000	-1100	300	-10000	-7799	10000	10000	-5666	-4000	0	minecraft:jungle
2000	5500	3000	10000	300	10000	-10000	-7799	0	0	-5666	-4000	0	minecraft:stony_peaks
2000	5500	3000	10000	300	10000	-10000	-7799	10000	10000	-5666	-4000	0	minecraft:stony_peaks
2000	5500	3000	10000	-1100	300	-7799	-3750	0	0	-5666	-4000	0	minecraft:jungle
2000	5500	3000	10000	-1100	300	-7799	-3750	10000	10000	-5666	-4000	0	minecraft:jungle
2000	5500	3000	10000	300	10000	-7799	-3750	0	0	-5666	-4000	0	minecraft:jungle
2000	5500	3000	10000	300	10000	-7799	-3750	10000	10000	-5666	-4000	0	minecraft:jungle
2000	5500	3000	10000	-1900	300	-3750	500	0	0	-5666	-4000	0	minecraft:jungle
2000	5500	3000	10000	-1900	300	-3750	500	10000	10000	-5666	-4000	0	minecraft:jungle
2000	5500	3000	10000	300	10000	-3750	-2225	0	0	-5666	-4000	0	minecraft:jungle
2000	5500	3000	10000	300	10000	-3750	-2225	10000	10000	-5666	-4000	0	minecraft:jungle
2000	5500	3000	10000	300	3000	-2225	500	0	0	-5666	-4000	0	minecraft:jungle
2000	5500	3000	10000	300	3000	-2225	500	10000	10000	-5666	-4000	0	minecraft:jungle
2000	5500	3000	10000	3000	10000	-2225	500	0	0	-5666	-4000	0	minecraft:jungle
2000	5500	3000	10000	3000	10000	-2225	500	10000	10000	-5666	-4000	0	minecraft:jungle
2000	5500	3000	10000	-1900	10000	500	4500	0	0	-5666	-4000	0	minecraft:jungle
2000	5500	3000	10000	-1900	10000	500	4500	10000	10000	-5666	-4000	0	minecraft:jungle
2000	5500	3000	10000	-1900	300	4500	5500	0	0	-5666	-4000	0	minecraft:jungle
2000	5500	3000	10000	-1900	300	4500	5500	10000	10000	-5666	-4000	0	minecraft:jungle
2000	5500	3000	10000	300	10000	4500	5500	0	0	-5666	-4000	0	minecraft:jungle
2000	5500	3000	10000	300	10000	4500	5500	10000	10000	-5666	-4000	0	minecraft:jungle
2000	5500	3000	10000	-1900	10000	5500	10000	0	0	-5666	-4000	0	minecraft:jungle
2000	5500	3000	10000	-1900	10000	5500	10000	10000	10000	-5666	-4000	0	minecraft:jungle
5500	10000	-10000	-3500	-1900	-1100	-10000	-3750	0	0	-5666	-4000	0	minecraft:desert
5500	10000	-10000	-3500	-1900	-1100	-10000	-3750	10000	10000	-5666	-4000	0	minecraft:desert
5500	10000	-10000	-3500	-1100	300	-10000	-7799	0	0	-5666	-4000	0	minecraft:badlands
5500	10000	-10000	-3500	-1100	300	-10000	-7799	10000	10000	-5666	-4000	0	minecraft:badlands
5500	10000	-10000	-3500	300	10000	-10000	-7799	0	0	-5666	-4000	0	minecraft:badlands
5500	10000	-10000	-3500	300	10000	-10000	-7799	10000	10000	-5666	-4000	0	minecraft:badlands
5500	10000	-10000	-3500	-1100	300	-7799	-3750	0	0	-5666	-4000	0	minecraft:badlands
5500	10000	-10000	-3500	-1100	300	-7799	-3750	10000	10000	-5666	-4000	0	minecraft:badlands
5500	10000	-10000	-3500	300	10000	-7799	-3750	0	0	-5666	-4000	0	minecraft:badlands
5500	10000	-10000	-3500	300	10000	-7799	-3750	10000	10000	-5666	-4000	0	minecraft:badlands
5500	10000	-10000	-3500	-1900	300	-3750	500	0	0	-5666	-4000	0	minecraft:desert
5500	10000	-10000	-3500	-1900	300	-3750	500	10000	10000	-5666	-4000	0	minecraft:desert
5500	10000	-10000	-3500	300	10000	-3750	-2225	0	0	-5666	-4000	0	minecraft:badlands
5500	10000	-10000	-3500	300	10000	-3750	-2225	10000	10000	-5666	-4000	0	minecraft:badlands
5500	10000	-10000	-3500	300	3000	-2225	500	0	0	-5666	-4000	0	minecraft:badlands
5500	10000	-10000	-3500	300	3000	-2225	500	10000	10000	-5666	-4000	0	minecraft:badlands
5500	10000	-10000	-3500	3000	10000	-2225	500	0	0	-5666	-4000	0	minecraft:badlands
5500	10000	-10000	-3500	3000	10000	-2225	500	10000	10000	-5666	-4000	0	minecraft:badlands
5500	10000	-10000	-3500	-1900	10000	500	4500	0	0	-5666	-4000	0	minecraft:desert
5500	10000	-10000	-3500	-1900	10000	500	4500	10000	10000	-5666	-4000	0	minecraft:desert
5500	10000	-10000	-3500	-1900	300	4500	5500	0	0	-5666	-4000	0	minecraft:desert
5500	10000	-10000	-3500	-1900	300	4500	5500	10000	10000	-5666	-4000	0	minecraft:desert
5500	10000	-10000	-3500	300	10000	4500	5500	0	0	-5666	-4000	0	minecraft:desert
5500	10000	-10000	-3500	300	10000	4500	5500	10000	10000	-5666	-4000	0	minecraft:desert
5500	10000	-10000	-3500	-1900	10000	5500	10000	0	0	-5666	-4000	0	minecraft:desert
5500	10000	-10000	-3500	-1900	10000	5500	10000	10000	10000	-5666	-4000	0	minecraft:desert
5500	10000	-3500	-1000	-1900	-1100	-10000	-3750	0	0	-5666	-4000	0	minecraft:desert
5500	10000	-3500	-1000	-1900	-1100	-10000	-3750	10000	10000	-5666	-4000	0	minecraft:desert
5500	10000	-3500	-1000	-1100	300	-10000	-7799	0	0	-5666	-4000	0	minecraft:badlands
5500	10000	-3500	-1000	-1100	300	-10000	-7799	10000	10000	-5666	-4000	0	minecraft:badlands
5500	10000	-3500	-1000	300	10000	-10000	-7799	0	0	-5666	-4000	0	minecraft:badlands
5500	10000	-3500	-1000	300	10000	-10000	-7799	10000	10000	-5666	-4000	0	minecraft:badlands
5500	10000	-3500	-1000	-1100	300	-7799	-3750	0	0	-5666	-4000	0	minecraft:badlands
5500	10000	-3500	-1000	-1100	300	-7799	-3750	10000	10000	-5666	-4000	0	minecraft:badlands
5500	10000	-3500	-1000	300	10000	-7799	-3750	0	0	-5666	-4000	0	minecraft:badlands
5500	10000	-3500	-1000	300	10000	-7799	-3750	10000	10000	-5666	-4000	0	minecraft:badlands
5500	10000	-3500	-1000	-1900	300	-3750	500	0	0	-5666	-4000	0	minecraft:desert
5500	10000	-3500	-1000	-1900	300	-3750	500	10000	10000	-5666	-4000	0	minecraft:desert
5500	10000	-3500	-1000	300	10000	-3750	-2225	0	0	-5666	-4000	0	minecraft:badlands
5500	10000	-3500	-1000	300	10000	-3750	-2225	10000	10000	-5666	-4000	0	minecraft:badlands
5500	10000	-3500	-1000	300	3000	-2225	500	0	0	-5666	-4000	0	minecraft:badlands
5500	10000	-3500	-1000	300	3000	-2225	500	10000	10000	-5666	-4000	0	minecraft:badlands
5500	10000	-3500	-1000	3000	10000	-2225	500	0	0	-5666	-4000	0	minecraft:badlands
5500	10000	-3500	-1000	3000	10000	-2225	500	10000	10000	-5666	-4000	0	minecraft:badlands
5500	10000	-3500	-1000	-1900	10000	500	4500	0	0	-5666	-4000	0	minecraft:desert
5500	10000	-3500	-1000	-1900	10000	500	4500	10000	10000	-5666	-4000	0	minecraft:desert
5500	10000	-3500	-1000	-1900	300	4500	5500	0	0	-5666	-4000	0	minecraft:desert
5500	10000	-3500	-1000	-1900	300	4500	5500	10000	10000	-5666	-4000	0	minecraft:desert
5500	10000	-3500	-1000	300	10000	4500	5500	0	0	-5666	-4000	0	minecraft:desert
5500	10000	-3500	-1000	300	10000	4500	5500	10000	10000	-5666	-4000	0	minecraft:desert
5500	10000	-3500	-1000	-1900	10000	5500	10000	0	0	-5666	-4000	0	minecraft:desert
5500	10000	-3500	-1000	-1900	10000	5500	10000	10000	10000	-5666	-4000	0	minecraft:desert
5500	10000	-1000	1000	-1900	-1100	-10000	-3750	0	0	-5666	-4000	0	minecraft:desert
5500	10000	-1000	1000	-1900	-1100	-10000	-3750	10000	10000	-5666	-4000	0	minecraft:desert
5500	10000	-1000	1000	-1100	300	-10000	-7799	0	0	-5666	-4000	0	minecraft:badlands
5500	10000	-1000	1000	-1100	300	-10000	-7799	10000	10000	-5666	-4000	0	minecraft:badlands
5500	10000	-1000	1000	300	10000	-10000	-7799	0	0	-5666	-4000	0	minecraft:badlands
5500	10000	-1000	1000	300	10000	-10000	-7799	10000	10000	-5666	-4000	0	minecraft:badlands
5500	10000	-1000	1000	-1100	300	-7799	-3750	0	0	-5666	-4000	0	minecraft:badlands
5500	10000	-1000	1000	-1100	300	-7799	-3750	10000	10000	-5666	-4000	0	minecraft:badlands
5500	10000	-1000	1000	300	10000	-7799	-3750	0	0	-5666	-4000	0	minecraft:badlands
5500	10000	-1000	1000	300	10000	-7799	-3750	10000	10000	-5666	-4000	0	minecraft:badlands
5500	10000	-1000	1000	-1900	300	-3750	500	0	0	-5666	-4000	0	minecraft:desert
5500	10000	-1000	1000	-1900	300	-3750	500	10000	10000	-5666	-4000	0	minecraft:desert
5500	10000	-1000	1000	300	10000	-3750	-2225	0	0	-5666	-4000	0	minecraft:badlands
5500	10000	-1000	1000	300	10000	-3750	-2225	10000	10000	-5666	-4000	0	minecraft:badlands
5500	10000	-1000	1000	300	3000	-2225	500	0	0	-5666	-4000	0	minecraft:badlands
5500	10000	-1000	1000	300	3000	-2225	500	10000	10000	-5666	-4000	0	minecraft:badlands
5500	10000	-1000	1000	3000	10000	-2225	500	0	0	-5666	-4000	0	minecraft:badlands
5500	10000	-1000	1000	3000	10000	-2225	500	10000	10000	-5666	-4000	0	minecraft:badlands
5500	10000	-1000	1000	-1900	10000	500	4500	0	0	-5666	-4000	0	minecraft:desert
5500	10000	-1000	1000	-1900	10000	500	4500	10000	10000	-5666	-4000	0	minecraft:desert
5500	10000	-1000	1000	-1900	300	4500	5500	0	0	-5666	-4000	0	minecraft:desert
5500	10000	-1000	1000	-1900	300	4500	5500	10000	10000	-5666	-4000	0	minecraft:desert
5500	10000	-1000	1000	300	10000	4500	5500	0	0	-5666	-4000	0	minecraft:desert
5500	10000	-1000	1000	300	10000	4500	5500	10000	10000	-5666	-4000	0	minecraft:desert
5500	10000	-1000	1000	-1900	10000	5500	10000	0	0	-5666	-4000	0	minecraft:desert
5500	10000	-1000	1000	-1900	10000	5500	10000	10000	10000	-5666	-4000	0	minecraft:desert
5500	10000	1000	3000	-1900	-1100	-10000	-3750	0	0	-5666	-4000	0	minecraft:desert
5500	10000	1000	3000	-1900	-1100	-10000	-3750	10000	10000	-5666	-4000	0	minecraft:desert
5500	10000	1000	3000	-1100	300	-10000	-7799	0	0	-5666	-4000	0	minecraft:wooded_badlands
5500	10000	1000	3000	-1100	300	-10000	-7799	10000	10000	-5666	-4000	0	minecraft:wooded_badlands
5500	10000	1000	3000	300	10000	-10000	-7799	0	0	-5666	-4000	0	minecraft:wooded_badlands
5500	10000	1000	3000	300	10000	-10000	-7799	10000	10000	-5666	-4000	0	minecraft:wooded_badlands
5500	10000	1000	3000	-1100	300	-7799	-3750	0	0	-5666	-4000	0	minecraft:wooded_badlands
5500	10000	1000	3000	-1100	300	-7799	-3750	10000	10000	-5666	-4000	0	minecraft:wooded_badlands
5500	10000	1000	3000	300	10000	-7799	-3750	0	0	-5666	-4000	0	minecraft:wooded_badlands
5500	10000	1000	3000	300	10000	-7799	-3750	10000	10000	-5666	-4000	0	minecraft:wooded_badlands
5500	10000	1000	3000	-1900	300	-3750	500	0	0	-5666	-4000	0	minecraft:desert
5500	10000	1000	3000	-1900	300	-3750	500	10000	10000	-5666	-4000	0	minecraft:desert
5500	10000	1000	3000	300	10000	-3750	-2225	0	0	-5666	-4000	0	minecraft:wooded_badlands
5500	10000	1000	3000	300	10000	-3750	-2225	10000	10000	-5666	-4000	0	minecraft:wooded_badlands
5500	10000	1000	3000	300	3000	-2225	500	0	0	-5666	-4000	0	minecraft:wooded_badlands
5500	10000	1000	3000	300	3000	-2225	500	10000	10000	-5666	-4000	0	minecraft:wooded_badlands
5500	10000	1000	3000	3000	10000	-2225	500	0	0	-5666	-4000	0	minecraft:wooded_badlands
5500	10000	1000	3000	3000	10000	-2225	500	10000	10000	-5666	-4000	0	minecraft:wooded_badlands
5500	10000	1000	3000	-1900	10000	500	4500	0	0	-5666	-4000	0	minecraft:desert
5500	10000	1000	3000	-1900	10000	500	4500	10000	10000	-5666	-4000	0	minecraft:desert
5500	10000	1000	3000	-1900	300	4500	5500	0	0	-5666	-4000	0	minecraft:desert
5500	10000	1000	3000	-1900	300	4500	5500	10000	10000	-5666	-4000	0	minecraft:desert
5500	10000	1000	3000	300	10000	4500	5500	0	0	-5666	-4000	0	minecraft:desert
5500	10000	1000	3000	300	10000	4500	5500	10000	10000	-5666	-4000	0	minecraft:desert
5500	10000	1000	3000	-1900	10000	5500	10000	0	0	-5666	-4000	0	minecraft:desert
5500	10000	1000	3000	-1900	10000	5500	10000	10000	10000	-5666	-4000	0	minecraft:desert
5500	10000	3000	10000	-1900	-1100	-10000	-3750	0	0	-5666	-4000	0	minecraft:desert
5500	10000	3000	10000	-1900	-1100	-10000	-3750	10000	10000	-5666	-4000	0	minecraft:desert
5500	10000	3000	10000	-1100	300	-10000	-7799	0	0	-5666	-4000	0	minecraft:wooded_badlands
5500	10000	3000	10000	-1100	300	-10000	-7799	10000	10000	-5666	-4000	0	minecraft:wooded_badlands
5500	10000	3000	10000	300	10000	-10000	-7799	0	0	-5666	-4000	0	minecraft:wooded_badlands
5500	10000	3000	10000	300	10000	-10000	-7799	10000	10000	-5666	-4000	0	minecraft:wooded_badlands
5500	10000	3000	10000	-1100	300	-7799	-3750	0	0	-5666	-4000	0	minecraft:wooded_badlands
5500	10000	3000	10000	-1100	300	-7799	-3750	10000	10000	-5666	-4000	0	minecraft:wooded_badlands
5500	10000	3000	10000	300	10000	-7799	-3750	0	0	-5666	-4000	0	minecraft:wooded_badlands
5500	10000	3000	10000	300	10000	-7799	-3750	10000	10000	-5666	-4000	0	minecraft:wooded_badlands
5500	10000	3000	10000	-1900	300	-3750	500	0	0	-5666	-4000	0	minecraft:desert
5500	10000	3000	10000	-1900	300	-3750	500	10000	10000	-5666	-4000	0	minecraft:desert
5500	10000	3000	10000	300	10000	-3750	-2225	0	0	-5666	-4000	0	minecraft:wooded_badlands
5500	10000	3000	10000	300	10000	-3750	-2225	10000	10000	-5666	-4000	0	minecraft:wooded_badlands
5500	10000	3000	10000	300	3000	-2225	500	0	0	-5666	-4000	0	minecraft:wooded_badlands
5500	10000	3000	10000	300	3000	-2225	500	10000	10000	-5666	-4000	0	minecraft:wooded_badlands
5500	10000	3000	10000	3000	10000	-2225	500	0	0	-5666	-4000	0	minecraft:wooded_badlands
5500	10000	3000	10000	3000	10000	-2225	500	10000	10000	-5666	-4000	0	minecraft:wooded_badlands
5500	10000	3000	10000	-1900	10000	500	4500	0	0	-5666	-4000	0	minecraft:desert
5500	10000	3000	10000	-1900	10000	500	4500	10000	10000	-5666	-4000	0	minecraft:desert
5500	10000	3000	10000	-1900	300	4500	5500	0	0	-5666	-4000	0	minecraft:desert
5500	10000	3000	10000	-1900	300	4500	5500	10000	10000	-5666	-4000	0	minecraft:desert
5500	10000	3000	10000	300	10000	4500	5500	0	0	-5666	-4000	0	minecraft:desert
5500	10000	3000	10000	300	10000	4500	5500	10000	10000	-5666	-4000	0	minecraft:desert
5500	10000	3000	10000	-1900	10000	5500	10000	0	0	-5666	-4000	0	minecraft:desert
5500	10000	3000	10000	-1900	10000	5500	10000	10000	10000	-5666	-4000	0	minecraft:desert
-10000	10000	-10000	10000	-1900	-1100	-10000	-2225	0	0	-4000	-2666	0	minecraft:stony_shore
-10000	10000	-10000	10000	-1900	-1100	-10000	-2225	10000	10000	-4000	-2666	0	minecraft:stony_shore
-4500	2000	-10000	10000	-1100	10000	5500	10000	0	0	-4000	-2666	0	minecraft:swamp
-4500	2000	-10000	10000	-1100	10000	5500	10000	10000	10000	-4000	-2666	0	minecraft:swamp
2000	10000	-10000	10000	-1100	10000	5500	10000	0	0	-4000	-2666	0	minecraft:mangrove_swamp
2000	10000	-10000	10000	-1100	10000	5500	10000	10000	10000	-4000	-2666	0	minecraft:mangrove_swamp
-10000	-4500	-10000	-3500	-1100	10000	-10000	-7799	0	0	-4000	-2666	0	minecraft:snowy_slopes
-10000	-4500	-10000	-3500	-1100	10000	-10000	-7799	10000	10000	-4000	-2666	0	minecraft:snowy_slopes
-10000	-4500	-10000	-3500	-1100	3000	-7799	-3750	0	0	-4000	-2666	0	minecraft:snowy_slopes
-10000	-4500	-10000	-3500	-1100	3000	-7799	-3750	10000	10000	-4000	-2666	0	minecraft:snowy_slopes
-10000	-4500	-10000	-3500	3000	10000	-7799	-3750	0	0	-4000	-2666	0	minecraft:snowy_slopes
-10000	-4500	-10000	-3500	3000	10000	-7799	-3750	10000	10000	-4000	-2666	0	minecraft:snowy_slopes
-10000	-4500	-10000	-3500	-1100	300	-3750	-2225	0	0	-4000	-2666	0	minecraft:snowy_plains
-10000	-4500	-10000	-3500	-1100	300	-3750	-2225	10000	10000	-4000	-2666	0	minecraft:snowy_plains
-10000	-4500	-10000	-3500	300	3000	-3750	-2225	0	0	-4000	-2666	0	minecraft:snowy_plains
-10000	-4500	-10000	-3500	300	3000	-3750	-2225	10000	10000	-4000	-2666	0	minecraft:snowy_plains
-10000	-4500	-10000	-3500	3000	10000	-3750	-2225	0	0	-4000	-2666	0	minecraft:snowy_plains
-10000	-4500	-10000	-3500	3000	10000	-3750	-2225	10000	10000	-4000	-2666	0	minecraft:snowy_plains
-10000	-4500	-10000	-3500	-1900	300	-2225	500	0	0	-4000	-2666	0	minecraft:snowy_plains
-10000	-4500	-10000	-3500	-1900	300	-2225	500	10000	10000	-4000	-2666	0	minecraft:snowy_plains
-10000	-4500	-10000	-3500	300	10000	-2225	500	0	0	-4000	-2666	0	minecraft:snowy_plains
-10000	-4500	-10000	-3500	300	10000	-2225	500	10000	10000	-4000	-2666	0	minecraft:snowy_plains
-10000	-4500	-10000	-3500	-1900	-1100	500	4500	0	0	-4000	-2666	0	minecraft:snowy_beach
-10000	-4500	-10000	-3500	-1900	-1100	500	4500	10000	10000	-4000	-2666	0	minecraft:snowy_beach
-10000	-4500	-10000	-3500	-1100	10000	500	4500	0	0	-4000	-2666	0	minecraft:snowy_plains
-10000	-4500	-10000	-3500	-1100	10000	500	4500	10000	10000	-4000	-2666	0	minecraft:snowy_plains
-10000	-4500	-10000	-3500	-1900	-1100	4500	5500	0	0	-4000	-2666	0	minecraft:snowy_beach
-10000	-4500	-10000	-3500	-1900	-1100	4500	5500	10000	10000	-4000	-2666	0	minecraft:snowy_beach
-10000	-4500	-10000	-3500	-1100	300	4500	5500	0	0	-4000	-2666	0	minecraft:snowy_plains
-10000	-4500	-10000	-3500	-1100	300	4500	5500	10000	10000	-4000	-2666	0	minecraft:snowy_plains
-10000	-4500	-10000	-3500	300	10000	4500	5500	0	0	-4000	-2666	0	minecraft:windswept_gravelly_hills
-10000	-4500	-10000	-3500	300	10000	4500	5500	10000	10000	-4000	-2666	0	minecraft:windswept_gravelly_hills
-10000	-4500	-10000	-3500	-1900	-1100	5500	10000	0	0	-4000	-2666	0	minecraft:snowy_beach
-10000	-4500	-10000	-3500	-1900	-1100	5500	10000	10000	10000	-4000	-2666	0	minecraft:snowy_beach
-10000	-4500	-10000	-3500	-1100	10000	5500	10000	0	0	-4000	-2666	0	minecraft:snowy_plains
-10000	-4500	-10000	-3500	-1100	10000	5500	10000	10000	10000	-4000	-2666	0	minecraft:snowy_plains
-10000	-4500	-3500	-1000	-1100	10000	-10000	-7799	0	0	-4000	-2666	0	minecraft:snowy_slopes
-10000	-4500	-3500	-1000	-1100	10000	-10000	-7799	10000	10000	-4000	-2666	0	minecraft:snowy_slopes
-10000	-4500	-3500	-1000	-1100	3000	-7799	-3750	0	0	-4000	-2666	0	minecraft:snowy_slopes
-10000	-4500	-3500	-1000	-1100	3000	-7799	-3750	10000	10000	-4000	-2666	0	minecraft:snowy_slopes
-10000	-4500	-3500	-1000	3000	10000	-7799	-3750	0	0	-4000	-2666	0	minecraft:snowy_slopes
-10000	-4500	-3500	-1000	3000	10000	-7799	-3750	10000	10000	-4000	-2666	0	minecraft:snowy_slopes
-10000	-4500	-3500	-1000	-1100	300	-3750	-2225	0	0	-4000	-2666	0	minecraft:snowy_plains
-10000	-4500	-3500	-1000	-1100	300	-3750	-2225	10000	10000	-4000	-2666	0	minecraft:snowy_plains
-10000	-4500	-3500	-1000	300	3000	-3750	-2225	0	0	-4000	-2666	0	minecraft:snowy_plains
-10000	-4500	-3500	-1000	300	3000	-3750	-2225	10000	10000	-4000	-2666	0	minecraft:snowy_plains
-10000	-4500	-3500	-1000	3000	10000	-3750	-2225	0	0	-4000	-2666	0	minecraft:snowy_plains
-10000	-4500	-3500	-1000	3000	10000	-3750	-2225	10000	10000	-4000	-2666	0	minecraft:snowy_plains
-10000	-4500	-3500	-1000	-1900	300	-2225	500	0	0	-4000	-2666	0	minecraft:snowy_plains
-10000	-4500	-3500	-1000	-1900	300	-2225	500	10000	10000	-4000	-2666	0	minecraft:snowy_plains
-10000	-4500	-3500	-1000	300	10000	-2225	500	0	0	-4000	-2666	0	minecraft:snowy_plains
-10000	-4500	-3500	-1000	300	10000	-2225	500	10000	10000	-4000	-2666	0	minecraft:snowy_plains
-10000	-4500	-3500	-1000	-1900	-1100	500	4500	0	0	-4000	-2666	0	minecraft:snowy_beach
-10000	-4500	-3500	-1000	-1900	-1100	500	4500	10000	10000	-4000	-2666	0	minecraft:snowy_beach
-10000	-4500	-3500	-1000	-1100	10000	500	4500	0	0	-4000	-2666	0	minecraft:snowy_plains
-10000	-4500	-3500	-1000	-1100	10000	500	4500	10000	10000	-4000	-2666	0	minecraft:snowy_plains
-10000	-4500	-3500	-1000	-1900	-1100	4500	5500	0	0	-4000	-2666	0	minecraft:snowy_beach
-10000	-4500	-3500	-1000	-1900	-1100	4500	5500	10000	10000	-4000	-2666	0	minecraft:snowy_beach
-10000	-4500	-3500	-1000	-1100	300	4500	5500	0	0	-4000	-2666	0	minecraft:snowy_plains
-10000	-4500	-3500	-1000	-1100	300	4500	5500	10000	10000	-4000	-2666	0	minecraft:snowy_plains
-10000	-4500	-3500	-1000	300	10000	4500	5500	0	0	-4000	-2666	0	minecraft:windswept_gravelly_hills
-10000	-4500	-3500	-1000	300	10000	4500	5500	10000	10000	-4000	-2666	0	minecraft:windswept_gravelly_hills
-10000	-4500	-3500	-1000	-1900	-1100	5500	10000	0	0	-4000	-2666	0	minecraft:snowy_beach
-10000	-4500	-3500	-1000	-1900	-1100	5500	10000	10000	10000	-4000	-2666	0	minecraft:snowy_beach
-10000	-4500	-3500	-1000	-1100	10000	5500	10000	0	0	-4000	-2666	0	minecraft:snowy_plains
-10000	-4500	-3500	-1000	-1100	10000	5500	10000	10000	10000	-4000	-2666	0	minecraft:snowy_plains
-10000	-4500	-1000	1000	-1100	10000	-10000	-7799	0	0	-4000	-2666	0	minecraft:grove
-10000	-4500	-1000	1000	-1100	10000	-10000	-7799	10000	10000	-4000	-2666	0	minecraft:grove
-10000	-4500	-1000	1000	-1100	3000	-7799	-3750	0	0	-4000	-2666	0	minecraft:grove
-10000	-4500	-1000	1000	-1100	3000	-7799	-3750	10000	10000	-4000	-2666	0	minecraft:grove
-10000	-4500	-1000	1000	3000	10000	-7799	-3750	0	0	-4000	-2666	0	minecraft:grove
-10000	-4500	-1000	1000	3000	10000	-7799	-3750	10000	10000	-4000	-2666	0	minecraft:grove
-10000	-4500	-1000	1000	-1100	300	-3750	-2225	0	0	-4000	-2666	0	minecraft:snowy_plains
-10000	-4500	-1000	1000	-1100	300	-3750	-2225	10000	10000	-4000	-2666	0	minecraft:snowy_plains
-10000	-4500	-1000	1000	300	3000	-3750	-2225	0	0	-4000	-2666	0	minecraft:snowy_plains
-10000	-4500	-1000	1000	300	3000	-3750	-2225	10000	10000	-4000	-2666	0	minecraft:snowy_plains
-10000	-4500	-1000	1000	3000	10000	-3750	-2225	0	0	-4000	-2666	0	minecraft:snowy_plains
-10000	-4500	-1000	1000	3000	10000	-3750	-2225	10000	10000	-4000	-2666	0	minecraft:snowy_plains
-10000	-4500	-1000	1000	-1900	300	-2225	500	0	0	-4000	-2666	0	minecraft:snowy_plains
-10000	-4500	-1000	1000	-1900	300	-2225	500	10000	10000	-4000	-2666	0	minecraft:snowy_plains
-10000	-4500	-1000	1000	300	10000	-2225	500	0	0	-4000	-2666	0	minecraft:snowy_plains
-10000	-4500	-1000	1000	300	10000	-2225	500	10000	10000	-4000	-2666	0	minecraft:snowy_plains
-10000	-4500	-1000	1000	-1900	-1100	500	4500	0	0	-4000	-2666	0	minecraft:snowy_beach
-10000	-4500	-1000	1000	-1900	-1100	500	4500	10000	10000	-4000	-2666	0	minecraft:snowy_beach
-10000	-4500	-1000	1000	-1100	10000	500	4500	0	0	-4000	-2666	0	minecraft:snowy_plains
-10000	-4500	-1000	1000	-1100	10000	500	4500	10000	10000	-4000	-2666	0	minecraft:snowy_plains
-10000	-4500	-1000	1000	-1900	-1100	4500	5500	0	0	-4000	-2666	0	minecraft:snowy_beach
-10000	-4500	-1000	1000	-1900	-1100	4500	5500	10000	10000	-4000	-2666	0	minecraft:snowy_beach
-10000	-4500	-1000	1000	-1100	300	4500	5500	0	0	-4000	-2666	0	minecraft:snowy_plains
-10000	-4500	-1000	1000	-1100	300	4500	5500	10000	10000	-4000	-2666	0	minecraft:snowy_plains
-10000	-4500	-1000	1000	300	10000	4500	5500	0	0	-4000	-2666	0	minecraft:windswept_hills
-10000	-4500	-1000	1000	300	10000	4500	5500	10000	10000	-4000	-2666	0	minecraft:windswept_hills
-10000	-4500	-1000	1000	-1900	-1100	5500	10000	0	0	-4000	-2666	0	minecraft:snowy_beach
-10000	-4500	-1000	1000	-1900	-1100	5500	10000	10000	10000	-4000	-2666	0	minecraft:snowy_beach
-10000	-4500	-1000	1000	-1100	10000	5500	10000	0	0	-4000	-2666	0	minecraft:snowy_plains
-10000	-4500	-1000	1000	-1100	10000	5500	10000	10000	10000	-4000	-2666	0	minecraft:snowy_plains
-10000	-4500	1000	3000	-1100	10000	-10000	-7799	0	0	-4000	-2666	0	minecraft:grove
-10000	-4500	1000	3000	-1100	10000	-10000	-7799	10000	10000	-4000	-2666	0	minecraft:grove
-10000	-4500	1000	3000	-1100	3000	-7799	-3750	0	0	-4000	-2666	0	minecraft:grove
-10000	-4500	1000	3000	-1100	3000	-7799	-3750	10000	10000	-4000	-2666	0	minecraft:grove
-10000	-4500	1000	3000	3000	10000	-7799	-3750	0	0	-4000	-2666	0	minecraft:grove
-10000	-4500	1000	3000	3000	10000	-7799	-3750	10000	10000	-4000	-2666	0	minecraft:grove
-10000	-4500	1000	3000	-1100	300	-3750	-2225	0	0	-4000	-2666	0	minecraft:snowy_taiga
-10000	-4500	1000	3000	-1100	300	-3750	-2225	10000	10000	-4000	-2666	0	minecraft:snowy_taiga
-10000	-4500	1000	3000	300	3000	-3750	-2225	0	0	-4000	-2666	0	minecraft:snowy_taiga
-10000	-4500	1000	3000	300	3000	-3750	-2225	10000	10000	-4000	-2666	0	minecraft:snowy_taiga
-10000	-4500	1000	3000	3000	10000	-3750	-2225	0	0	-4000	-2666	0	minecraft:snowy_taiga
-10000	-4500	1000	3000	3000	10000	-3750	-2225	10000	10000	-4000	-2666	0	minecraft:snowy_taiga
-10000	-4500	1000	3000	-1900	300	-2225	500	0	0	-4000	-2666	0	minecraft:snowy_taiga
-10000	-4500	1000	3000	-1900	300	-2225	500	10000	10000	-4000	-2666	0	minecraft:snowy_taiga
-10000	-4500	1000	3000	300	10000	-2225	500	0	0	-4000	-2666	0	minecraft:snowy_taiga
-10000	-4500	1000	3000	300	10000	-2225	500	10000	10000	-4000	-2666	0	minecraft:snowy_taiga
-10000	-4500	1000	3000	-1900	-1100	500	4500	0	0	-4000	-2666	0	minecraft:snowy_beach
-10000	-4500	1000	3000	-1900	-1100	500	4500	10000	10000	-4000	-2666	0	minecraft:snowy_beach
-10000	-4500	1000	3000	-1100	10000	500	4500	0	0	-4000	-2666	0	minecraft:snowy_taiga
-10000	-4500	1000	3000	-1100	10000	500	4500	10000	10000	-4000	-2666	0	minecraft:snowy_taiga
-10000	-4500	1000	3000	-1900	-1100	4500	5500	0	0	-4000	-2666	0	minecraft:snowy_beach
-10000	-4500	1000	3000	-1900	-1100	4500	5500	10000	10000	-4000	-2666	0	minecraft:snowy_beach
-10000	-4500	1000	3000	-1100	300	4500	5500	0	0	-4000	-2666	0	minecraft:snowy_taiga
-10000	-4500	1000	3000	-1100	300	4500	5500	10000	10000	-4000	-2666	0	minecraft:snowy_taiga
-10000	-4500	1000	3000	300	10000	4500	5500	0	0	-4000	-2666	0	minecraft:windswept_forest
-10000	-4500	1000	3000	300	10000	4500	5500	10000	10000	-4000	-2666	0	minecraft:windswept_forest
-10000	-4500	1000	3000	-1900	-1100	5500	10000	0	0	-4000	-2666	0	minecraft:snowy_beach
-10000	-4500	1000	3000	-1900	-1100	5500	10000	10000	10000	-4000	-2666	0	minecraft:snowy_beach
-10000	-4500	1000	3000	-1100	10000	5500	10000	0	0	-4000	-2666	0	minecraft:snowy_taiga
-10000	-4500	1000	3000	-1100	10000	5500	10000	10000	10000	-4000	-2666	0	minecraft:snowy_taiga
-10000	-4500	3000	10000	-1100	10000	-10000	-7799	0	0	-4000	-2666	0	minecraft:grove
-10000	-4500	3000	10000	-1100	10000	-10000	-7799	10000	10000	-4000	-2666	0	minecraft:grove
-10000	-4500	3000	10000	-1100	3000	-7799	-3750	0	0	-4000	-2666	0	minecraft:grove
-10000	-4500	3000	10000	-1100	3000	-7799	-3750	10000	10000	-4000	-2666	0	minecraft:grove
-10000	-4500	3000	10000	3000	10000	-7799	-3750	0	0	-4000	-2666	0	minecraft:grove
-10000	-4500	3000	10000	3000	10000	-7799	-3750	10000	10000	-4000	-2666	0	minecraft:grove
-10000	-4500	3000	10000	-1100	300	-3750	-2225	0	0	-4000	-2666	0	minecraft:taiga
-10000	-4500	3000	10000	-1100	300	-3750	-2225	10000	10000	-4000	-2666	0	minecraft:taiga
-10000	-4500	3000	10000	300	3000	-3750	-2225	0	0	-4000	-2666	0	minecraft:taiga
-10000	-4500	3000	10000	300	3000	-3750	-2225	10000	10000	-4000	-2666	0	minecraft:taiga
-10000	-4500	3000	10000	3000	10000	-3750	-2225	0	0	-4000	-2666	0	minecraft:snowy_taiga
-10000	-4500	3000	10000	3000	10000	-3750	-2225	10000	10000	-4000	-2666	0	minecraft:snowy_taiga
-10000	-4500	3000	10000	-1900	300	-2225	500	0	0	-4000	-2666	0	minecraft:taiga
-10000	-4500	3000	10000	-1900	300	-2225	500	10000	10000	-4000	-2666	0	minecraft:taiga
-10000	-4500	3000	10000	300	10000	-2225	500	0	0	-4000	-2666	0	minecraft:taiga
-10000	-4500	3000	10000	300	10000	-2225	500	10000	10000	-4000	-2666	0	minecraft:taiga
-10000	-4500	3000	10000	-1900	-1100	500	4500	0	0	-4000	-2666	0	minecraft:snowy_beach
-10000	-4500	3000	10000	-1900	-1100	500	4500	10000	10000	-4000	-2666	0	minecraft:snowy_beach
-10000	-4500	3000	10000	-1100	10000	500	4500	0	0	-4000	-2666	0	minecraft:taiga
-10000	-4500	3000	10000	-1100	10000	500	4500	10000	10000	-4000	-2666	0	minecraft:taiga
-10000	-4500	3000	10000	-1900	-1100	4500	5500	0	0	-4000	-2666	0	minecraft:snowy_beach
-10000	-4500	3000	10000	-1900	-1100	4500	5500	10000	10000	-4000	-2666	0	minecraft:snowy_beach
-10000	-4500	3000	10000	-1100	300	4500	5500	0	0	-4000	-2666	0	minecraft:taiga
-10000	-4500	3000	10000	-1100	300	4500	5500	10000	10000	-4000	-2666	0	minecraft:taiga
-10000	-4500	3000	10000	300	10000	4500	5500	0	0	-4000	-2666	0	minecraft:windswept_forest
-10000	-4500	3000	10000	300	10000	4500	5500	10000	10000	-4000	-2666	0	minecraft:windswept_forest
-10000	-4500	3000	10000	-1900	-1100	5500	10000	0	0	-4000	-2666	0	minecraft:snowy_beach
-10000	-4500	3000	10000	-1900	-1100	5500	10000	10000	10000	-4000	-2666	0	minecraft:snowy_beach
-10000	-4500	3000	10000	-1100	10000	5500	10000	0	0	-4000	-2666	0	minecraft:taiga
-10000	-4500	3000	10000	-1100	10000	5500	10000	10000	10000	-4000	-2666	0	minecraft:taiga
-4500	-1500	-10000	-3500	-1100	10000	-10000	-7799	0	0	-4000	-2666	0	minecraft:snowy_slopes
-4500	-1500	-10000	-3500	-1100	10000	-10000	-7799	10000	10000	-4000	-2666	0	minecraft:snowy_slopes
-4500	-1500	-10000	-3500	-1100	3000	-7799	-3750	0	0	-4000	-2666	0	minecraft:plains
-4500	-1500	-10000	-3500	-1100	3000	-7799	-3750	10000	10000	-4000	-2666	0	minecraft:plains
-4500	-1500	-10000	-3500	3000	10000	-7799	-3750	0	0	-4000	-2666	0	minecraft:meadow
-4500	-1500	-10000	-3500	3000	10000	-7799	-3750	10000	10000	-4000	-2666	0	minecraft:meadow
-4500	-1500	-10000	-3500	-1100	300	-3750	-2225	0	0	-4000	-2666	0	minecraft:plains
-4500	-1500	-10000	-3500	-1100	300	-3750	-2225	10000	10000	-4000	-2666	0	minecraft:plains
-4500	-1500	-10000	-3500	300	3000	-3750	-2225	0	0	-4000	-2666	0	minecraft:plains
-4500	-1500	-10000	-3500	300	3000	-3750	-2225	10000	10000	-4000	-2666	0	minecraft:plains
-4500	-1500	-10000	-3500	3000	10000	-3750	-2225	0	0	-4000	-2666	0	minecraft:meadow
-4500	-1500	-10000	-3500	3000	10000	-3750	-2225	10000	10000	-4000	-2666	0	minecraft:meadow
-4500	-1500	-10000	-3500	-1900	300	-2225	500	0	0	-4000	-2666	0	minecraft:plains
-4500	-1500	-10000	-3500	-1900	300	-2225	500	10000	10000	-4000	-2666	0	minecraft:plains
-4500	-1500	-10000	-3500	300	10000	-2225	500	0	0	-4000	-2666	0	minecraft:plains
-4500	-1500	-10000	-3500	300	10000	-2225	500	10000	10000	-4000	-2666	0	minecraft:plains
-4500	-1500	-10000	-3500	-1900	-1100	500	4500	0	0	-4000	-2666	0	minecraft:beach
-4500	-1500	-10000	-3500	-1900	-1100	500	4500	10000	10000	-4000	-2666	0	minecraft:beach
-4500	-1500	-10000	-3500	-1100	10000	500	4500	0	0	-4000	-2666	0	minecraft:plains
-4500	-1500	-10000	-3500	-1100	10000	500	4500	10000	10000	-4000	-2666	0	minecraft:plains
-4500	-1500	-10000	-3500	-1900	-1100	4500	5500	0	0	-4000	-2666	0	minecraft:beach
-4500	-1500	-10000	-3500	-1900	-1100	4500	5500	10000	10000	-4000	-2666	0	minecraft:beach
-4500	-1500	-10000	-3500	-1100	300	4500	5500	0	0	-4000	-2666	0	minecraft:plains
-4500	-1500	-10000	-3500	-1100	300	4500	5500	10000	10000	-4000	-2666	0	minecraft:plains
-4500	-1500	-10000	-3500	300	10000	4500	5500	0	0	-4000	-2666	0	minecraft:windswept_gravelly_hills
-4500	-1500	-10000	-3500	300	10000	4500	5500	10000	10000	-4000	-2666	0	minecraft:windswept_gravelly_hills
-4500	-1500	-10000	-3500	-1900	-1100	5500	10000	0	0	-4000	-2666	0	minecraft:beach
-4500	-1500	-10000	-3500	-1900	-1100	5500	10000	10000	10000	-4000	-2666	0	minecraft:beach
-4500	-1500	-3500	-1000	-1100	10000	-10000	-7799	0	0	-4000	-2666	0	minecraft:snowy_slopes
-4500	-1500	-3500	-1000	-1100	10000	-10000	-7799	10000	10000	-4000	-2666	0	minecraft:snowy_slopes
-4500	-1500	-3500	-1000	-1100	3000	-7799	-3750	0	0	-4000	-2666	0	minecraft:plains
-4500	-1500	-3500	-1000	-1100	3000	-7799	-3750	10000	10000	-4000	-2666	0	minecraft:plains
-4500	-1500	-3500	-1000	3000	10000	-7799	-3750	0	0	-4000	-2666	0	minecraft:meadow
-4500	-1500	-3500	-1000	3000	10000	-7799	-3750	10000	10000	-4000	-2666	0	minecraft:meadow
-4500	-1500	-3500	-1000	-1100	300	-3750	-2225	0	0	-4000	-2666	0	minecraft:plains
-4500	-1500	-3500	-1000	-1100	300	-3750	-2225	10000	10000	-4000	-2666	0	minecraft:plains
-4500	-1500	-3500	-1000	300	3000	-3750	-2225	0	0	-4000	-2666	0	minecraft:plains
-4500	-1500	-3500	-1000	300	3000	-3750	-2225	10000	10000	-4000	-2666	0	minecraft:plains
-4500	-1500	-3500	-1000	3000	10000	-3750	-2225	0	0	-4000	-2666	0	minecraft:meadow
-4500	-1500	-3500	-1000	3000	10000	-3750	-2225	10000	10000	-4000	-2666	0	minecraft:meadow
-4500	-1500	-3500	-1000	-1900	300	-2225	500	0	0	-4000	-2666	0	minecraft:plains
-4500	-1500	-3500	-1000	-1900	300	-2225	500	10000	10000	-4000	-2666	0	minecraft:plains
-4500	-1500	-3500	-1000	300	10000	-2225	500	0	0	-4000	-2666	0	minecraft:plains
-4500	-1500	-3500	-1000	300	10000	-2225	500	10000	10000	-4000	-2666	0	minecraft:plains
-4500	-1500	-3500	-1000	-1900	-1100	500	4500	0	0	-4000	-2666	0	minecraft:beach
-4500	-1500	-3500	-1000	-1900	-1100	500	4500	10000	10000	-4000	-2666	0	minecraft:beach
-4500	-1500	-3500	-1000	-1100	10000	500	4500	0	0	-4000	-2666	0	minecraft:plains
-4500	-1500	-3500	-1000	-1100	10000	500	4500	10000	10000	-4000	-2666	0	minecraft:plains
-4500	-1500	-3500	-1000	-1900	-1100	4500	5500	0	0	-4000	-2666	0	minecraft:beach
-4500	-1500	-3500	-1000	-1900	-1100	4500	5500	10000	10000	-4000	-2666	0	minecraft:beach
-4500	-1500	-3500	-1000	-1100	300	4500	5500	0	0	-4000	-2666	0	minecraft:plains
-4500	-1500	-3500	-1000	-1100	300	4500	5500	10000	10000	-4000	-2666	0	minecraft:plains
-4500	-1500	-3500	-1000	300	10000	4500	5500	0	0	-4000	-2666	0	minecraft:windswept_gravelly_hills
-4500	-1500	-3500	-1000	300	10000	4500	5500	10000	10000	-4000	-2666	0	minecraft:windswept_gravelly_hills
-4500	-1500	-3500	-1000	-1900	-1100	5500	10000	0	0	-4000	-2666	0	minecraft:beach
-4500	-1500	-3500	-1000	-1900	-1100	5500	10000	10000	10000	-4000	-2666	0	minecraft:beach
-4500	-1500	-1000	1000	-1100	10000	-10000	-7799	0	0	-4000	-2666	0	minecraft:grove
-4500	-1500	-1000	1000	-1100	10000	-10000	-7799	10000	10000	-4000	-2666	0	minecraft:grove
-4500	-1500	-1000	1000	-1100	3000	-7799	-3750	0	0	-4000	-2666	0	minecraft:forest
-4500	-1500	-1000	1000	-1100	3000	-7799	-3750	10000	10000	-4000	-2666	0	minecraft:forest
-4500	-1500	-1000	1000	3000	10000	-7799	-3750	0	0	-4000	-2666	0	minecraft:forest
-4500	-1500	-1000	1000	3000	10000	-7799	-3750	10000	10000	-4000	-2666	0	minecraft:forest
-4500	-1500	-1000	1000	-1100	300	-3750	-2225	0	0	-4000	-2666	0	minecraft:forest
-4500	-1500	-1000	1000	-1100	300	-3750	-2225	10000	10000	-4000	-2666	0	minecraft:forest
-4500	-1500	-1000	1000	300	3000	-3750	-2225	0	0	-4000	-2666	0	minecraft:forest
-4500	-1500	-1000	1000	300	3000	-3750	-2225	10000	10000	-4000	-2666	0	minecraft:forest
-4500	-1500	-1000	1000	3000	10000	-3750	-2225	0	0	-4000	-2666	0	minecraft:forest
-4500	-1500	-1000	1000	3000	10000	-3750	-2225	10000	10000	-4000	-2666	0	minecraft:forest
-4500	-1500	-1000	1000	-1900	300	-2225	500	0	0	-4000	-2666	0	minecraft:forest
-4500	-1500	-1000	1000	-1900	300	-2225	500	10000	10000	-4000	-2666	0	minecraft:forest
-4500	-1500	-1000	1000	300	10000	-2225	500	0	0	-4000	-2666	0	minecraft:forest
-4500	-1500	-1000	1000	300	10000	-2225	500	10000	10000	-4000	-2666	0	minecraft:forest
-4500	-1500	-1000	1000	-1900	-1100	500	4500	0	0	-4000	-2666	0	minecraft:beach
-4500	-1500	-1000	1000	-1900	-1100	500	4500	10000	10000	-4000	-2666	0	minecraft:beach
-4500	-1500	-1000	1000	-1100	10000	500	4500	0	0	-4000	-2666	0	minecraft:forest
-4500	-1500	-1000	1000	-1100	10000	500	4500	10000	10000	-4000	-2666	0	minecraft:forest
-4500	-1500	-1000	1000	-1900	-1100	4500	5500	0	0	-4000	-2666	0	minecraft:beach
-4500	-1500	-1000	1000	-1900	-1100	4500	5500	10000	10000	-4000	-2666	0	minecraft:beach
-4500	-1500	-1000	1000	-1100	300	4500	5500	0	0	-4000	-2666	0	minecraft:forest
-4500	-1500	-1000	1000	-1100	300	4500	5500	10000	10000	-4000	-2666	0	minecraft:forest
-4500	-1500	-1000	1000	300	10000	4500	5500	0	0	-4000	-2666	0	minecraft:windswept_hills
-4500	-1500	-1000	1000	300	10000	4500	5500	10000	10000	-4000	-2666	0	minecraft:windswept_hills
-4500	-1500	-1000	1000	-1900	-1100	5500	10000	0	0	-4000	-2666	0	minecraft:beach
-4500	-1500	-1000	1000	-1900	-1100	5500	10000	10000	10000	-4000	-2666	0	minecraft:beach
-4500	-1500	1000	3000	-1100	10000	-10000	-7799	0	0	-4000	-2666	0	minecraft:grove
-4500	-1500	1000	3000	-1100	10000	-10000	-7799	10000	10000	-4000	-2666	0	minecraft:grove
-4500	-1500	1000	3000	-1100	3000	-7799	-3750	0	0	-4000	-2666	0	minecraft:taiga
-4500	-1500	1000	3000	-1100	3000	-7799	-3750	10000	10000	-4000	-2666	0	minecraft:taiga
-4500	-1500	1000	3000	3000	10000	-7799	-3750	0	0	-4000	-2666	0	minecraft:taiga
-4500	-1500	1000	3000	3000	10000	-7799	-3750	10000	10000	-4000	-2666	0	minecraft:taiga
-4500	-1500	1000	3000	-1100	300	-3750	-2225	0	0	-4000	-2666	0	minecraft:taiga
-4500	-1500	1000	3000	-1100	300	-3750	-2225	10000	10000	-4000	-2666	0	minecraft:taiga
-4500	-1500	1000	3000	300	3000	-3750	-2225	0	0	-4000	-2666	0	minecraft:taiga
-4500	-1500	1000	3000	300	3000	-3750	-2225	10000	10000	-4000	-2666	0	minecraft:taiga
-4500	-1500	1000	3000	3000	10000	-3750	-2225	0	0	-4000	-2666	0	minecraft:taiga
-4500	-1500	1000	3000	3000	10000	-3750	-2225	10000	10000	-4000	-2666	0	minecraft:taiga
-4500	-1500	1000	3000	-1900	300	-2225	500	0	0	-4000	-2666	0	minecraft:taiga
-4500	-1500	1000	3000	-1900	300	-2225	500	10000	10000	-4000	-2666	0	minecraft:taiga
-4500	-1500	1000	3000	300	10000	-2225	500	0	0	-4000	-2666	0	minecraft:taiga
-4500	-1500	1000	3000	300	10000	-2225	500	10000	10000	-4000	-2666	0	minecraft:taiga
-4500	-1500	1000	3000	-1900	-1100	500	4500	0	0	-4000	-2666	0	minecraft:beach
-4500	-1500	1000	3000	-1900	-1100	500	4500	10000	10000	-4000	-2666	0	minecraft:beach
-4500	-1500	1000	3000	-1100	10000	500	4500	0	0	-4000	-2666	0	minecraft:taiga
-4500	-1500	1000	3000	-1100	10000	500	4500	10000	10000	-4000	-2666	0	minecraft:taiga
-4500	-1500	1000	3000	-1900	-1100	4500	5500	0	0	-4000	-2666	0	minecraft:beach
-4500	-1500	1000	3000	-1900	-1100	4500	5500	10000	10000	-4000	-2666	0	minecraft:beach
-4500	-1500	1000	3000	-1100	300	4500	5500	0	0	-4000	-2666	0	minecraft:taiga
-4500	-1500	1000	3000	-1100	300	4500	5500	10000	10000	-4000	-2666	0	minecraft:taiga
-4500	-1500	1000	3000	300	10000	4500	5500	0	0	-4000	-2666	0	minecraft:windswept_forest
-4500	-1500	1000	3000	300	10000	4500	5500	10000	10000	-4000	-2666	0	minecraft:windswept_forest
-4500	-1500	1000	3000	-1900	-1100	5500	10000	0	0	-4000	-2666	0	minecraft:beach
-4500	-1500	1000	3000	-1900	-1100	5500	10000	10000	10000	-4000	-2666	0	minecraft:beach
-4500	-1500	3000	10000	-1100	10000	-10000	-7799	0	0	-4000	-2666	0	minecraft:grove
-4500	-1500	3000	10000	-1100	10000	-10000	-7799	10000	10000	-4000	-2666	0	minecraft:grove
-4500	-1500	3000	10000	-1100	3000	-7799	-3750	0	0	-4000	-2666	0	minecraft:old_growth_spruce_taiga
-4500	-1500	3000	10000	-1100	3000	-7799	-3750	10000	10000	-4000	-2666	0	minecraft:old_growth_spruce_taiga
-4500	-1500	3000	10000	3000	10000	-7799	-3750	0	0	-4000	-2666	0	minecraft:old_growth_spruce_taiga
-4500	-1500	3000	10000	3000	10000	-7799	-3750	10000	10000	-4000	-2666	0	minecraft:old_growth_spruce_taiga
-4500	-1500	3000	10000	-1100	300	-3750	-2225	0	0	-4000	-2666	0	minecraft:old_growth_spruce_taiga
-4500	-1500	3000	10000	-1100	300	-3750	-2225	10000	10000	-4000	-2666	0	minecraft:old_growth_spruce_taiga
-4500	-1500	3000	10000	300	3000	-3750	-2225	0	0	-4000	-2666	0	minecraft:old_growth_spruce_taiga
-4500	-1500	3000	10000	300	3000	-3750	-2225	10000	10000	-4000	-2666	0	minecraft:old_growth_spruce_taiga
-4500	-1500	3000	10000	3000	10000	-3750	-2225	0	0	-4000	-2666	0	minecraft:old_growth_spruce_taiga
-4500	-1500	3000	10000	3000	10000	-3750	-2225	10000	10000	-4000	-2666	0	minecraft:old_growth_spruce_taiga
-4500	-1500	3000	10000	-1900	300	-2225	500	0	0	-4000	-2666	0	minecraft:old_growth_spruce_taiga
-4500	-1500	3000	10000	-1900	300	-2225	500	10000	10000	-4000	-2666	0	minecraft:old_growth_spruce_taiga
-4500	-1500	3000	10000	300	10000	-2225	500	0	0	-4000	-2666	0	minecraft:old_growth_spruce_taiga
-4500	-1500	3000	10000	300	10000	-2225	500	10000	10000	-4000	-2666	0	minecraft:old_growth_spruce_taiga
-4500	-1500	3000	10000	-1900	-1100	500	4500	0	0	-4000	-2666	0	minecraft:beach
-4500	-1500	3000	10000	-1900	-1100	500	4500	10000	10000	-4000	-2666	0	minecraft:beach
-4500	-1500	3000	10000	-1100	10000	500	4500	0	0	-4000	-2666	0	minecraft:old_growth_spruce_taiga
-4500	-1500	3000	10000	-1100	10000	500	4500	10000	10000	-4000	-2666	0	minecraft:old_growth_spruce_taiga
-4500	-1500	3000	10000	-1900	-1100	4500	5500	0	0	-4000	-2666	0	minecraft:beach
-4500	-1500	3000	10000	-1900	-1100	4500	5500	10000	10000	-4000	-2666	0	minecraft:beach
-4500	-1500	3000	10000	-1100	300	4500	5500	0	0	-4000	-2666	0	minecraft:old_growth_spruce_taiga
-4500	-1500	3000	10000	-1100	300	4500	5500	10000	10000	-4000	-2666	0	minecraft:old_growth_spruce_taiga
-4500	-1500	3000	10000	300	10000	4500	5500	0	0	-4000	-2666	0	minecraft:windswept_forest
-4500	-1500	3000	10000	300	10000	4500	5500	10000	10000	-4000	-2666	0	minecraft:windswept_forest
-4500	-1500	3000	10000	-1900	-1100	5500	10000	0	0	-4000	-2666	0	minecraft:beach
-4500	-1500	3000	10000	-1900	-1100	5500	10000	10000	10000	-4000	-2666	0	minecraft:beach
-1500	2000	-10000	-3500	-1100	10000	-10000	-7799	0	0	-4000	-2666	0	minecraft:snowy_slopes
-1500	2000	-10000	-3500	-1100	10000	-10000	-7799	10000	10000	-4000	-2666	0	minecraft:snowy_slopes
-1500	2000	-10000	-3500	-1100	3000	-7799	-3750	0	0	-4000	-2666	0	minecraft:flower_forest
-1500	2000	-10000	-3500	-1100	3000	-7799	-3750	10000	10000	-4000	-2666	0	minecraft:flower_forest
-1500	2000	-10000	-3500	3000	10000	-7799	-3750	0	0	-4000	-2666	0	minecraft:meadow
-1500	2000	-10000	-3500	3000	10000	-7799	-3750	10000	10000	-4000	-2666	0	minecraft:meadow
-1500	2000	-10000	-3500	-1100	300	-3750	-2225	0	0	-4000	-2666	0	minecraft:flower_forest
-1500	2000	-10000	-3500	-1100	300	-3750	-2225	10000	10000	-4000	-2666	0	minecraft:flower_forest
-1500	2000	-10000	-3500	300	3000	-3750	-2225	0	0	-4000	-2666	0	minecraft:flower_forest
-1500	2000	-10000	-3500	300	3000	-3750	-2225	10000	10000	-4000	-2666	0	minecraft:flower_forest
-1500	2000	-10000	-3500	3000	10000	-3750	-2225	0	0	-4000	-2666	0	minecraft:meadow
-1500	2000	-10000	-3500	3000	10000	-3750	-2225	10000	10000	-4000	-2666	0	minecraft:meadow
-1500	2000	-10000	-3500	-1900	300	-2225	500	0	0	-4000	-2666	0	minecraft:flower_forest
-1500	2000	-10000	-3500	-1900	300	-2225	500	10000	10000	-4000	-2666	0	minecraft:flower_forest
-1500	2000	-10000	-3500	300	10000	-2225	500	0	0	-4000	-2666	0	minecraft:flower_forest
-1500	2000	-10000	-3500	300	10000	-2225	500	10000	10000	-4000	-2666	0	minecraft:flower_forest
-1500	2000	-10000	-3500	-1900	-1100	500	4500	0	0	-4000	-2666	0	minecraft:beach
-1500	2000	-10000	-3500	-1900	-1100	500	4500	10000	10000	-4000	-2666	0	minecraft:beach
-1500	2000	-10000	-3500	-1100	10000	500	4500	0	0	-4000	-2666	0	minecraft:flower_forest
-1500	2000	-10000	-3500	-1100	10000	500	4500	10000	10000	-4000	-2666	0	minecraft:flower_forest
-1500	2000	-10000	-3500	-1900	-1100	4500	5500	0	0	-4000	-2666	0	minecraft:beach
-1500	2000	-10000	-3500	-1900	-1100	4500	5500	10000	10000	-4000	-2666	0	minecraft:beach
-1500	2000	-10000	-3500	-1100	300	4500	5500	0	0	-4000	-2666	0	minecraft:flower_forest
-1500	2000	-10000	-3500	-1100	300	4500	5500	10000	10000	-4000	-2666	0	minecraft:flower_forest
-1500	2000	-10000	-3500	300	10000	4500	5500	0	0	-4000	-2666	0	minecraft:windswept_hills
-1500	2000	-10000	-3500	300	10000	4500	5500	10000	10000	-4000	-2666	0	minecraft:windswept_hills
-1500	2000	-10000	-3500	-1900	-1100	5500	10000	0	0	-4000	-2666	0	minecraft:beach
-1500	2000	-10000	-3500	-1900	-1100	5500	10000	10000	10000	-4000	-2666	0	minecraft:beach
-1500	2000	-3500	-1000	-1100	10000	-10000	-7799	0	0	-4000	-2666	0	minecraft:snowy_slopes
-1500	2000	-3500	-1000	-1100	10000	-10000	-7799	10000	10000	-4000	-2666	0	minecraft:snowy_slopes
-1500	2000	-3500	-1000	-1100	3000	-7799	-3750	0	0	-4000	-2666	0	minecraft:plains
-1500	2000	-3500	-1000	-1100	3000	-7799	-3750	10000	10000	-4000	-2666	0	minecraft:plains
-1500	2000	-3500	-1000	3000	10000	-7799	-3750	0	0	-4000	-2666	0	minecraft:meadow
-1500	2000	-3500	-1000	3000	10000	-7799	-3750	10000	10000	-4000	-2666	0	minecraft:meadow
-1500	2000	-3500	-1000	-1100	300	-3750	-2225	0	0	-4000	-2666	0	minecraft:plains
-1500	2000	-3500	-1000	-1100	300	-3750	-2225	10000	10000	-4000	-2666	0	minecraft:plains
-1500	2000	-3500	-1000	300	3000	-3750	-2225	0	0	-4000	-2666	0	minecraft:plains
-1500	2000	-3500	-1000	300	3000	-3750	-2225	10000	10000	-4000	-2666	0	minecraft:plains
-1500	2000	-3500	-1000	3000	10000	-3750	-2225	0	0	-4000	-2666	0	minecraft:meadow
-1500	2000	-3500	-1000	3000	10000	-3750	-2225	10000	10000	-4000	-2666	0	minecraft:meadow
-1500	2000	-3500	-1000	-1900	300	-2225	500	0	0	-4000	-2666	0	minecraft:plains
-1500	2000	-3500	-1000	-1900	300	-2225	500	10000	10000	-4000	-2666	0	minecraft:plains
-1500	2000	-3500	-1000	300	10000	-2225	500	0	0	-4000	-2666	0	minecraft:plains
-1500	2000	-3500	-1000	300	10000	-2225	500	10000	10000	-4000	-2666	0	minecraft:plains
-1500	2000	-3500	-1000	-1900	-1100	500	4500	0	0	-4000	-2666	0	minecraft:beach
-1500	2000	-3500	-1000	-1900	-1100	500	4500	10000	10000	-4000	-2666	0	minecraft:beach
-1500	2000	-3500	-1000	-1100	10000	500	4500	0	0	-4000	-2666	0	minecraft:plains
-1500	2000	-3500	-1000	-1100	10000	500	4500	10000	10000	-4000	-2666	0	minecraft:plains
-1500	2000	-3500	-1000	-1900	-1100	4500	5500	0	0	-4000	-2666	0	minecraft:beach
-1500	2000	-3500	-1000	-1900	-1100	4500	5500	10000	10000	-4000	-2666	0	minecraft:beach
-1500	2000	-3500	-1000	-1100	300	4500	5500	0	0	-4000	-2666	0	minecraft:plains
-1500	2000	-3500	-1000	-1100	300	4500	5500	10000	10000	-4000	-2666	0	minecraft:plains
-1500	2000	-3500	-1000	300	10000	4500	5500	0	0	-4000	-2666	0	minecraft:windswept_hills
-1500	2000	-3500	-1000	300	10000	4500	5500	10000	10000	-4000	-2666	0	minecraft:windswept_hills
-1500	2000	-3500	-1000	-1900	-1100	5500	10000	0	0	-4000	-2666	0	minecraft:beach
-1500	2000	-3500	-1000	-1900	-1100	5500	10000	10000	10000	-4000	-2666	0	minecraft:beach
-1500	2000	-1000	1000	-1100	10000	-10000	-7799	0	0	-4000	-2666	0	minecraft:grove
-1500	2000	-1000	1000	-1100	10000	-10000	-7799	10000	10000	-4000	-2666	0	minecraft:grove
-1500	2000	-1000	1000	-1100	3000	-7799	-3750	0	0	-4000	-2666	0	minecraft:forest
-1500	2000	-1000	1000	-1100	3000	-7799	-3750	10000	10000	-4000	-2666	0	minecraft:forest
-1500	2000	-1000	1000	3000	10000	-7799	-3750	0	0	-4000	-2666	0	minecraft:meadow
-1500	2000	-1000	1000	3000	10000	-7799	-3750	10000	10000	-4000	-2666	0	minecraft:meadow
-1500	2000	-1000	1000	-1100	300	-3750	-2225	0	0	-4000	-2666	0	minecraft:forest
-1500	2000	-1000	1000	-1100	300	-3750	-2225	10000	10000	-4000	-2666	0	minecraft:forest
-1500	2000	-1000	1000	300	3000	-3750	-2225	0	0	-4000	-2666	0	minecraft:forest
-1500	2000	-1000	1000	300	3000	-3750	-2225	10000	10000	-4000	-2666	0	minecraft:forest
-1500	2000	-1000	1000	3000	10000	-3750	-2225	0	0	-4000	-2666	0	minecraft:meadow
-1500	2000	-1000	1000	3000	10000	-3750	-2225	10000	10000	-4000	-2666	0	minecraft:meadow
-1500	2000	-1000	1000	-1900	300	-2225	500	0	0	-4000	-2666	0	minecraft:forest
-1500	2000	-1000	1000	-1900	300	-2225	500	10000	10000	-4000	-2666	0	minecraft:forest
-1500	2000	-1000	1000	300	10000	-2225	500	0	0	-4000	-2666	0	minecraft:forest
-1500	2000	-1000	1000	300	10000	-2225	500	10000	10000	-4000	-2666	0	minecraft:forest
-1500	2000	-1000	1000	-1900	-1100	500	4500	0	0	-4000	-2666	0	minecraft:beach
-1500	2000	-1000	1000	-1900	-1100	500	4500	10000	10000	-4000	-2666	0	minecraft:beach
-1500	2000	-1000	1000	-1100	10000	500	4500	0	0	-4000	-2666	0	minecraft:forest
-1500	2000	-1000	1000	-1100	10000	500	4500	10000	10000	-4000	-2666	0	minecraft:forest
-1500	2000	-1000	1000	-1900	-1100	4500	5500	0	0	-4000	-2666	0	minecraft:beach
-1500	2000	-1000	1000	-1900	-1100	4500	5500	10000	10000	-4000	-2666	0	minecraft:beach
-1500	2000	-1000	1000	-1100	300	4500	5500	0	0	-4000	-2666	0	minecraft:forest
-1500	2000	-1000	1000	-1100	300	4500	5500	10000	10000	-4000	-2666	0	minecraft:forest
-1500	2000	-1000	1000	300	10000	4500	5500	0	0	-4000	-2666	0	minecraft:windswept_hills
-1500	2000	-1000	1000	300	10000	4500	5500	10000	10000	-4000	-2666	0	minecraft:windswept_hills
-1500	2000	-1000	1000	-1900	-1100	5500	10000	0	0	-4000	-2666	0	minecraft:beach
-1500	2000	-1000	1000	-1900	-1100	5500	10000	10000	10000	-4000	-2666	0	minecraft:beach
-1500	2000	1000	3000	-1100	10000	-10000	-7799	0	0	-4000	-2666	0	minecraft:grove
-1500	2000	1000	3000	-1100	10000	-10000	-7799	10000	10000	-4000	-2666	0	minecraft:grove
-1500	2000	1000	3000	-1100	3000	-7799	-3750	0	0	-4000	-2666	0	minecraft:birch_forest
-1500	2000	1000	3000	-1100	3000	-7799	-3750	10000	10000	-4000	-2666	0	minecraft:birch_forest
-1500	2000	1000	3000	3000	10000	-7799	-3750	0	0	-4000	-2666	0	minecraft:meadow
-1500	2000	1000	3000	3000	10000	-7799	-3750	10000	10000	-4000	-2666	0	minecraft:meadow
-1500	2000	1000	3000	-1100	300	-3750	-2225	0	0	-4000	-2666	0	minecraft:birch_forest
-1500	2000	1000	3000	-1100	300	-3750	-2225	10000	10000	-4000	-2666	0	minecraft:birch_forest
-1500	2000	1000	3000	300	3000	-3750	-2225	0	0	-4000	-2666	0	minecraft:birch_forest
-1500	2000	1000	3000	300	3000	-3750	-2225	10000	10000	-4000	-2666	0	minecraft:birch_forest
-1500	2000	1000	3000	3000	10000	-3750	-2225	0	0	-4000	-2666	0	minecraft:meadow
-1500	2000	1000	3000	3000	10000	-3750	-2225	10000	10000	-4000	-2666	0	minecraft:meadow
-1500	2000	1000	3000	-1900	300	-2225	500	0	0	-4000	-2666	0	minecraft:birch_forest
-1500	2000	1000	3000	-1900	300	-2225	500	10000	10000	-4000	-2666	0	minecraft:birch_forest
-1500	2000	1000	3000	300	10000	-2225	500	0	0	-4000	-2666	0	minecraft:birch_forest
-1500	2000	1000	3000	300	10000	-2225	500	10000	10000	-4000	-2666	0	minecraft:birch_forest
-1500	2000	1000	3000	-1900	-1100	500	4500	0	0	-4000	-2666	0	minecraft:beach
-1500	2000	1000	3000	-1900	-1100	500	4500	10000	10000	-4000	-2666	0	minecraft:beach
-1500	2000	1000	3000	-1100	10000	500	4500	0	0	-4000	-2666	0	minecraft:birch_forest
-1500	2000	1000	3000	-1100	10000	500	4500	10000	10000	-4000	-2666	0	minecraft:birch_forest
-1500	2000	1000	3000	-1900	-1100	4500	5500	0	0	-4000	-2666	0	minecraft:beach
-1500	2000	1000	3000	-1900	-1100	4500	5500	10000	10000	-4000	-2666	0	minecraft:beach
-1500	2000	1000	3000	-1100	300	4500	5500	0	0	-4000	-2666	0	minecraft:birch_forest
-1500	2000	1000	3000	-1100	300	4500	5500	10000	10000	-4000	-2666	0	minecraft:birch_forest
-1500	2000	1000	3000	300	10000	4500	5500	0	0	-4000	-2666	0	minecraft:windswept_forest
-1500	2000	1000	3000	300	10000	4500	5500	10000	10000	-4000	-2666	0	minecraft:windswept_forest
-1500	2000	1000	3000	-1900	-1100	5500	10000	0	0	-4000	-2666	0	minecraft:beach
-1500	2000	1000	3000	-1900	-1100	5500	10000	10000	10000	-4000	-2666	0	minecraft:beach
-1500	2000	3000	10000	-1100	10000	-10000	-7799	0	0	-4000	-2666	0	minecraft:grove
-1500	2000	3000	10000	-1100	10000	-10000	-7799	10000	10000	-4000	-2666	0	minecraft:grove
-1500	2000	3000	10000	-1100	3000	-7799	-3750	0	0	-4000	-2666	0	minecraft:dark_forest
-1500	2000	3000	10000	-1100	3000	-7799	-3750	10000	10000	-4000	-2666	0	minecraft:dark_forest
-1500	2000	3000	10000	3000	10000	-7799	-3750	0	0	-4000	-2666	0	minecraft:pale_garden
-1500	2000	3000	10000	3000	10000	-7799	-3750	10000	10000	-4000	-2666	0	minecraft:pale_garden
-1500	2000	3000	10000	-1100	300	-3750	-2225	0	0	-4000	-2666	0	minecraft:dark_forest
-1500	2000	3000	10000	-1100	300	-3750	-2225	10000	10000	-4000	-2666	0	minecraft:dark_forest
-1500	2000	3000	10000	300	3000	-3750	-2225	0	0	-4000	-2666	0	minecraft:dark_forest
-1500	2000	3000	10000	300	3000	-3750	-2225	10000	10000	-4000	-2666	0	minecraft:dark_forest
-1500	2000	3000	10000	3000	10000	-3750	-2225	0	0	-4000	-2666	0	minecraft:pale_garden
-1500	2000	3000	10000	3000	10000	-3750	-2225	10000	10000	-4000	-2666	0	minecraft:pale_garden
-1500	2000	3000	10000	-1900	300	-2225	500	0	0	-4000	-2666	0	minecraft:dark_forest
-1500	2000	3000	10000	-1900	300	-2225	500	10000	10000	-4000	-2666	0	minecraft:dark_forest
-1500	2000	3000	10000	300	10000	-2225	500	0	0	-4000	-2666	0	minecraft:dark_forest
-1500	2000	3000	10000	300	10000	-2225	500	10000	10000	-4000	-2666	0	minecraft:dark_forest
-1500	2000	3000	10000	-1900	-1100	500	4500	0	0	-4000	-2666	0	minecraft:beach
-1500	2000	3000	10000	-1900	-1100	500	4500	10000	10000	-4000	-2666	0	minecraft:beach
-1500	2000	3000	10000	-1100	10000	500	4500	0	0	-4000	-2666	0	minecraft:dark_forest
-1500	2000	3000	10000	-1100	10000	500	4500	10000	10000	-4000	-2666	0	minecraft:dark_forest
-1500	2000	3000	10000	-1900	-1100	4500	5500	0	0	-4000	-2666	0	minecraft:beach
-1500	2000	3000	10000	-1900	-1100	4500	5500	10000	10000	-4000	-2666	0	minecraft:beach
-1500	2000	3000	10000	-1100	300	4500	5500	0	0	-4000	-2666	0	minecraft:dark_forest
-1500	2000	3000	10000	-1100	300	4500	5500	10000	10000	-4000	-2666	0	minecraft:dark_forest
-1500	2000	3000	10000	300	10000	4500	5500	0	0	-4000	-2666	0	minecraft:windswept_forest
-1500	2000	3000	10000	300	10000	4500	5500	10000	10000	-4000	-2666	0	minecraft:windswept_forest
-1500	2000	3000	10000	-1900	-1100	5500	10000	0	0	-4000	-2666	0	minecraft:beach
-1500	2000	3000	10000	-1900	-1100	5500	10000	10000	10000	-4000	-2666	0	minecraft:beach
2000	5500	-10000	-3500	-1100	10000	-10000	-7799	0	0	-4000	-2666	0	minecraft:savanna_plateau
2000	5500	-10000	-3500	-1100	10000	-10000	-7799	10000	10000	-4000	-2666	0	minecraft:savanna_plateau
2000	5500	-10000	-3500	-1100	3000	-7799	-3750	0	0	-4000	-2666	0	minecraft:savanna
2000	5500	-10000	-3500	-1100	3000	-7799	-3750	10000	10000	-4000	-2666	0	minecraft:savanna
2000	5500	-10000	-3500	3000	10000	-7799	-3750	0	0	-4000	-2666	0	minecraft:savanna_plateau
2000	5500	-10000	-3500	3000	10000	-7799	-3750	10000	10000	-4000	-2666	0	minecraft:savanna_plateau
2000	5500	-10000	-3500	-1100	300	-3750	-2225	0	0	-4000	-2666	0	minecraft:savanna
2000	5500	-10000	-3500	-1100	300	-3750	-2225	10000	10000	-4000	-2666	0	minecraft:savanna
2000	5500	-10000	-3500	300	3000	-3750	-2225	0	0	-4000	-2666	0	minecraft:savanna
2000	5500	-10000	-3500	300	3000	-3750	-2225	10000	10000	-4000	-2666	0	minecraft:savanna
2000	5500	-10000	-3500	3000	10000	-3750	-2225	0	0	-4000	-2666	0	minecraft:savanna_plateau
2000	5500	-10000	-3500	3000	10000	-3750	-2225	10000	10000	-4000	-2666	0	minecraft:savanna_plateau
2000	5500	-10000	-3500	-1900	300	-2225	500	0	0	-4000	-2666	0	minecraft:savanna
2000	5500	-10000	-3500	-1900	300	-2225	500	10000	10000	-4000	-2666	0	minecraft:savanna
2000	5500	-10000	-3500	300	10000	-2225	500	0	0	-4000	-2666	0	minecraft:savanna
2000	5500	-10000	-3500	300	10000	-2225	500	10000	10000	-4000	-2666	0	minecraft:savanna
2000	5500	-10000	-3500	-1900	-1100	500	4500	0	0	-4000	-2666	0	minecraft:beach
2000	5500	-10000	-3500	-1900	-1100	500	4500	10000	10000	-4000	-2666	0	minecraft:beach
2000	5500	-10000	-3500	-1100	10000	500	4500	0	0	-4000	-2666	0	minecraft:savanna
2000	5500	-10000	-3500	-1100	10000	500	4500	10000	10000	-4000	-2666	0	minecraft:savanna
2000	5500	-10000	-3500	-1900	-1100	4500	5500	0	0	-4000	-2666	0	minecraft:beach
2000	5500	-10000	-3500	-1900	-1100	4500	5500	10000	10000	-4000	-2666	0	minecraft:beach
2000	5500	-10000	-3500	-1100	300	4500	5500	0	0	-4000	-2666	0	minecraft:savanna
2000	5500	-10000	-3500	-1100	300	4500	5500	10000	10000	-4000	-2666	0	minecraft:savanna
2000	5500	-10000	-3500	300	10000	4500	5500	0	0	-4000	-2666	0	minecraft:savanna
2000	5500	-10000	-3500	300	10000	4500	5500	10000	10000	-4000	-2666	0	minecraft:savanna
2000	5500	-10000	-3500	-1900	-1100	5500	10000	0	0	-4000	-2666	0	minecraft:beach
2000	5500	-10000	-3500	-1900	-1100	5500	10000	10000	10000	-4000	-2666	0	minecraft:beach
2000	5500	-3500	-1000	-1100	10000	-10000	-7799	0	0	-4000	-2666	0	minecraft:savanna_plateau
2000	5500	-3500	-1000	-1100	10000	-10000	-7799	10000	10000	-4000	-2666	0	minecraft:savanna_plateau
2000	5500	-3500	-1000	-1100	3000	-7799	-3750	0	0	-4000	-2666	0	minecraft:savanna
2000	5500	-3500	-1000	-1100	3000	-7799	-3750	10000	10000	-4000	-2666	0	minecraft:savanna
2000	5500	-3500	-1000	3000	10000	-7799	-3750	0	0	-4000	-2666	0	minecraft:savanna_plateau
2000	5500	-3500	-1000	3000	10000	-7799	-3750	10000	10000	-4000	-2666	0	minecraft:savanna_plateau
2000	5500	-3500	-1000	-1100	300	-3750	-2225	0	0	-4000	-2666	0	minecraft:savanna
2000	5500	-3500	-1000	-1100	300	-3750	-2225	10000	10000	-4000	-2666	0	minecraft:savanna
2000	5500	-3500	-1000	300	3000	-3750	-2225	0	0	-4000	-2666	0	minecraft:savanna
2000	5500	-3500	-1000	300	3000	-3750	-2225	10000	10000	-4000	-2666	0	minecraft:savanna
2000	5500	-3500	-1000	3000	10000	-3750	-2225	0	0	-4000	-2666	0	minecraft:savanna_plateau
2000	5500	-3500	-1000	3000	10000	-3750	-2225	10000	10000	-4000	-2666	0	minecraft:savanna_plateau
2000	5500	-3500	-1000	-1900	300	-2225	500	0	0	-4000	-2666	0	minecraft:savanna
2000	5500	-3500	-1000	-1900	300	-2225	500	10000	10000	-4000	-2666	0	minecraft:savanna
2000	5500	-3500	-1000	300	10000	-2225	500	0	0	-4000	-2666	0	minecraft:savanna
2000	5500	-3500	-1000	300	10000	-2225	500	10000	10000	-4000	-2666	0	minecraft:savanna
2000	5500	-3500	-1000	-1900	-1100	500	4500	0	0	-4000	-2666	0	minecraft:beach
2000	5500	-3500	-1000	-1900	-1100	500	4500	10000	10000	-4000	-2666	0	minecraft:beach
2000	5500	-3500	-1000	-1100	10000	500	4500	0	0	-4000	-2666	0	minecraft:savanna
2000	5500	-3500	-1000	-1100	10000	500	4500	10000	10000	-4000	-2666	0	minecraft:savanna
2000	5500	-3500	-1000	-1900	-1100	4500	5500	0	0	-4000	-2666	0	minecraft:beach
2000	5500	-3500	-1000	-1900	-1100	4500	5500	10000	10000	-4000	-2666	0	minecraft:beach
2000	5500	-3500	-1000	-1100	300	4500	5500	0	0	-4000	-2666	0	minecraft:savanna
2000	5500	-3500	-1000	-1100	300	4500	5500	10000	10000	-4000	-2666	0	minecraft:savanna
2000	5500	-3500	-1000	300	10000	4500	5500	0	0	-4000	-2666	0	minecraft:savanna
2000	5500	-3500	-1000	300	10000	4500	5500	10000	10000	-4000	-2666	0	minecraft:savanna
2000	5500	-3500	-1000	-1900	-1100	5500	10000	0	0	-4000	-2666	0	minecraft:beach
2000	5500	-3500	-1000	-1900	-1100	5500	10000	10000	10000	-4000	-2666	0	minecraft:beach
2000	5500	-1000	1000	-1100	10000	-10000	-7799	0	0	-4000	-2666	0	minecraft:forest
2000	5500	-1000	1000	-1100	10000	-10000	-7799	10000	10000	-4000	-2666	0	minecraft:forest
2000	5500	-1000	1000	-1100	3000	-7799	-3750	0	0	-4000	-2666	0	minecraft:forest
2000	5500	-1000	1000	-1100	3000	-7799	-3750	10000	10000	-4000	-2666	0	minecraft:forest
2000	5500	-1000	1000	3000	10000	-7799	-3750	0	0	-4000	-2666	0	minecraft:forest
2000	5500	-1000	1000	3000	10000	-7799	-3750	10000	10000	-4000	-2666	0	minecraft:forest
2000	5500	-1000	1000	-1100	300	-3750	-2225	0	0	-4000	-2666	0	minecraft:forest
2000	5500	-1000	1000	-1100	300	-3750	-2225	10000	10000	-4000	-2666	0	minecraft:forest
2000	5500	-1000	1000	300	3000	-3750	-2225	0	0	-4000	-2666	0	minecraft:forest
2000	5500	-1000	1000	300	3000	-3750	-2225	10000	10000	-4000	-2666	0	minecraft:forest
2000	5500	-1000	1000	3000	10000	-3750	-2225	0	0	-4000	-2666	0	minecraft:forest
2000	5500	-1000	1000	3000	10000	-3750	-2225	10000	10000	-4000	-2666	0	minecraft:forest
2000	5500	-1000	1000	-1900	300	-2225	500	0	0	-4000	-2666	0	minecraft:forest
2000	5500	-1000	1000	-1900	300	-2225	500	10000	10000	-4000	-2666	0	minecraft:forest
2000	5500	-1000	1000	300	10000	-2225	500	0	0	-4000	-2666	0	minecraft:forest
2000	5500	-1000	1000	300	10000	-2225	500	10000	10000	-4000	-2666	0	minecraft:forest
2000	5500	-1000	1000	-1900	-1100	500	4500	0	0	-4000	-2666	0	minecraft:beach
2000	5500	-1000	1000	-1900	-1100	500	4500	10000	10000	-4000	-2666	0	minecraft:beach
2000	5500	-1000	1000	-1100	10000	500	4500	0	0	-4000	-2666	0	minecraft:forest
2000	5500	-1000	1000	-1100	10000	500	4500	10000	10000	-4000	-2666	0	minecraft:forest
2000	5500	-1000	1000	-1900	-1100	4500	5500	0	0	-4000	-2666	0	minecraft:beach
2000	5500	-1000	1000	-1900	-1100	4500	5500	10000	10000	-4000	-2666	0	minecraft:beach
2000	5500	-1000	1000	-1100	300	4500	5500	0	0	-4000	-2666	0	minecraft:forest
2000	5500	-1000	1000	-1100	300	4500	5500	10000	10000	-4000	-2666	0	minecraft:forest
2000	5500	-1000	1000	300	10000	4500	5500	0	0	-4000	-2666	0	minecraft:forest
2000	5500	-1000	1000	300	10000	4500	5500	10000	10000	-4000	-2666	0	minecraft:forest
2000	5500	-1000	1000	-1900	-1100	5500	10000	0	0	-4000	-2666	0	minecraft:beach
2000	5500	-1000	1000	-1900	-1100	5500	10000	10000	10000	-4000	-2666	0	minecraft:beach
2000	5500	1000	3000	-1100	10000	-10000	-7799	0	0	-4000	-2666	0	minecraft:forest
2000	5500	1000	3000	-1100	10000	-10000	-7799	10000	10000	-4000	-2666	0	minecraft:forest
2000	5500	1000	3000	-1100	3000	-7799	-3750	0	0	-4000	-2666	0	minecraft:jungle
2000	5500	1000	3000	-1100	3000	-7799	-3750	10000	10000	-4000	-2666	0	minecraft:jungle
2000	5500	1000	3000	3000	10000	-7799	-3750	0	0	-4000	-2666	0	minecraft:forest
2000	5500	1000	3000	3000	10000	-7799	-3750	10000	10000	-4000	-2666	0	minecraft:forest
2000	5500	1000	3000	-1100	300	-3750	-2225	0	0	-4000	-2666	0	minecraft:jungle
2000	5500	1000	3000	-1100	300	-3750	-2225	10000	10000	-4000	-2666	0	minecraft:jungle
2000	5500	1000	3000	300	3000	-3750	-2225	0	0	-4000	-2666	0	minecraft:jungle
2000	5500	1000	3000	300	3000	-3750	-2225	10000	10000	-4000	-2666	0	minecraft:jungle
2000	5500	1000	3000	3000	10000	-3750	-2225	0	0	-4000	-2666	0	minecraft:forest
2000	5500	1000	3000	3000	10000	-3750	-2225	10000	10000	-4000	-2666	0	minecraft:forest
2000	5500	1000	3000	-1900	300	-2225	500	0	0	-4000	-2666	0	minecraft:jungle
2000	5500	1000	3000	-1900	300	-2225	500	10000	10000	-4000	-2666	0	minecraft:jungle
2000	5500	1000	3000	300	10000	-2225	500	0	0	-4000	-2666	0	minecraft:jungle
2000	5500	1000	3000	300	10000	-2225	500	10000	10000	-4000	-2666	0	minecraft:jungle
2000	5500	1000	3000	-1900	-1100	500	4500	0	0	-4000	-2666	0	minecraft:beach
2000	5500	1000	3000	-1900	-1100	500	4500	10000	10000	-4000	-2666	0	minecraft:beach
2000	5500	1000	3000	-1100	10000	500	4500	0	0	-4000	-2666	0	minecraft:jungle
2000	5500	1000	3000	-1100	10000	500	4500	10000	10000	-4000	-2666	0	minecraft:jungle
2000	5500	1000	3000	-1900	-1100	4500	5500	0	0	-4000	-2666	0	minecraft:beach
2000	5500	1000	3000	-1900	-1100	4500	5500	10000	10000	-4000	-2666	0	minecraft:beach
2000	5500	1000	3000	-1100	300	4500	5500	0	0	-4000	-2666	0	minecraft:jungle
2000	5500	1000	3000	-1100	300	4500	5500	10000	10000	-4000	-2666	0	minecraft:jungle
2000	5500	1000	3000	300	10000	4500	5500	0	0	-4000	-2666	0	minecraft:jungle
2000	5500	1000	3000	300	10000	4500	5500	10000	10000	-4000	-2666	0	minecraft:jungle
2000	5500	1000	3000	-1900	-1100	5500	10000	0	0	-4000	-2666	0	minecraft:beach
2000	5500	1000	3000	-1900	-1100	5500	10000	10000	10000	-4000	-2666	0	minecraft:beach
2000	5500	3000	10000	-1100	10000	-10000	-7799	0	0	-4000	-2666	0	minecraft:jungle
2000	5500	3000	10000	-1100	10000	-10000	-7799	10000	10000	-4000	-2666	0	minecraft:jungle
2000	5500	3000	10000	-1100	3000	-7799	-3750	0	0	-4000	-2666	0	minecraft:jungle
2000	5500	3000	10000	-1100	3000	-7799	-3750	10000	10000	-4000	-2666	0	minecraft:jungle
2000	5500	3000	10000	3000	10000	-7799	-3750	0	0	-4000	-2666	0	minecraft:jungle
2000	5500	3000	10000	3000	10000	-7799	-3750	10000	10000	-4000	-2666	0	minecraft:jungle
2000	5500	3000	10000	-1100	300	-3750	-2225	0	0	-4000	-2666	0	minecraft:jungle
2000	5500	3000	10000	-1100	300	-3750	-2225	10000	10000	-4000	-2666	0	minecraft:jungle
2000	5500	3000	10000	300	3000	-3750	-2225	0	0	-4000	-2666	0	minecraft:jungle
2000	5500	3000	10000	300	3000	-3750	-2225	10000	10000	-4000	-2666	0	minecraft:jungle
2000	5500	3000	10000	3000	10000	-3750	-2225	0	0	-4000	-2666	0	minecraft:jungle
2000	5500	3000	10000	3000	10000	-3750	-2225	10000	10000	-4000	-2666	0	minecraft:jungle
2000	5500	3000	10000	-1900	300	-2225	500	0	0	-4000	-2666	0	minecraft:jungle
2000	5500	3000	10000	-1900	300	-2225	500	10000	10000	-4000	-2666	0	minecraft:jungle
2000	5500	3000	10000	300	10000	-2225	500	0	0	-4000	-2666	0	minecraft:jungle
2000	5500	3000	10000	300	10000	-2225	500	10000	10000	-4000	-2666	0	minecraft:jungle
2000	5500	3000	10000	-1900	-1100	500	4500	0	0	-4000	-2666	0	minecraft:beach
2000	5500	3000	10000	-1900	-1100	500	4500	10000	10000	-4000	-2666	0	minecraft:beach
2000	5500	3000	10000	-1100	10000	500	4500	0	0	-4000	-2666	0	minecraft:jungle
2000	5500	3000	10000	-1100	10000	500	4500	10000	10000	-4000	-2666	0	minecraft:jungle
2000	5500	3000	10000	-1900	-1100	4500	5500	0	0	-4000	-2666	0	minecraft:beach
2000	5500	3000	10000	-1900	-1100	4500	5500	10000	10000	-4000	-2666	0	minecraft:beach
2000	5500	3000	10000	-1100	300	4500	5500	0	0	-4000	-2666	0	minecraft:jungle
2000	5500	3000	10000	-1100	300	4500	5500	10000	10000	-4000	-2666	0	minecraft:jungle
2000	5500	3000	10000	300	10000	4500	5500	0	0	-4000	-2666	0	minecraft:jungle
2000	5500	3000	10000	300	10000	4500	5500	10000	10000	-4000	-2666	0	minecraft:jungle
2000	5500	3000	10000	-1900	-1100	5500	10000	0	0	-4000	-2666	0	minecraft:beach
2000	5500	3000	10000	-1900	-1100	5500	10000	10000	10000	-4000	-2666	0	minecraft:beach
5500	10000	-10000	-3500	-1100	10000	-10000	-7799	0	0	-4000	-2666	0	minecraft:badlands
5500	10000	-10000	-3500	-1100	10000	-10000	-7799	10000	10000	-4000	-2666	0	minecraft:badlands
5500	10000	-10000	-3500	-1100	3000	-7799	-3750	0	0	-4000	-2666	0	minecraft:badlands
5500	10000	-10000	-3500	-1100	3000	-7799	-3750	10000	10000	-4000	-2666	0	minecraft:badlands
5500	10000	-10000	-3500	3000	10000	-7799	-3750	0	0	-4000	-2666	0	minecraft:badlands
5500	10000	-10000	-3500	3000	10000	-7799	-3750	10000	10000	-4000	-2666	0	minecraft:badlands
5500	10000	-10000	-3500	-1100	300	-3750	-2225	0	0	-4000	-2666	0	minecraft:desert
5500	10000	-10000	-3500	-1100	300	-3750	-2225	10000	10000	-4000	-2666	0	minecraft:desert
5500	10000	-10000	-3500	300	3000	-3750	-2225	0	0	-4000	-2666	0	minecraft:badlands
5500	10000	-10000	-3500	300	3000	-3750	-2225	10000	10000	-4000	-2666	0	minecraft:badlands
5500	10000	-10000	-3500	3000	10000	-3750	-2225	0	0	-4000	-2666	0	minecraft:badlands
5500	10000	-10000	-3500	3000	10000	-3750	-2225	10000	10000	-4000	-2666	0	minecraft:badlands
5500	10000	-10000	-3500	-1900	300	-2225	500	0	0	-4000	-2666	0	minecraft:desert
5500	10000	-10000	-3500	-1900	300	-2225	500	10000	10000	-4000	-2666	0	minecraft:desert
5500	10000	-10000	-3500	300	10000	-2225	500	0	0	-4000	-2666	0	minecraft:badlands
5500	10000	-10000	-3500	300	10000	-2225	500	10000	10000	-4000	-2666	0	minecraft:badlands
5500	10000	-10000	-3500	-1900	-1100	500	4500	0	0	-4000	-2666	0	minecraft:desert
5500	10000	-10000	-3500	-1900	-1100	500	4500	10000	10000	-4000	-2666	0	minecraft:desert
5500	10000	-10000	-3500	-1100	10000	500	4500	0	0	-4000	-2666	0	minecraft:desert
5500	10000	-10000	-3500	-1100	10000	500	4500	10000	10000	-4000	-2666	0	minecraft:desert
5500	10000	-10000	-3500	-1900	-1100	4500	5500	0	0	-4000	-2666	0	minecraft:desert
5500	10000	-10000	-3500	-1900	-1100	4500	5500	10000	10000	-4000	-2666	0	minecraft:desert
5500	10000	-10000	-3500	-1100	300	4500	5500	0	0	-4000	-2666	0	minecraft:desert
5500	10000	-10000	-3500	-1100	300	4500	5500	10000	10000	-4000	-2666	0	minecraft:desert
5500	10000	-10000	-3500	300	10000	4500	5500	0	0	-4000	-2666	0	minecraft:desert
5500	10000	-10000	-3500	300	10000	4500	5500	10000	10000	-4000	-2666	0	minecraft:desert
5500	10000	-10000	-3500	-1900	-1100	5500	10000	0	0	-4000	-2666	0	minecraft:desert
5500	10000	-10000	-3500	-1900	-1100	5500	10000	10000	10000	-4000	-2666	0	minecraft:desert
5500	10000	-3500	-1000	-1100	10000	-10000	-7799	0	0	-4000	-2666	0	minecraft:badlands
5500	10000	-3500	-1000	-1100	10000	-10000	-7799	10000	10000	-4000	-2666	0	minecraft:badlands
5500	10000	-3500	-1000	-1100	3000	-7799	-3750	0	0	-4000	-2666	0	minecraft:badlands
5500	10000	-3500	-1000	-1100	3000	-7799	-3750	10000	10000	-4000	-2666	0	minecraft:badlands
5500	10000	-3500	-1000	3000	10000	-7799	-3750	0	0	-4000	-2666	0	minecraft:badlands
5500	10000	-3500	-1000	3000	10000	-7799	-3750	10000	10000	-4000	-2666	0	minecraft:badlands
5500	10000	-3500	-1000	-1100	300	-3750	-2225	0	0	-4000	-2666	0	minecraft:desert
5500	10000	-3500	-1000	-1100	300	-3750	-2225	10000	10000	-4000	-2666	0	minecraft:desert
5500	10000	-3500	-1000	300	3000	-3750	-2225	0	0	-4000	-2666	0	minecraft:badlands
5500	10000	-3500	-1000	300	3000	-3750	-2225	10000	10000	-4000	-2666	0	minecraft:badlands
5500	10000	-3500	-1000	3000	10000	-3750	-2225	0	0	-4000	-2666	0	minecraft:badlands
5500	10000	-3500	-1000	3000	10000	-3750	-2225	10000	10000	-4000	-2666	0	minecraft:badlands
5500	10000	-3500	-1000	-1900	300	-2225	500	0	0	-4000	-2666	0	minecraft:desert
5500	10000	-3500	-1000	-1900	300	-2225	500	10000	10000	-4000	-2666	0	minecraft:desert
5500	10000	-3500	-1000	300	10000	-2225	500	0	0	-4000	-2666	0	minecraft:badlands
5500	10000	-3500	-1000	300	10000	-2225	500	10000	10000	-4000	-2666	0	minecraft:badlands
5500	10000	-3500	-1000	-1900	-1100	500	4500	0	0	-4000	-2666	0	minecraft:desert
5500	10000	-3500	-1000	-1900	-1100	500	4500	10000	10000	-4000	-2666	0	minecraft:desert
5500	10000	-3500	-1000	-1100	10000	500	4500	0	0	-4000	-2666	0	minecraft:desert
5500	10000	-3500	-1000	-1100	10000	500	4500	10000	10000	-4000	-2666	0	minecraft:desert
5500	10000	-3500	-1000	-1900	-1100	4500	5500	0	0	-4000	-2666	0	minecraft:desert
5500	10000	-3500	-1000	-1900	-1100	4500	5500	10000	10000	-4000	-2666	0	minecraft:desert
5500	10000	-3500	-1000	-1100	300	4500	5500	0	0	-4000	-2666	0	minecraft:desert
5500	10000	-3500	-1000	-1100	300	4500	5500	10000	10000	-4000	-2666	0	minecraft:desert
5500	10000	-3500	-1000	300	10000	4500	5500	0	0	-4000	-2666	0	minecraft:desert
5500	10000	-3500	-1000	300	10000	4500	5500	10000	10000	-4000	-2666	0	minecraft:desert
5500	10000	-3500	-1000	-1900	-1100	5500	10000	0	0	-4000	-2666	0	minecraft:desert
5500	10000	-3500	-1000	-1900	-1100	5500	10000	10000	10000	-4000	-2666	0	minecraft:desert
5500	10000	-1000	1000	-1100	10000	-10000	-7799	0	0	-4000	-2666	0	minecraft:badlands
5500	10000	-1000	1000	-1100	10000	-10000	-7799	10000	10000	-4000	-2666	0	minecraft:badlands
5500	10000	-1000	1000	-1100	3000	-7799	-3750	0	0	-4000	-2666	0	minecraft:badlands
5500	10000	-1000	1000	-1100	3000	-7799	-3750	10000	10000	-4000	-2666	0	minecraft:badlands
5500	10000	-1000	1000	3000	10000	-7799	-3750	0	0	-4000	-2666	0	minecraft:badlands
5500	10000	-1000	1000	3000	10000	-7799	-3750	10000	10000	-4000	-2666	0	minecraft:badlands
5500	10000	-1000	1000	-1100	300	-3750	-2225	0	0	-4000	-2666	0	minecraft:desert
5500	10000	-1000	1000	-1100	300	-3750	-2225	10000	10000	-4000	-2666	0	minecraft:desert
5500	10000	-1000	1000	300	3000	-3750	-2225	0	0	-4000	-2666	0	minecraft:badlands
5500	10000	-1000	1000	300	3000	-3750	-2225	10000	10000	-4000	-2666	0	minecraft:badlands
5500	10000	-1000	1000	3000	10000	-3750	-2225	0	0	-4000	-2666	0	minecraft:badlands
5500	10000	-1000	1000	3000	10000	-3750	-2225	10000	10000	-4000	-2666	0	minecraft:badlands
5500	10000	-1000	1000	-1900	300	-2225	500	0	0	-4000	-2666	0	minecraft:desert
5500	10000	-1000	1000	-1900	300	-2225	500	10000	10000	-4000	-2666	0	minecraft:desert
5500	10000	-1000	1000	300	10000	-2225	500	0	0	-4000	-2666	0	minecraft:badlands
5500	10000	-1000	1000	300	10000	-2225	500	10000	10000	-4000	-2666	0	minecraft:badlands
5500	10000	-1000	1000	-1900	-1100	500	4500	0	0	-4000	-2666	0	minecraft:desert
5500	10000	-1000	1000	-1900	-1100	500	4500	10000	10000	-4000	-2666	0	minecraft:desert
5500	10000	-1000	1000	-1100	10000	500	4500	0	0	-4000	-2666	0	minecraft:desert
5500	10000	-1000	1000	-1100	10000	500	4500	10000	10000	-4000	-2666	0	minecraft:desert
5500	10000	-1000	1000	-1900	-1100	4500	5500	0	0	-4000	-2666	0	minecraft:desert
5500	10000	-1000	1000	-1900	-1100	4500	5500	10000	10000	-4000	-2666	0	minecraft:desert
5500	10000	-1000	1000	-1100	300	4500	5500	0	0	-4000	-2666	0	minecraft:desert
5500	10000	-1000	1000	-1100	300	4500	5500	10000	10000	-4000	-2666	0	minecraft:desert
5500	10000	-1000	1000	300	10000	4500	5500	0	0	-4000	-2666	0	minecraft:desert
5500	10000	-1000	1000	300	10000	4500	5500	10000	10000	-4000	-2666	0	minecraft:desert
5500	10000	-1000	1000	-1900	-1100	5500	10000	0	0	-4000	-2666	0	minecraft:desert
5500	10000	-1000	1000	-1900	-1100	5500	10000	10000	10000	-4000	-2666	0	minecraft:desert
5500	10000	1000	3000	-1100	10000	-10000	-7799	0	0	-4000	-2666	0	minecraft:wooded_badlands
5500	10000	1000	3000	-1100	10000	-10000	-7799	10000	10000	-4000	-2666	0	minecraft:wooded_badlands
5500	10000	1000	3000	-1100	3000	-7799	-3750	0	0	-4000	-2666	0	minecraft:wooded_badlands
5500	10000	1000	3000	-1100	3000	-7799	-3750	10000	10000	-4000	-2666	0	minecraft:wooded_badlands
5500	10000	1000	3000	3000	10000	-7799	-3750	0	0	-4000	-2666	0	minecraft:wooded_badlands
5500	10000	1000	3000	3000	10000	-7799	-3750	10000	10000	-4000	-2666	0	minecraft:wooded_badlands
5500	10000	1000	3000	-1100	300	-3750	-2225	0	0	-4000	-2666	0	minecraft:desert
5500	10000	1000	3000	-1100	300	-3750	-2225	10000	10000	-4000	-2666	0	minecraft:desert
5500	10000	1000	3000	300	3000	-3750	-2225	0	0	-4000	-2666	0	minecraft:wooded_badlands
5500	10000	1000	3000	300	3000	-3750	-2225	10000	10000	-4000	-2666	0	minecraft:wooded_badlands
5500	10000	1000	3000	3000	10000	-3750	-2225	0	0	-4000	-2666	0	minecraft:wooded_badlands
5500	10000	1000	3000	3000	10000	-3750	-2225	10000	10000	-4000	-2666	0	minecraft:wooded_badlands
5500	10000	1000	3000	-1900	300	-2225	500	0	0	-4000	-2666	0	minecraft:desert
5500	10000	1000	3000	-1900	300	-2225	500	10000	10000	-4000	-2666	0	minecraft:desert
5500	10000	1000	3000	300	10000	-2225	500	0	0	-4000	-2666	0	minecraft:wooded_badlands
5500	10000	1000	3000	300	10000	-2225	500	10000	10000	-4000	-2666	0	minecraft:wooded_badlands
5500	10000	1000	3000	-1900	-1100	500	4500	0	0	-4000	-2666	0	minecraft:desert
5500	10000	1000	3000	-1900	-1100	500	4500	10000	10000	-4000	-2666	0	minecraft:desert
5500	10000	1000	3000	-1100	10000	500	4500	0	0	-4000	-2666	0	minecraft:desert
5500	10000	1000	3000	-1100	10000	500	4500	10000	10000	-4000	-2666	0	minecraft:desert
5500	10000	1000	3000	-1900	-1100	4500	5500	0	0	-4000	-2666	0	minecraft:desert
5500	10000	1000	3000	-1900	-1100	4500	5500	10000	10000	-4000	-2666	0	minecraft:desert
5500	10000	1000	3000	-1100	300	4500	5500	0	0	-4000	-2666	0	minecraft:desert
5500	10000	1000	3000	-1100	300	4500	5500	10000	10000	-4000	-2666	0	minecraft:desert
5500	10000	1000	3000	300	10000	4500	5500	0	0	-4000	-2666	0	minecraft:desert
5500	10000	1000	3000	300	10000	4500	5500	10000	10000	-4000	-2666	0	minecraft:desert
5500	10000	1000	3000	-1900	-1100	5500	10000	0	0	-4000	-2666	0	minecraft:desert
5500	10000	1000	3000	-1900	-1100	5500	10000	10000	10000	-4000	-2666	0	minecraft:desert
5500	10000	3000	10000	-1100	10000	-10000	-7799	0	0	-4000	-2666	0	minecraft:wooded_badlands
5500	10000	3000	10000	-1100	10000	-10000	-7799	10000	10000	-4000	-2666	0	minecraft:wooded_badlands
5500	10000	3000	10000	-1100	3000	-7799	-3750	0	0	-4000	-2666	0	minecraft:wooded_badlands
5500	10000	3000	10000	-1100	3000	-7799	-3750	10000	10000	-4000	-2666	0	minecraft:wooded_badlands
5500	10000	3000	10000	3000	10000	-7799	-3750	0	0	-4000	-2666	0	minecraft:wooded_badlands
5500	10000	3000	10000	3000	10000	-7799	-3750	10000	10000	-4000	-2666	0	minecraft:wooded_badlands
5500	10000	3000	10000	-1100	300	-3750	-2225	0	0	-4000	-2666	0	minecraft:desert
5500	10000	3000	10000	-1100	300	-3750	-2225	10000	10000	-4000	-2666	0	minecraft:desert
5500	10000	3000	10000	300	3000	-3750	-2225	0	0	-4000	-2666	0	minecraft:wooded_badlands
5500	10000	3000	10000	300	3000	-3750	-2225	10000	10000	-4000	-2666	0	minecraft:wooded_badlands
5500	10000	3000	10000	3000	10000	-3750	-2225	0	0	-4000	-2666	0	minecraft:wooded_badlands
5500	10000	3000	10000	3000	10000	-3750	-2225	10000	10000	-4000	-2666	0	minecraft:wooded_badlands
5500	10000	3000	10000	-1900	300	-2225	500	0	0	-4000	-2666	0	minecraft:desert
5500	10000	3000	10000	-1900	300	-2225	500	10000	10000	-4000	-2666	0	minecraft:desert
5500	10000	3000	10000	300	10000	-2225	500	0	0	-4000	-2666	0	minecraft:wooded_badlands
5500	10000	3000	10000	300	10000	-2225	500	10000	10000	-4000	-2666	0	minecraft:wooded_badlands
5500	10000	3000	10000	-1900	-1100	500	4500	0	0	-4000	-2666	0	minecraft:desert
5500	10000	3000	10000	-1900	-1100	500	4500	10000	10000	-4000	-2666	0	minecraft:desert
5500	10000	3000	10000	-1100	10000	500	4500	0	0	-4000	-2666	0	minecraft:desert
5500	10000	3000	10000	-1100	10000	500	4500	10000	10000	-4000	-2666	0	minecraft:desert
5500	10000	3000	10000	-1900	-1100	4500	5500	0	0	-4000	-2666	0	minecraft:desert
5500	10000	3000	10000	-1900	-1100	4500	5500	10000	10000	-4000	-2666	0	minecraft:desert
5500	10000	3000	10000	-1100	300	4500	5500	0	0	-4000	-2666	0	minecraft:desert
5500	10000	3000	10000	-1100	300	4500	5500	10000	10000	-4000	-2666	0	minecraft:desert
5500	10000	3000	10000	300	10000	4500	5500	0	0	-4000	-2666	0	minecraft:desert
5500	10000	3000	10000	300	10000	4500	5500	10000	10000	-4000	-2666	0	minecraft:desert
5500	10000	3000	10000	-1900	-1100	5500	10000	0	0	-4000	-2666	0	minecraft:desert
5500	10000	3000	10000	-1900	-1100	5500	10000	10000	10000	-4000	-2666	0	minecraft:desert
-10000	10000	-10000	10000	-1900	-1100	-10000	-2225	0	0	-2666	-500	0	minecraft:stony_shore
-10000	10000	-10000	10000	-1900	-1100	-10000	-2225	10000	10000	-2666	-500	0	minecraft:stony_shore
-4500	2000	-10000	10000	-1100	10000	5500	10000	0	0	-2666	-500	0	minecraft:swamp
-4500	2000	-10000	10000	-1100	10000	5500	10000	10000	10000	-2666	-500	0	minecraft:swamp
2000	10000	-10000	10000	-1100	10000	5500	10000	0	0	-2666	-500	0	minecraft:mangrove_swamp
2000	10000	-10000	10000	-1100	10000	5500	10000	10000	10000	-2666	-500	0	minecraft:mangrove_swamp
-10000	-4500	-10000	-3500	-1100	300	-10000	-3750	0	0	-2666	-500	0	minecraft:snowy_plains
-10000	-4500	-10000	-3500	-1100	300	-10000	-3750	10000	10000	-2666	-500	0	minecraft:snowy_plains
-10000	-4500	-10000	-3500	300	10000	-10000	-3750	0	0	-2666	-500	0	minecraft:snowy_slopes
-10000	-4500	-10000	-3500	300	10000	-10000	-3750	10000	10000	-2666	-500	0	minecraft:snowy_slopes
-10000	-4500	-10000	-3500	-1100	300	-3750	500	0	0	-2666	-500	0	minecraft:snowy_plains
-10000	-4500	-10000	-3500	-1100	300	-3750	500	10000	10000	-2666	-500	0	minecraft:snowy_plains
-10000	-4500	-10000	-3500	300	10000	-3750	500	0	0	-2666	-500	0	minecraft:snowy_plains
-10000	-4500	-10000	-3500	300	10000	-3750	500	10000	10000	-2666	-500	0	minecraft:snowy_plains
-10000	-4500	-10000	-3500	-1900	-1100	-2225	4500	0	0	-2666	-500	0	minecraft:snowy_beach
-10000	-4500	-10000	-3500	-1900	-1100	-2225	4500	10000	10000	-2666	-500	0	minecraft:snowy_beach
-10000	-4500	-10000	-3500	-1100	10000	500	4500	0	0	-2666	-500	0	minecraft:snowy_plains
-10000	-4500	-10000	-3500	-1100	10000	500	4500	10000	10000	-2666	-500	0	minecraft:snowy_plains
-10000	-4500	-10000	-3500	-1900	-1100	4500	5500	0	0	-2666	-500	0	minecraft:snowy_beach
-10000	-4500	-10000	-3500	-1900	-1100	4500	5500	10000	10000	-2666	-500	0	minecraft:snowy_beach
-10000	-4500	-10000	-3500	-1100	300	4500	5500	0	0	-2666	-500	0	minecraft:snowy_plains
-10000	-4500	-10000	-3500	-1100	300	4500	5500	10000	10000	-2666	-500	0	minecraft:snowy_plains
-10000	-4500	-10000	-3500	300	10000	4500	5500	0	0	-2666	-500	0	minecraft:snowy_plains
-10000	-4500	-10000	-3500	300	10000	4500	5500	10000	10000	-2666	-500	0	minecraft:snowy_plains
-10000	-4500	-10000	-3500	-1900	-1100	5500	10000	0	0	-2666	-500	0	minecraft:snowy_beach
-10000	-4500	-10000	-3500	-1900	-1100	5500	10000	10000	10000	-2666	-500	0	minecraft:snowy_beach
-10000	-4500	-10000	-3500	-1100	10000	5500	10000	0	0	-2666	-500	0	minecraft:snowy_plains
-10000	-4500	-10000	-3500	-1100	10000	5500	10000	10000	10000	-2666	-500	0	minecraft:snowy_plains
-10000	-4500	-3500	-1000	-1100	300	-10000	-3750	0	0	-2666	-500	0	minecraft:snowy_plains
-10000	-4500	-3500	-1000	-1100	300	-10000	-3750	10000	10000	-2666	-500	0	minecraft:snowy_plains
-10000	-4500	-3500	-1000	300	10000	-10000	-3750	0	0	-2666	-500	0	minecraft:snowy_slopes
-10000	-4500	-3500	-1000	300	10000	-10000	-3750	10000	10000	-2666	-500	0	minecraft:snowy_slopes
-10000	-4500	-3500	-1000	-1100	300	-3750	500	0	0	-2666	-500	0	minecraft:snowy_plains
-10000	-4500	-3500	-1000	-1100	300	-3750	500	10000	10000	-2666	-500	0	minecraft:snowy_plains
-10000	-4500	-3500	-1000	300	10000	-3750	500	0	0	-2666	-500	0	minecraft:snowy_plains
-10000	-4500	-3500	-1000	300	10000	-3750	500	10000	10000	-2666	-500	0	minecraft:snowy_plains
-10000	-4500	-3500	-1000	-1900	-1100	-2225	4500	0	0	-2666	-500	0	minecraft:snowy_beach
-10000	-4500	-3500	-1000	-1900	-1100	-2225	4500	10000	10000	-2666	-500	0	minecraft:snowy_beach
-10000	-4500	-3500	-1000	-1100	10000	500	4500	0	0	-2666	-500	0	minecraft:snowy_plains
-10000	-4500	-3500	-1000	-1100	10000	500	4500	10000	10000	-2666	-500	0	minecraft:snowy_plains
-10000	-4500	-3500	-1000	-1900	-1100	4500	5500	0	0	-2666	-500	0	minecraft:snowy_beach
-10000	-4500	-3500	-1000	-1900	-1100	4500	5500	10000	10000	-2666	-500	0	minecraft:snowy_beach
-10000	-4500	-3500	-1000	-1100	300	4500	5500	0	0	-2666	-500	0	minecraft:snowy_plains
-10000	-4500	-3500	-1000	-1100	300	4500	5500	10000	10000	-2666	-500	0	minecraft:snowy_plains
-10000	-4500	-3500	-1000	300	10000	4500	5500	0	0	-2666	-500	0	minecraft:snowy_plains
-10000	-4500	-3500	-1000	300	10000	4500	5500	10000	10000	-2666	-500	0	minecraft:snowy_plains
-10000	-4500	-3500	-1000	-1900	-1100	5500	10000	0	0	-2666	-500	0	minecraft:snowy_beach
-10000	-4500	-3500	-1000	-1900	-1100	5500	10000	10000	10000	-2666	-500	0	minecraft:snowy_beach
-10000	-4500	-3500	-1000	-1100	10000	5500	10000	0	0	-2666	-500	0	minecraft:snowy_plains
-10000	-4500	-3500	-1000	-1100	10000	5500	10000	10000	10000	-2666	-500	0	minecraft:snowy_plains
-10000	-4500	-1000	1000	-1100	300	-10000	-3750	0	0	-2666	-500	0	minecraft:snowy_plains
-10000	-4500	-1000	1000	-1100	300	-10000	-3750	10000	10000	-2666	-500	0	minecraft:snowy_plains
-10000	-4500	-1000	1000	300	10000	-10000	-3750	0	0	-2666	-500	0	minecraft:grove
-10000	-4500	-1000	1000	300	10000	-10000	-3750	10000	10000	-2666	-500	0	minecraft:grove
-10000	-4500	-1000	1000	-1100	300	-3750	500	0	0	-2666	-500	0	minecraft:snowy_plains
-10000	-4500	-1000	1000	-1100	300	-3750	500	10000	10000	-2666	-500	0	minecraft:snowy_plains
-10000	-4500	-1000	1000	300	10000	-3750	500	0	0	-2666	-500	0	minecraft:snowy_plains
-10000	-4500	-1000	1000	300	10000	-3750	500	10000	10000	-2666	-500	0	minecraft:snowy_plains
-10000	-4500	-1000	1000	-1900	-1100	-2225	4500	0	0	-2666	-500	0	minecraft:snowy_beach
-10000	-4500	-1000	1000	-1900	-1100	-2225	4500	10000	10000	-2666	-500	0	minecraft:snowy_beach
-10000	-4500	-1000	1000	-1100	10000	500	4500	0	0	-2666	-500	0	minecraft:snowy_plains
-10000	-4500	-1000	1000	-1100	10000	500	4500	10000	10000	-2666	-500	0	minecraft:snowy_plains
-10000	-4500	-1000	1000	-1900	-1100	4500	5500	0	0	-2666	-500	0	minecraft:snowy_beach
-10000	-4500	-1000	1000	-1900	-1100	4500	5500	10000	10000	-2666	-500	0	minecraft:snowy_beach
-10000	-4500	-1000	1000	-1100	300	4500	5500	0	0	-2666	-500	0	minecraft:snowy_plains
-10000	-4500	-1000	1000	-1100	300	4500	5500	10000	10000	-2666	-500	0	minecraft:snowy_plains
-10000	-4500	-1000	1000	300	10000	4500	5500	0	0	-2666	-500	0	minecraft:snowy_plains
-10000	-4500	-1000	1000	300	10000	4500	5500	10000	10000	-2666	-500	0	minecraft:snowy_plains
-10000	-4500	-1000	1000	-1900	-1100	5500	10000	0	0	-2666	-500	0	minecraft:snowy_beach
-10000	-4500	-1000	1000	-1900	-1100	5500	10000	10000	10000	-2666	-500	0	minecraft:snowy_beach
-10000	-4500	-1000	1000	-1100	10000	5500	10000	0	0	-2666	-500	0	minecraft:snowy_plains
-10000	-4500	-1000	1000	-1100	10000	5500	10000	10000	10000	-2666	-500	0	minecraft:snowy_plains
-10000	-4500	1000	3000	-1100	300	-10000	-3750	0	0	-2666	-500	0	minecraft:snowy_taiga
-10000	-4500	1000	3000	-1100	300	-10000	-3750	10000	10000	-2666	-500	0	minecraft:snowy_taiga
-10000	-4500	1000	3000	300	10000	-10000	-3750	0	0	-2666	-500	0	minecraft:grove
-10000	-4500	1000	3000	300	10000	-10000	-3750	10000	10000	-2666	-500	0	minecraft:grove
-10000	-4500	1000	3000	-1100	300	-3750	500	0	0	-2666	-500	0	minecraft:snowy_taiga
-10000	-4500	1000	3000	-1100	300	-3750	500	10000	10000	-2666	-500	0	minecraft:snowy_taiga
-10000	-4500	1000	3000	300	10000	-3750	500	0	0	-2666	-500	0	minecraft:snowy_taiga
-10000	-4500	1000	3000	300	10000	-3750	500	10000	10000	-2666	-500	0	minecraft:snowy_taiga
-10000	-4500	1000	3000	-1900	-1100	-2225	4500	0	0	-2666	-500	0	minecraft:snowy_beach
-10000	-4500	1000	3000	-1900	-1100	-2225	4500	10000	10000	-2666	-500	0	minecraft:snowy_beach
-10000	-4500	1000	3000	-1100	10000	500	4500	0	0	-2666	-500	0	minecraft:snowy_taiga
-10000	-4500	1000	3000	-1100	10000	500	4500	10000	10000	-2666	-500	0	minecraft:snowy_taiga
-10000	-4500	1000	3000	-1900	-1100	4500	5500	0	0	-2666	-500	0	minecraft:snowy_beach
-10000	-4500	1000	3000	-1900	-1100	4500	5500	10000	10000	-2666	-500	0	minecraft:snowy_beach
-10000	-4500	1000	3000	-1100	300	4500	5500	0	0	-2666	-500	0	minecraft:snowy_taiga
-10000	-4500	1000	3000	-1100	300	4500	5500	10000	10000	-2666	-500	0	minecraft:snowy_taiga
-10000	-4500	1000	3000	300	10000	4500	5500	0	0	-2666	-500	0	minecraft:snowy_taiga
-10000	-4500	1000	3000	300	10000	4500	5500	10000	10000	-2666	-500	0	minecraft:snowy_taiga
-10000	-4500	1000	3000	-1900	-1100	5500	10000	0	0	-2666	-500	0	minecraft:snowy_beach
-10000	-4500	1000	3000	-1900	-1100	5500	10000	10000	10000	-2666	-500	0	minecraft:snowy_beach
-10000	-4500	1000	3000	-1100	10000	5500	10000	0	0	-2666	-500	0	minecraft:snowy_taiga
-10000	-4500	1000	3000	-1100	10000	5500	10000	10000	10000	-2666	-500	0	minecraft:snowy_taiga
-10000	-4500	3000	10000	-1100	300	-10000	-3750	0	0	-2666	-500	0	minecraft:taiga
-10000	-4500	3000	10000	-1100	300	-10000	-3750	10000	10000	-2666	-500	0	minecraft:taiga
-10000	-4500	3000	10000	300	10000	-10000	-3750	0	0	-2666	-500	0	minecraft:grove
-10000	-4500	3000	10000	300	10000	-10000	-3750	10000	10000	-2666	-500	0	minecraft:grove
-10000	-4500	3000	10000	-1100	300	-3750	500	0	0	-2666	-500	0	minecraft:taiga
-10000	-4500	3000	10000	-1100	300	-3750	500	10000	10000	-2666	-500	0	minecraft:taiga
-10000	-4500	3000	10000	300	10000	-3750	500	0	0	-2666	-500	0	minecraft:taiga
-10000	-4500	3000	10000	300	10000	-3750	500	10000	10000	-2666	-500	0	minecraft:taiga
-10000	-4500	3000	10000	-1900	-1100	-2225	4500	0	0	-2666	-500	0	minecraft:snowy_beach
-10000	-4500	3000	10000	-1900	-1100	-2225	4500	10000	10000	-2666	-500	0	minecraft:snowy_beach
-10000	-4500	3000	10000	-1100	10000	500	4500	0	0	-2666	-500	0	minecraft:taiga
-10000	-4500	3000	10000	-1100	10000	500	4500	10000	10000	-2666	-500	0	minecraft:taiga
-10000	-4500	3000	10000	-1900	-1100	4500	5500	0	0	-2666	-500	0	minecraft:snowy_beach
-10000	-4500	3000	10000	-1900	-1100	4500	5500	10000	10000	-2666	-500	0	minecraft:snowy_beach
-10000	-4500	3000	10000	-1100	300	4500	5500	0	0	-2666	-500	0	minecraft:taiga
-10000	-4500	3000	10000	-1100	300	4500	5500	10000	10000	-2666	-500	0	minecraft:taiga
-10000	-4500	3000	10000	300	10000	4500	5500	0	0	-2666	-500	0	minecraft:taiga
-10000	-4500	3000	10000	300	10000	4500	5500	10000	10000	-2666	-500	0	minecraft:taiga
-10000	-4500	3000	10000	-1900	-1100	5500	10000	0	0	-2666	-500	0	minecraft:snowy_beach
-10000	-4500	3000	10000	-1900	-1100	5500	10000	10000	10000	-2666	-500	0	minecraft:snowy_beach
-10000	-4500	3000	10000	-1100	10000	5500	10000	0	0	-2666	-500	0	minecraft:taiga
-10000	-4500	3000	10000	-1100	10000	5500	10000	10000	10000	-2666	-500	0	minecraft:taiga
-4500	-1500	-10000	-3500	-1100	300	-10000	-3750	0	0	-2666	-500	0	minecraft:plains
-4500	-1500	-10000	-3500	-1100	300	-10000	-3750	10000	10000	-2666	-500	0	minecraft:plains
-4500	-1500	-10000	-3500	300	10000	-10000	-3750	0	0	-2666	-500	0	minecraft:plains
-4500	-1500	-10000	-3500	300	10000	-10000	-3750	10000	10000	-2666	-500	0	minecraft:plains
-4500	-1500	-10000	-3500	-1100	300	-3750	500	0	0	-2666	-500	0	minecraft:plains
-4500	-1500	-10000	-3500	-1100	300	-3750	500	10000	10000	-2666	-500	0	minecraft:plains
-4500	-1500	-10000	-3500	300	10000	-3750	500	0	0	-2666	-500	0	minecraft:plains
-4500	-1500	-10000	-3500	300	10000	-3750	500	10000	10000	-2666	-500	0	minecraft:plains
-4500	-1500	-10000	-3500	-1900	-1100	-2225	4500	0	0	-2666	-500	0	minecraft:beach
-4500	-1500	-10000	-3500	-1900	-1100	-2225	4500	10000	10000	-2666	-500	0	minecraft:beach
-4500	-1500	-10000	-3500	-1100	10000	500	4500	0	0	-2666	-500	0	minecraft:plains
-4500	-1500	-10000	-3500	-1100	10000	500	4500	10000	10000	-2666	-500	0	minecraft:plains
-4500	-1500	-10000	-3500	-1900	-1100	4500	5500	0	0	-2666	-500	0	minecraft:beach
-4500	-1500	-10000	-3500	-1900	-1100	4500	5500	10000	10000	-2666	-500	0	minecraft:beach
-4500	-1500	-10000	-3500	-1100	300	4500	5500	0	0	-2666	-500	0	minecraft:plains
-4500	-1500	-10000	-3500	-1100	300	4500	5500	10000	10000	-2666	-500	0	minecraft:plains
-4500	-1500	-10000	-3500	300	10000	4500	5500	0	0	-2666	-500	0	minecraft:plains
-4500	-1500	-10000	-3500	300	10000	4500	5500	10000	10000	-2666	-500	0	minecraft:plains
-4500	-1500	-10000	-3500	-1900	-1100	5500	10000	0	0	-2666	-500	0	minecraft:beach
-4500	-1500	-10000	-3500	-1900	-1100	5500	10000	10000	10000	-2666	-500	0	minecraft:beach
-4500	-1500	-3500	-1000	-1100	300	-10000	-3750	0	0	-2666	-500	0	minecraft:plains
-4500	-1500	-3500	-1000	-1100	300	-10000	-3750	10000	10000	-2666	-500	0	minecraft:plains
-4500	-1500	-3500	-1000	300	10000	-10000	-3750	0	0	-2666	-500	0	minecraft:plains
-4500	-1500	-3500	-1000	300	10000	-10000	-3750	10000	10000	-2666	-500	0	minecraft:plains
-4500	-1500	-3500	-1000	-1100	300	-3750	500	0	0	-2666	-500	0	minecraft:plains
-4500	-1500	-3500	-1000	-1100	300	-3750	500	10000	10000	-2666	-500	0	minecraft:plains
-4500	-1500	-3500	-1000	300	10000	-3750	500	0	0	-2666	-500	0	minecraft:plains
-4500	-1500	-3500	-1000	300	10000	-3750	500	10000	10000	-2666	-500	0	minecraft:plains
-4500	-1500	-3500	-1000	-1900	-1100	-2225	4500	0	0	-2666	-500	0	minecraft:beach
-4500	-1500	-3500	-1000	-1900	-1100	-2225	4500	10000	10000	-2666	-500	0	minecraft:beach
-4500	-1500	-3500	-1000	-1100	10000	500	4500	0	0	-2666	-500	0	minecraft:plains
-4500	-1500	-3500	-1000	-1100	10000	500	4500	10000	10000	-2666	-500	0	minecraft:plains
-4500	-1500	-3500	-1000	-1900	-1100	4500	5500	0	0	-2666	-500	0	minecraft:beach
-4500	-1500	-3500	-1000	-1900	-1100	4500	5500	10000	10000	-2666	-500	0	minecraft:beach
-4500	-1500	-3500	-1000	-1100	300	4500	5500	0	0	-2666	-500	0	minecraft:plains
-4500	-1500	-3500	-1000	-1100	300	4500	5500	10000	10000	-2666	-500	0	minecraft:plains
-4500	-1500	-3500	-1000	300	10000	4500	5500	0	0	-2666	-500	0	minecraft:plains
-4500	-1500	-3500	-1000	300	10000	4500	5500	10000	10000	-2666	-500	0	minecraft:plains
-4500	-1500	-3500	-1000	-1900	-1100	5500	10000	0	0	-2666	-500	0	minecraft:beach
-4500	-1500	-3500	-1000	-1900	-1100	5500	10000	10000	10000	-2666	-500	0	minecraft:beach
-4500	-1500	-1000	1000	-1100	300	-10000	-3750	0	0	-2666	-500	0	minecraft:forest
-4500	-1500	-1000	1000	-1100	300	-10000	-3750	10000	10000	-2666	-500	0	minecraft:forest
-4500	-1500	-1000	1000	300	10000	-10000	-3750	0	0	-2666	-500	0	minecraft:forest
-4500	-1500	-1000	1000	300	10000	-10000	-3750	10000	10000	-2666	-500	0	minecraft:forest
-4500	-1500	-1000	1000	-1100	300	-3750	500	0	0	-2666	-500	0	minecraft:forest
-4500	-1500	-1000	1000	-1100	300	-3750	500	10000	10000	-2666	-500	0	minecraft:forest
-4500	-1500	-1000	1000	300	10000	-3750	500	0	0	-2666	-500	0	minecraft:forest
-4500	-1500	-1000	1000	300	10000	-3750	500	10000	10000	-2666	-500	0	minecraft:forest
-4500	-1500	-1000	1000	-1900	-1100	-2225	4500	0	0	-2666	-500	0	minecraft:beach
-4500	-1500	-1000	1000	-1900	-1100	-2225	4500	10000	10000	-2666	-500	0	minecraft:beach
-4500	-1500	-1000	1000	-1100	10000	500	4500	0	0	-2666	-500	0	minecraft:forest
-4500	-1500	-1000	1000	-1100	10000	500	4500	10000	10000	-2666	-500	0	minecraft:forest
-4500	-1500	-1000	1000	-1900	-1100	4500	5500	0	0	-2666	-500	0	minecraft:beach
-4500	-1500	-1000	1000	-1900	-1100	4500	5500	10000	10000	-2666	-500	0	minecraft:beach
-4500	-1500	-1000	1000	-1100	300	4500	5500	0	0	-2666	-500	0	minecraft:forest
-4500	-1500	-1000	1000	-1100	300	4500	5500	10000	10000	-2666	-500	0	minecraft:forest
-4500	-1500	-1000	1000	300	10000	4500	5500	0	0	-2666	-500	0	minecraft:forest
-4500	-1500	-1000	1000	300	10000	4500	5500	10000	10000	-2666	-500	0	minecraft:forest
-4500	-1500	-1000	1000	-1900	-1100	5500	10000	0	0	-2666	-500	0	minecraft:beach
-4500	-1500	-1000	1000	-1900	-1100	5500	10000	10000	10000	-2666	-500	0	minecraft:beach
-4500	-1500	1000	3000	-1100	300	-10000	-3750	0	0	-2666	-500	0	minecraft:taiga
-4500	-1500	1000	3000	-1100	300	-10000	-3750	10000	10000	-2666	-500	0	minecraft:taiga
-4500	-1500	1000	3000	300	10000	-10000	-3750	0	0	-2666	-500	0	minecraft:taiga
-4500	-1500	1000	3000	300	10000	-10000	-3750	10000	10000	-2666	-500	0	minecraft:taiga
-4500	-1500	1000	3000	-1100	300	-3750	500	0	0	-2666	-500	0	minecraft:taiga
-4500	-1500	1000	3000	-1100	300	-3750	500	10000	10000	-2666	-500	0	minecraft:taiga
-4500	-1500	1000	3000	300	10000	-3750	500	0	0	-2666	-500	0	minecraft:taiga
-4500	-1500	1000	3000	300	10000	-3750	500	10000	10000	-2666	-500	0	minecraft:taiga
-4500	-1500	1000	3000	-1900	-1100	-2225	4500	0	0	-2666	-500	0	minecraft:beach
-4500	-1500	1000	3000	-1900	-1100	-2225	4500	10000	10000	-2666	-500	0	minecraft:beach
-4500	-1500	1000	3000	-1100	10000	500	4500	0	0	-2666	-500	0	minecraft:taiga
-4500	-1500	1000	3000	-1100	10000	500	4500	10000	10000	-2666	-500	0	minecraft:taiga
-4500	-1500	1000	3000	-1900	-1100	4500	5500	0	0	-2666	-500	0	minecraft:beach
-4500	-1500	1000	3000	-1900	-1100	4500	5500	10000	10000	-2666	-500	0	minecraft:beach
-4500	-1500	1000	3000	-1100	300	4500	5500	0	0	-2666	-500	0	minecraft:taiga
-4500	-1500	1000	3000	-1100	300	4500	5500	10000	10000	-2666	-500	0	minecraft:taiga
-4500	-1500	1000	3000	300	10000	4500	5500	0	0	-2666	-500	0	minecraft:taiga
-4500	-1500	1000	3000	300	10000	4500	5500	10000	10000	-2666	-500	0	minecraft:taiga
-4500	-1500	1000	3000	-1900	-1100	5500	10000	0	0	-2666	-500	0	minecraft:beach
-4500	-1500	1000	3000	-1900	-1100	5500	10000	10000	10000	-2666	-500	0	minecraft:beach
-4500	-1500	3000	10000	-1100	300	-10000	-3750	0	0	-2666	-500	0	minecraft:old_growth_spruce_taiga
-4500	-1500	3000	10000	-1100	300	-10000	-3750	10000	10000	-2666	-500	0	minecraft:old_growth_spruce_taiga
-4500	-1500	3000	10000	300	10000	-10000	-3750	0	0	-2666	-500	0	minecraft:old_growth_spruce_taiga
-4500	-1500	3000	10000	300	10000	-10000	-3750	10000	10000	-2666	-500	0	minecraft:old_growth_spruce_taiga
-4500	-1500	3000	10000	-1100	300	-3750	500	0	0	-2666	-500	0	minecraft:old_growth_spruce_taiga
-4500	-1500	3000	10000	-1100	300	-3750	500	10000	10000	-2666	-500	0	minecraft:old_growth_spruce_taiga
-4500	-1500	3000	10000	300	10000	-3750	500	0	0	-2666	-500	0	minecraft:old_growth_spruce_taiga
-4500	-1500	3000	10000	300	10000	-3750	500	10000	10000	-2666	-500	0	minecraft:old_growth_spruce_taiga
-4500	-1500	3000	10000	-1900	-1100	-2225	4500	0	0	-2666	-500	0	minecraft:beach
-4500	-1500	3000	10000	-1900	-1100	-2225	4500	10000	10000	-2666	-500	0	minecraft:beach
-4500	-1500	3000	10000	-1100	10000	500	4500	0	0	-2666	-500	0	minecraft:old_growth_spruce_taiga
-4500	-1500	3000	10000	-1100	10000	500	4500	10000	10000	-2666	-500	0	minecraft:old_growth_spruce_taiga
-4500	-1500	3000	10000	-1900	-1100	4500	5500	0	0	-2666	-500	0	minecraft:beach
-4500	-1500	3000	10000	-1900	-1100	4500	5500	10000	10000	-2666	-500	0	minecraft:beach
-4500	-1500	3000	10000	-1100	300	4500	5500	0	0	-2666	-500	0	minecraft:old_growth_spruce_taiga
-4500	-1500	3000	10000	-1100	300	4500	5500	10000	10000	-2666	-500	0	minecraft:old_growth_spruce_taiga
-4500	-1500	3000	10000	300	10000	4500	5500	0	0	-2666	-500	0	minecraft:old_growth_spruce_taiga
-4500	-1500	3000	10000	300	10000	4500	5500	10000	10000	-2666	-500	0	minecraft:old_growth_spruce_taiga
-4500	-1500	3000	10000	-1900	-1100	5500	10000	0	0	-2666	-500	0	minecraft:beach
-4500	-1500	3000	10000	-1900	-1100	5500	10000	10000	10000	-2666	-500	0	minecraft:beach
-1500	2000	-10000	-3500	-1100	300	-10000	-3750	0	0	-2666	-500	0	minecraft:flower_forest
-1500	2000	-10000	-3500	-1100	300	-10000	-3750	10000	10000	-2666	-500	0	minecraft:flower_forest
-1500	2000	-10000	-3500	300	10000	-10000	-3750	0	0	-2666	-500	0	minecraft:flower_forest
-1500	2000	-10000	-3500	300	10000	-10000	-3750	10000	10000	-2666	-500	0	minecraft:flower_forest
-1500	2000	-10000	-3500	-1100	300	-3750	500	0	0	-2666	-500	0	minecraft:flower_forest
-1500	2000	-10000	-3500	-1100	300	-3750	500	10000	10000	-2666	-500	0	minecraft:flower_forest
-1500	2000	-10000	-3500	300	10000	-3750	500	0	0	-2666	-500	0	minecraft:flower_forest
-1500	2000	-10000	-3500	300	10000	-3750	500	10000	10000	-2666	-500	0	minecraft:flower_forest
-1500	2000	-10000	-3500	-1900	-1100	-2225	4500	0	0	-2666	-500	0	minecraft:beach
-1500	2000	-10000	-3500	-1900	-1100	-2225	4500	10000	10000	-2666	-500	0	minecraft:beach
-1500	2000	-10000	-3500	-1100	10000	500	4500	0	0	-2666	-500	0	minecraft:flower_forest
-1500	2000	-10000	-3500	-1100	10000	500	4500	10000	10000	-2666	-500	0	minecraft:flower_forest
-1500	2000	-10000	-3500	-1900	-1100	4500	5500	0	0	-2666	-500	0	minecraft:beach
-1500	2000	-10000	-3500	-1900	-1100	4500	5500	10000	10000	-2666	-500	0	minecraft:beach
-1500	2000	-10000	-3500	-1100	300	4500	5500	0	0	-2666	-500	0	minecraft:flower_forest
-1500	2000	-10000	-3500	-1100	300	4500	5500	10000	10000	-2666	-500	0	minecraft:flower_forest
-1500	2000	-10000	-3500	300	10000	4500	5500	0	0	-2666	-500	0	minecraft:flower_forest
-1500	2000	-10000	-3500	300	10000	4500	5500	10000	10000	-2666	-500	0	minecraft:flower_forest
-1500	2000	-10000	-3500	-1900	-1100	5500	10000	0	0	-2666	-500	0	minecraft:beach
-1500	2000	-10000	-3500	-1900	-1100	5500	10000	10000	10000	-2666	-500	0	minecraft:beach
-1500	2000	-3500	-1000	-1100	300	-10000	-3750	0	0	-2666	-500	0	minecraft:plains
-1500	2000	-3500	-1000	-1100	300	-10000	-3750	10000	10000	-2666	-500	0	minecraft:plains
-1500	2000	-3500	-1000	300	10000	-10000	-3750	0	0	-2666	-500	0	minecraft:plains
-1500	2000	-3500	-1000	300	10000	-10000	-3750	10000	10000	-2666	-500	0	minecraft:plains
-1500	2000	-3500	-1000	-1100	300	-3750	500	0	0	-2666	-500	0	minecraft:plains
-1500	2000	-3500	-1000	-1100	300	-3750	500	10000	10000	-2666	-500	0	minecraft:plains
-1500	2000	-3500	-1000	300	10000	-3750	500	0	0	-2666	-500	0	minecraft:plains
-1500	2000	-3500	-1000	300	10000	-3750	500	10000	10000	-2666	-500	0	minecraft:plains
-1500	2000	-3500	-1000	-1900	-1100	-2225	4500	0	0	-2666	-500	0	minecraft:beach
-1500	2000	-3500	-1000	-1900	-1100	-2225	4500	10000	10000	-2666	-500	0	minecraft:beach
-1500	2000	-3500	-1000	-1100	10000	500	4500	0	0	-2666	-500	0	minecraft:plains
-1500	2000	-3500	-1000	-1100	10000	500	4500	10000	10000	-2666	-500	0	minecraft:plains
-1500	2000	-3500	-1000	-1900	-1100	4500	5500	0	0	-2666	-500	0	minecraft:beach
-1500	2000	-3500	-1000	-1900	-1100	4500	5500	10000	10000	-2666	-500	0	minecraft:beach
-1500	2000	-3500	-1000	-1100	300	4500	5500	0	0	-2666	-500	0	minecraft:plains
-1500	2000	-3500	-1000	-1100	300	4500	5500	10000	10000	-2666	-500	0	minecraft:plains
-1500	2000	-3500	-1000	300	10000	4500	5500	0	0	-2666	-500	0	minecraft:plains
-1500	2000	-3500	-1000	300	10000	4500	5500	10000	10000	-2666	-500	0	minecraft:plains
-1500	2000	-3500	-1000	-1900	-1100	5500	10000	0	0	-2666	-500	0	minecraft:beach
-1500	2000	-3500	-1000	-1900	-1100	5500	10000	10000	10000	-2666	-500	0	minecraft:beach
-1500	2000	-1000	1000	-1100	300	-10000	-3750	0	0	-2666	-500	0	minecraft:forest
-1500	2000	-1000	1000	-1100	300	-10000	-3750	10000	10000	-2666	-500	0	minecraft:forest
-1500	2000	-1000	1000	300	10000	-10000	-3750	0	0	-2666	-500	0	minecraft:forest
-1500	2000	-1000	1000	300	10000	-10000	-3750	10000	10000	-2666	-500	0	minecraft:forest
-1500	2000	-1000	1000	-1100	300	-3750	500	0	0	-2666	-500	0	minecraft:forest
-1500	2000	-1000	1000	-1100	300	-3750	500	10000	10000	-2666	-500	0	minecraft:forest
-1500	2000	-1000	1000	300	10000	-3750	500	0	0	-2666	-500	0	minecraft:forest
-1500	2000	-1000	1000	300	10000	-3750	500	10000	10000	-2666	-500	0	minecraft:forest
-1500	2000	-1000	1000	-1900	-1100	-2225	4500	0	0	-2666	-500	0	minecraft:beach
-1500	2000	-1000	1000	-1900	-1100	-2225	4500	10000	10000	-2666	-500	0	minecraft:beach
-1500	2000	-1000	1000	-1100	10000	500	4500	0	0	-2666	-500	0	minecraft:forest
-1500	2000	-1000	1000	-1100	10000	500	4500	10000	10000	-2666	-500	0	minecraft:forest
-1500	2000	-1000	1000	-1900	-1100	4500	5500	0	0	-2666	-500	0	minecraft:beach
-1500	2000	-1000	1000	-1900	-1100	4500	5500	10000	10000	-2666	-500	0	minecraft:beach
-1500	2000	-1000	1000	-1100	300	4500	5500	0	0	-2666	-500	0	minecraft:forest
-1500	2000	-1000	1000	-1100	300	4500	5500	10000	10000	-2666	-500	0	minecraft:forest
-1500	2000	-1000	1000	300	10000	4500	5500	0	0	-2666	-500	0	minecraft:forest
-1500	2000	-1000	1000	300	10000	4500	5500	10000	10000	-2666	-500	0	minecraft:forest
-1500	2000	-1000	1000	-1900	-1100	5500	10000	0	0	-2666	-500	0	minecraft:beach
-1500	2000	-1000	1000	-1900	-1100	5500	10000	10000	10000	-2666	-500	0	minecraft:beach
-1500	2000	1000	3000	-1100	300	-10000	-3750	0	0	-2666	-500	0	minecraft:birch_forest
-1500	2000	1000	3000	-1100	300	-10000	-3750	10000	10000	-2666	-500	0	minecraft:birch_forest
-1500	2000	1000	3000	300	10000	-10000	-3750	0	0	-2666	-500	0	minecraft:birch_forest
-1500	2000	1000	3000	300	10000	-10000	-3750	10000	10000	-2666	-500	0	minecraft:birch_forest
-1500	2000	1000	3000	-1100	300	-3750	500	0	0	-2666	-500	0	minecraft:birch_forest
-1500	2000	1000	3000	-1100	300	-3750	500	10000	10000	-2666	-500	0	minecraft:birch_forest
-1500	2000	1000	3000	300	10000	-3750	500	0	0	-2666	-500	0	minecraft:birch_forest
-1500	2000	1000	3000	300	10000	-3750	500	10000	10000	-2666	-500	0	minecraft:birch_forest
-1500	2000	1000	3000	-1900	-1100	-2225	4500	0	0	-2666	-500	0	minecraft:beach
-1500	2000	1000	3000	-1900	-1100	-2225	4500	10000	10000	-2666	-500	0	minecraft:beach
-1500	2000	1000	3000	-1100	10000	500	4500	0	0	-2666	-500	0	minecraft:birch_forest
-1500	2000	1000	3000	-1100	10000	500	4500	10000	10000	-2666	-500	0	minecraft:birch_forest
-1500	2000	1000	3000	-1900	-1100	4500	5500	0	0	-2666	-500	0	minecraft:beach
-1500	2000	1000	3000	-1900	-1100	4500	5500	10000	10000	-2666	-500	0	minecraft:beach
-1500	2000	1000	3000	-1100	300	4500	5500	0	0	-2666	-500	0	minecraft:birch_forest
-1500	2000	1000	3000	-1100	300	4500	5500	10000	10000	-2666	-500	0	minecraft:birch_forest
-1500	2000	1000	3000	300	10000	4500	5500	0	0	-2666	-500	0	minecraft:birch_forest
-1500	2000	1000	3000	300	10000	4500	5500	10000	10000	-2666	-500	0	minecraft:birch_forest
-1500	2000	1000	3000	-1900	-1100	5500	10000	0	0	-2666	-500	0	minecraft:beach
-1500	2000	1000	3000	-1900	-1100	5500	10000	10000	10000	-2666	-500	0	minecraft:beach
-1500	2000	3000	10000	-1100	300	-10000	-3750	0	0	-2666	-500	0	minecraft:dark_forest
-1500	2000	3000	10000	-1100	300	-10000	-3750	10000	10000	-2666	-500	0	minecraft:dark_forest
-1500	2000	3000	10000	300	10000	-10000	-3750	0	0	-2666	-500	0	minecraft:dark_forest
-1500	2000	3000	10000	300	10000	-10000	-3750	10000	10000	-2666	-500	0	minecraft:dark_forest
-1500	2000	3000	10000	-1100	300	-3750	500	0	0	-2666	-500	0	minecraft:dark_forest
-1500	2000	3000	10000	-1100	300	-3750	500	10000	10000	-2666	-500	0	minecraft:dark_forest
-1500	2000	3000	10000	300	10000	-3750	500	0	0	-2666	-500	0	minecraft:dark_forest
-1500	2000	3000	10000	300	10000	-3750	500	10000	10000	-2666	-500	0	minecraft:dark_forest
-1500	2000	3000	10000	-1900	-1100	-2225	4500	0	0	-2666	-500	0	minecraft:beach
-1500	2000	3000	10000	-1900	-1100	-2225	4500	10000	10000	-2666	-500	0	minecraft:beach
-1500	2000	3000	10000	-1100	10000	500	4500	0	0	-2666	-500	0	minecraft:dark_forest
-1500	2000	3000	10000	-1100	10000	500	4500	10000	10000	-2666	-500	0	minecraft:dark_forest
-1500	2000	3000	10000	-1900	-1100	4500	5500	0	0	-2666	-500	0	minecraft:beach
-1500	2000	3000	10000	-1900	-1100	4500	5500	10000	10000	-2666	-500	0	minecraft:beach
-1500	2000	3000	10000	-1100	300	4500	5500	0	0	-2666	-500	0	minecraft:dark_forest
-1500	2000	3000	10000	-1100	300	4500	5500	10000	10000	-2666	-500	0	minecraft:dark_forest
-1500	2000	3000	10000	300	10000	4500	5500	0	0	-2666	-500	0	minecraft:dark_forest
-1500	2000	3000	10000	300	10000	4500	5500	10000	10000	-2666	-500	0	minecraft:dark_forest
-1500	2000	3000	10000	-1900	-1100	5500	10000	0	0	-2666	-500	0	minecraft:beach
-1500	2000	3000	10000	-1900	-1100	5500	10000	10000	10000	-2666	-500	0	minecraft:beach
2000	5500	-10000	-3500	-1100	300	-10000	-3750	0	0	-2666	-500	0	minecraft:savanna
2000	5500	-10000	-3500	-1100	300	-10000	-3750	10000	10000	-2666	-500	0	minecraft:savanna
2000	5500	-10000	-3500	300	10000	-10000	-3750	0	0	-2666	-500	0	minecraft:savanna
2000	5500	-10000	-3500	300	10000	-10000	-3750	10000	10000	-2666	-500	0	minecraft:savanna
2000	5500	-10000	-3500	-1100	300	-3750	500	0	0	-2666	-500	0	minecraft:savanna
2000	5500	-10000	-3500	-1100	300	-3750	500	10000	10000	-2666	-500	0	minecraft:savanna
2000	5500	-10000	-3500	300	10000	-3750	500	0	0	-2666	-500	0	minecraft:savanna
2000	5500	-10000	-3500	300	10000	-3750	500	10000	10000	-2666	-500	0	minecraft:savanna
2000	5500	-10000	-3500	-1900	-1100	-2225	4500	0	0	-2666	-500	0	minecraft:beach
2000	5500	-10000	-3500	-1900	-1100	-2225	4500	10000	10000	-2666	-500	0	minecraft:beach
2000	5500	-10000	-3500	-1100	10000	500	4500	0	0	-2666	-500	0	minecraft:savanna
2000	5500	-10000	-3500	-1100	10000	500	4500	10000	10000	-2666	-500	0	minecraft:savanna
2000	5500	-10000	-3500	-1900	-1100	4500	5500	0	0	-2666	-500	0	minecraft:beach
2000	5500	-10000	-3500	-1900	-1100	4500	5500	10000	10000	-2666	-500	0	minecraft:beach
2000	5500	-10000	-3500	-1100	300	4500	5500	0	0	-2666	-500	0	minecraft:savanna
2000	5500	-10000	-3500	-1100	300	4500	5500	10000	10000	-2666	-500	0	minecraft:savanna
2000	5500	-10000	-3500	300	10000	4500	5500	0	0	-2666	-500	0	minecraft:savanna
2000	5500	-10000	-3500	300	10000	4500	5500	10000	10000	-2666	-500	0	minecraft:savanna
2000	5500	-10000	-3500	-1900	-1100	5500	10000	0	0	-2666	-500	0	minecraft:beach
2000	5500	-10000	-3500	-1900	-1100	5500	10000	10000	10000	-2666	-500	0	minecraft:beach
2000	5500	-3500	-1000	-1100	300	-10000	-3750	0	0	-2666	-500	0	minecraft:savanna
2000	5500	-3500	-1000	-1100	300	-10000	-3750	10000	10000	-2666	-500	0	minecraft:savanna
2000	5500	-3500	-1000	300	10000	-10000	-3750	0	0	-2666	-500	0	minecraft:savanna
2000	5500	-3500	-1000	300	10000	-10000	-3750	10000	10000	-2666	-500	0	minecraft:savanna
2000	5500	-3500	-1000	-1100	300	-3750	500	0	0	-2666	-500	0	minecraft:savanna
2000	5500	-3500	-1000	-1100	300	-3750	500	10000	10000	-2666	-500	0	minecraft:savanna
2000	5500	-3500	-1000	300	10000	-3750	500	0	0	-2666	-500	0	minecraft:savanna
2000	5500	-3500	-1000	300	10000	-3750	500	10000	10000	-2666	-500	0	minecraft:savanna
2000	5500	-3500	-1000	-1900	-1100	-2225	4500	0	0	-2666	-500	0	minecraft:beach
2000	5500	-3500	-1000	-1900	-1100	-2225	4500	10000	10000	-2666	-500	0	minecraft:beach
2000	5500	-3500	-1000	-1100	10000	500	4500	0	0	-2666	-500	0	minecraft:savanna
2000	5500	-3500	-1000	-1100	10000	500	4500	10000	10000	-2666	-500	0	minecraft:savanna
2000	5500	-3500	-1000	-1900	-1100	4500	5500	0	0	-2666	-500	0	minecraft:beach
2000	5500	-3500	-1000	-1900	-1100	4500	5500	10000	10000	-2666	-500	0	minecraft:beach
2000	5500	-3500	-1000	-1100	300	4500	5500	0	0	-2666	-500	0	minecraft:savanna
2000	5500	-3500	-1000	-1100	300	4500	5500	10000	10000	-2666	-500	0	minecraft:savanna
2000	5500	-3500	-1000	300	10000	4500	5500	0	0	-2666	-500	0	minecraft:savanna
2000	5500	-3500	-1000	300	10000	4500	5500	10000	10000	-2666	-500	0	minecraft:savanna
2000	5500	-3500	-1000	-1900	-1100	5500	10000	0	0	-2666	-500	0	minecraft:beach
2000	5500	-3500	-1000	-1900	-1100	5500	10000	10000	10000	-2666	-500	0	minecraft:beach
2000	5500	-1000	1000	-1100	300	-10000	-3750	0	0	-2666	-500	0	minecraft:forest
2000	5500	-1000	1000	-1100	300	-10000	-3750	10000	10000	-2666	-500	0	minecraft:forest
2000	5500	-1000	1000	300	10000	-10000	-3750	0	0	-2666	-500	0	minecraft:forest
2000	5500	-1000	1000	300	10000	-10000	-3750	10000	10000	-2666	-500	0	minecraft:forest
2000	5500	-1000	1000	-1100	300	-3750	500	0	0	-2666	-500	0	minecraft:forest
2000	5500	-1000	1000	-1100	300	-3750	500	10000	10000	-2666	-500	0	minecraft:forest
2000	5500	-1000	1000	300	10000	-3750	500	0	0	-2666	-500	0	minecraft:forest
2000	5500	-1000	1000	300	10000	-3750	500	10000	10000	-2666	-500	0	minecraft:forest
2000	5500	-1000	1000	-1900	-1100	-2225	4500	0	0	-2666	-500	0	minecraft:beach
2000	5500	-1000	1000	-1900	-1100	-2225	4500	10000	10000	-2666	-500	0	minecraft:beach
2000	5500	-1000	1000	-1100	10000	500	4500	0	0	-2666	-500	0	minecraft:forest
2000	5500	-1000	1000	-1100	10000	500	4500	10000	10000	-2666	-500	0	minecraft:forest
2000	5500	-1000	1000	-1900	-1100	4500	5500	0	0	-2666	-500	0	minecraft:beach
2000	5500	-1000	1000	-1900	-1100	4500	5500	10000	10000	-2666	-500	0	minecraft:beach
2000	5500	-1000	1000	-1100	300	4500	5500	0	0	-2666	-500	0	minecraft:forest
2000	5500	-1000	1000	-1100	300	4500	5500	10000	10000	-2666	-500	0	minecraft:forest
2000	5500	-1000	1000	300	10000	4500	5500	0	0	-2666	-500	0	minecraft:forest
2000	5500	-1000	1000	300	10000	4500	5500	10000	10000	-2666	-500	0	minecraft:forest
2000	5500	-1000	1000	-1900	-1100	5500	10000	0	0	-2666	-500	0	minecraft:beach
2000	5500	-1000	1000	-1900	-1100	5500	10000	10000	10000	-2666	-500	0	minecraft:beach
2000	5500	1000	3000	-1100	300	-10000	-3750	0	0	-2666	-500	0	minecraft:jungle
2000	5500	1000	3000	-1100	300	-10000	-3750	10000	10000	-2666	-500	0	minecraft:jungle
2000	5500	1000	3000	300	10000	-10000	-3750	0	0	-2666	-500	0	minecraft:jungle
2000	5500	1000	3000	300	10000	-10000	-3750	10000	10000	-2666	-500	0	minecraft:jungle
2000	5500	1000	3000	-1100	300	-3750	500	0	0	-2666	-500	0	minecraft:jungle
2000	5500	1000	3000	-1100	300	-3750	500	10000	10000	-2666	-500	0	minecraft:jungle
2000	5500	1000	3000	300	10000	-3750	500	0	0	-2666	-500	0	minecraft:jungle
2000	5500	1000	3000	300	10000	-3750	500	10000	10000	-2666	-500	0	minecraft:jungle
2000	5500	1000	3000	-1900	-1100	-2225	4500	0	0	-2666	-500	0	minecraft:beach
2000	5500	1000	3000	-1900	-1100	-2225	4500	10000	10000	-2666	-500	0	minecraft:beach
2000	5500	1000	3000	-1100	10000	500	4500	0	0	-2666	-500	0	minecraft:jungle
2000	5500	1000	3000	-1100	10000	500	4500	10000	10000	-2666	-500	0	minecraft:jungle
2000	5500	1000	3000	-1900	-1100	4500	5500	0	0	-2666	-500	0	minecraft:beach
2000	5500	1000	3000	-1900	-1100	4500	5500	10000	10000	-2666	-500	0	minecraft:beach
2000	5500	1000	3000	-1100	300	4500	5500	0	0	-2666	-500	0	minecraft:jungle
2000	5500	1000	3000	-1100	300	4500	5500	10000	10000	-2666	-500	0	minecraft:jungle
2000	5500	1000	3000	300	10000	4500	5500	0	0	-2666	-500	0	minecraft:jungle
2000	5500	1000	3000	300	10000	4500	5500	10000	10000	-2666	-500	0	minecraft:jungle
2000	5500	1000	3000	-1900	-1100	5500	10000	0	0	-2666	-500	0	minecraft:beach
2000	5500	1000	3000	-1900	-1100	5500	10000	10000	10000	-2666	-500	0	minecraft:beach
2000	5500	3000	10000	-1100	300	-10000	-3750	0	0	-2666	-500	0	minecraft:jungle
2000	5500	3000	10000	-1100	300	-10000	-3750	10000	10000	-2666	-500	0	minecraft:jungle
2000	5500	3000	10000	300	10000	-10000	-3750	0	0	-2666	-500	0	minecraft:jungle
2000	5500	3000	10000	300	10000	-10000	-3750	10000	10000	-2666	-500	0	minecraft:jungle
2000	5500	3000	10000	-1100	300	-3750	500	0	0	-2666	-500	0	minecraft:jungle
2000	5500	3000	10000	-1100	300	-3750	500	10000	10000	-2666	-500	0	minecraft:jungle
2000	5500	3000	10000	300	10000	-3750	500	0	0	-2666	-500	0	minecraft:jungle
2000	5500	3000	10000	300	10000	-3750	500	10000	10000	-2666	-500	0	minecraft:jungle
2000	5500	3000	10000	-1900	-1100	-2225	4500	0	0	-2666	-500	0	minecraft:beach
2000	5500	3000	10000	-1900	-1100	-2225	4500	10000	10000	-2666	-500	0	minecraft:beach
2000	5500	3000	10000	-1100	10000	500	4500	0	0	-2666	-500	0	minecraft:jungle
2000	5500	3000	10000	-1100	10000	500	4500	10000	10000	-2666	-500	0	minecraft:jungle
2000	5500	3000	10000	-1900	-1100	4500	5500	0	0	-2666	-500	0	minecraft:beach
2000	5500	3000	10000	-1900	-1100	4500	5500	10000	10000	-2666	-500	0	minecraft:beach
2000	5500	3000	10000	-1100	300	4500	5500	0	0	-2666	-500	0	minecraft:jungle
2000	5500	3000	10000	-1100	300	4500	5500	10000	10000	-2666	-500	0	minecraft:jungle
2000	5500	3000	10000	300	10000	4500	5500	0	0	-2666	-500	0	minecraft:jungle
2000	5500	3000	10000	300	10000	4500	5500	10000	10000	-2666	-500	0	minecraft:jungle
2000	5500	3000	10000	-1900	-1100	5500	10000	0	0	-2666	-500	0	minecraft:beach
2000	5500	3000	10000	-1900	-1100	5500	10000	10000	10000	-2666	-500	0	minecraft:beach
5500	10000	-10000	-3500	-1100	300	-10000	-3750	0	0	-2666	-500	0	minecraft:badlands
5500	10000	-10000	-3500	-1100	300	-10000	-3750	10000	10000	-2666	-500	0	minecraft:badlands
5500	10000	-10000	-3500	300	10000	-10000	-3750	0	0	-2666	-500	0	minecraft:badlands
5500	10000	-10000	-3500	300	10000	-10000	-3750	10000	10000	-2666	-500	0	minecraft:badlands
5500	10000	-10000	-3500	-1100	300	-3750	500	0	0	-2666	-500	0	minecraft:desert
5500	10000	-10000	-3500	-1100	300	-3750	500	10000	10000	-2666	-500	0	minecraft:desert
5500	10000	-10000	-3500	300	10000	-3750	500	0	0	-2666	-500	0	minecraft:badlands
5500	10000	-10000	-3500	300	10000	-3750	500	10000	10000	-2666	-500	0	minecraft:badlands
5500	10000	-10000	-3500	-1900	-1100	-2225	4500	0	0	-2666	-500	0	minecraft:desert
5500	10000	-10000	-3500	-1900	-1100	-2225	4500	10000	10000	-2666	-500	0	minecraft:desert
5500	10000	-10000	-3500	-1100	10000	500	4500	0	0	-2666	-500	0	minecraft:desert
5500	10000	-10000	-3500	-1100	10000	500	4500	10000	10000	-2666	-500	0	minecraft:desert
5500	10000	-10000	-3500	-1900	-1100	4500	5500	0	0	-2666	-500	0	minecraft:desert
5500	10000	-10000	-3500	-1900	-1100	4500	5500	10000	10000	-2666	-500	0	minecraft:desert
5500	10000	-10000	-3500	-1100	300	4500	5500	0	0	-2666	-500	0	minecraft:desert
5500	10000	-10000	-3500	-1100	300	4500	5500	10000	10000	-2666	-500	0	minecraft:desert
5500	10000	-10000	-3500	300	10000	4500	5500	0	0	-2666	-500	0	minecraft:desert
5500	10000	-10000	-3500	300	10000	4500	5500	10000	10000	-2666	-500	0	minecraft:desert
5500	10000	-10000	-3500	-1900	-1100	5500	10000	0	0	-2666	-500	0	minecraft:desert
5500	10000	-10000	-3500	-1900	-1100	5500	10000	10000	10000	-2666	-500	0	minecraft:desert
5500	10000	-3500	-1000	-1100	300	-10000	-3750	0	0	-2666	-500	0	minecraft:badlands
5500	10000	-3500	-1000	-1100	300	-10000	-3750	10000	10000	-2666	-500	0	minecraft:badlands
5500	10000	-3500	-1000	300	10000	-10000	-3750	0	0	-2666	-500	0	minecraft:badlands
5500	10000	-3500	-1000	300	10000	-10000	-3750	10000	10000	-2666	-500	0	minecraft:badlands
5500	10000	-3500	-1000	-1100	300	-3750	500	0	0	-2666	-500	0	minecraft:desert
5500	10000	-3500	-1000	-1100	300	-3750	500	10000	10000	-2666	-500	0	minecraft:desert
5500	10000	-3500	-1000	300	10000	-3750	500	0	0	-2666	-500	0	minecraft:badlands
5500	10000	-3500	-1000	300	10000	-3750	500	10000	10000	-2666	-500	0	minecraft:badlands
5500	10000	-3500	-1000	-1900	-1100	-2225	4500	0	0	-2666	-500	0	minecraft:desert
5500	10000	-3500	-1000	-1900	-1100	-2225	4500	10000	10000	-2666	-500	0	minecraft:desert
5500	10000	-3500	-1000	-1100	10000	500	4500	0	0	-2666	-500	0	minecraft:desert
5500	10000	-3500	-1000	-1100	10000	500	4500	10000	10000	-2666	-500	0	minecraft:desert
5500	10000	-3500	-1000	-1900	-1100	4500	5500	0	0	-2666	-500	0	minecraft:desert
5500	10000	-3500	-1000	-1900	-1100	4500	5500	10000	10000	-2666	-500	0	minecraft:desert
5500	10000	-3500	-1000	-1100	300	4500	5500	0	0	-2666	-500	0	minecraft:desert
5500	10000	-3500	-1000	-1100	300	4500	5500	10000	10000	-2666	-500	0	minecraft:desert
5500	10000	-3500	-1000	300	10000	4500	5500	0	0	-2666	-500	0	minecraft:desert
5500	10000	-3500	-1000	300	10000	4500	5500	10000	10000	-2666	-500	0	minecraft:desert
5500	10000	-3500	-1000	-1900	-1100	5500	10000	0	0	-2666	-500	0	minecraft:desert
5500	10000	-3500	-1000	-1900	-1100	5500	10000	10000	10000	-2666	-500	0	minecraft:desert
5500	10000	-1000	1000	-1100	300	-10000	-3750	0	0	-2666	-500	0	minecraft:badlands
5500	10000	-1000	1000	-1100	300	-10000	-3750	10000	10000	-2666	-500	0	minecraft:badlands
5500	10000	-1000	1000	300	10000	-10000	-3750	0	0	-2666	-500	0	minecraft:badlands
5500	10000	-1000	1000	300	10000	-10000	-3750	10000	10000	-2666	-500	0	minecraft:badlands
5500	10000	-1000	1000	-1100	300	-3750	500	0	0	-2666	-500	0	minecraft:desert
5500	10000	-1000	1000	-1100	300	-3750	500	10000	10000	-2666	-500	0	minecraft:desert
5500	10000	-1000	1000	300	10000	-3750	500	0	0	-2666	-500	0	minecraft:badlands
5500	10000	-1000	1000	300	10000	-3750	500	10000	10000	-2666	-500	0	minecraft:badlands
5500	10000	-1000	1000	-1900	-1100	-2225	4500	0	0	-2666	-500	0	minecraft:desert
5500	10000	-1000	1000	-1900	-1100	-2225	4500	10000	10000	-2666	-500	0	minecraft:desert
5500	10000	-1000	1000	-1100	10000	500	4500	0	0	-2666	-500	0	minecraft:desert
5500	10000	-1000	1000	-1100	10000	500	4500	10000	10000	-2666	-500	0	minecraft:desert
5500	10000	-1000	1000	-1900	-1100	4500	5500	0	0	-2666	-500	0	minecraft:desert
5500	10000	-1000	1000	-1900	-1100	4500	5500	10000	10000	-2666	-500	0	minecraft:desert
5500	10000	-1000	1000	-1100	300	4500	5500	0	0	-2666	-500	0	minecraft:desert
5500	10000	-1000	1000	-1100	300	4500	5500	10000	10000	-2666	-500	0	minecraft:desert
5500	10000	-1000	1000	300	10000	4500	5500	0	0	-2666	-500	0	minecraft:desert
5500	10000	-1000	1000	300	10000	4500	5500	10000	10000	-2666	-500	0	minecraft:desert
5500	10000	-1000	1000	-1900	-1100	5500	10000	0	0	-2666	-500	0	minecraft:desert
5500	10000	-1000	1000	-1900	-1100	5500	10000	10000	10000	-2666	-500	0	minecraft:desert
5500	10000	1000	3000	-1100	300	-10000	-3750	0	0	-2666	-500	0	minecraft:wooded_badlands
5500	10000	1000	3000	-1100	300	-10000	-3750	10000	10000	-2666	-500	0	minecraft:wooded_badlands
5500	10000	1000	3000	300	10000	-10000	-3750	0	0	-2666	-500	0	minecraft:wooded_badlands
5500	10000	1000	3000	300	10000	-10000	-3750	10000	10000	-2666	-500	0	minecraft:wooded_badlands
5500	10000	1000	3000	-1100	300	-3750	500	0	0	-2666	-500	0	minecraft:desert
5500	10000	1000	3000	-1100	300	-3750	500	10000	10000	-2666	-500	0	minecraft:desert
5500	10000	1000	3000	300	10000	-3750	500	0	0	-2666	-500	0	minecraft:wooded_badlands
5500	10000	1000	3000	300	10000	-3750	500	10000	10000	-2666	-500	0	minecraft:wooded_badlands
5500	10000	1000	3000	-1900	-1100	-2225	4500	0	0	-2666	-500	0	minecraft:desert
5500	10000	1000	3000	-1900	-1100	-2225	4500	10000	10000	-2666	-500	0	minecraft:desert
5500	10000	1000	3000	-1100	10000	500	4500	0	0	-2666	-500	0	minecraft:desert
5500	10000	1000	3000	-1100	10000	500	4500	10000	10000	-2666	-500	0	minecraft:desert
5500	10000	1000	3000	-1900	-1100	4500	5500	0	0	-2666	-500	0	minecraft:desert
5500	10000	1000	3000	-1900	-1100	4500	5500	10000	10000	-2666	-500	0	minecraft:desert
5500	10000	1000	3000	-1100	300	4500	5500	0	0	-2666	-500	0	minecraft:desert
5500	10000	1000	3000	-1100	300	4500	5500	10000	10000	-2666	-500	0	minecraft:desert
5500	10000	1000	3000	300	10000	4500	5500	0	0	-2666	-500	0	minecraft:desert
5500	10000	1000	3000	300	10000	4500	5500	10000	10000	-2666	-500	0	minecraft:desert
5500	10000	1000	3000	-1900	-1100	5500	10000	0	0	-2666	-500	0	minecraft:desert
5500	10000	1000	3000	-1900	-1100	5500	10000	10000	10000	-2666	-500	0	minecraft:desert
5500	10000	3000	10000	-1100	300	-10000	-3750	0	0	-2666	-500	0	minecraft:wooded_badlands
5500	10000	3000	10000	-1100	300	-10000	-3750	10000	10000	-2666	-500	0	minecraft:wooded_badlands
5500	10000	3000	10000	300	10000	-10000	-3750	0	0	-2666	-500	0	minecraft:wooded_badlands
5500	10000	3000	10000	300	10000	-10000	-3750	10000	10000	-2666	-500	0	minecraft:wooded_badlands
5500	10000	3000	10000	-1100	300	-3750	500	0	0	-2666	-500	0	minecraft:desert
5500	10000	3000	10000	-1100	300	-3750	500	10000	10000	-2666	-500	0	minecraft:desert
5500	10000	3000	10000	300	10000	-3750	500	0	0	-2666	-500	0	minecraft:wooded_badlands
5500	10000	3000	10000	300	10000	-3750	500	10000	10000	-2666	-500	0	minecraft:wooded_badlands
5500	10000	3000	10000	-1900	-1100	-2225	4500	0	0	-2666	-500	0	minecraft:desert
5500	10000	3000	10000	-1900	-1100	-2225	4500	10000	10000	-2666	-500	0	minecraft:desert
5500	10000	3000	10000	-1100	10000	500	4500	0	0	-2666	-500	0	minecraft:desert
5500	10000	3000	10000	-1100	10000	500	4500	10000	10000	-2666	-500	0	minecraft:desert
5500	10000	3000	10000	-1900	-1100	4500	5500	0	0	-2666	-500	0	minecraft:desert
5500	10000	3000	10000	-1900	-1100	4500	5500	10000	10000	-2666	-500	0	minecraft:desert
5500	10000	3000	10000	-1100	300	4500	5500	0	0	-2666	-500	0	minecraft:desert
5500	10000	3000	10000	-1100	300	4500	5500	10000	10000	-2666	-500	0	minecraft:desert
5500	10000	3000	10000	300	10000	4500	5500	0	0	-2666	-500	0	minecraft:desert
5500	10000	3000	10000	300	10000	4500	5500	10000	10000	-2666	-500	0	minecraft:desert
5500	10000	3000	10000	-1900	-1100	5500	10000	0	0	-2666	-500	0	minecraft:desert
5500	10000	3000	10000	-1900	-1100	5500	10000	10000	10000	-2666	-500	0	minecraft:desert
-10000	-4500	-10000	10000	-1900	-1100	-10000	-3750	0	0	-500	500	0	minecraft:frozen_river
-10000	-4500	-10000	10000	-1900	-1100	-10000	-3750	10000	10000	-500	500	0	minecraft:frozen_river
-4500	10000	-10000	10000	-1900	-1100	-10000	-3750	0	0	-500	500	0	minecraft:river
-4500	10000	-10000	10000	-1900	-1100	-10000	-3750	10000	10000	-500	500	0	minecraft:river
-10000	-4500	-10000	10000	-1100	300	-10000	-3750	0	0	-500	500	0	minecraft:frozen_river
-10000	-4500	-10000	10000	-1100	300	-10000	-3750	10000	10000	-500	500	0	minecraft:frozen_river
-4500	10000	-10000	10000	-1100	300	-10000	-3750	0	0	-500	500	0	minecraft:river
-4500	10000	-10000	10000	-1100	300	-10000	-3750	10000	10000	-500	500	0	minecraft:river
-10000	-4500	-10000	10000	-1900	10000	-3750	5500	0	0	-500	500	0	minecraft:frozen_river
-10000	-4500	-10000	10000	-1900	10000	-3750	5500	10000	10000	-500	500	0	minecraft:frozen_river
-4500	10000	-10000	10000	-1900	10000	-3750	5500	0	0	-500	500	0	minecraft:river
-4500	10000	-10000	10000	-1900	10000	-3750	5500	10000	10000	-500	500	0	minecraft:river
-10000	-4500	-10000	10000	-1900	-1100	5500	10000	0	0	-500	500	0	minecraft:frozen_river
-10000	-4500	-10000	10000	-1900	-1100	5500	10000	10000	10000	-500	500	0	minecraft:frozen_river
-4500	10000	-10000	10000	-1900	-1100	5500	10000	0	0	-500	500	0	minecraft:river
-4500	10000	-10000	10000	-1900	-1100	5500	10000	10000	10000	-500	500	0	minecraft:river
-4500	2000	-10000	10000	-1100	10000	5500	10000	0	0	-500	500	0	minecraft:swamp
-4500	2000	-10000	10000	-1100	10000	5500	10000	10000	10000	-500	500	0	minecraft:swamp
2000	10000	-10000	10000	-1100	10000	5500	10000	0	0	-500	500	0	minecraft:mangrove_swamp
2000	10000	-10000	10000	-1100	10000	5500	10000	10000	10000	-500	500	0	minecraft:mangrove_swamp
-10000	-4500	-10000	10000	-1100	10000	5500	10000	0	0	-500	500	0	minecraft:frozen_river
-10000	-4500	-10000	10000	-1100	10000	5500	10000	10000	10000	-500	500	0	minecraft:frozen_river
-10000	-4500	-10000	-3500	300	10000	-10000	-3750	0	0	-500	500	0	minecraft:ice_spikes
-10000	-4500	-10000	-3500	300	10000	-10000	-3750	10000	10000	-500	500	0	minecraft:ice_spikes
-10000	-4500	-3500	-1000	300	10000	-10000	-3750	0	0	-500	500	0	minecraft:snowy_plains
-10000	-4500	-3500	-1000	300	10000	-10000	-3750	10000	10000	-500	500	0	minecraft:snowy_plains
-10000	-4500	-1000	1000	300	10000	-10000	-3750	0	0	-500	500	0	minecraft:snowy_taiga
-10000	-4500	-1000	1000	300	10000	-10000	-3750	10000	10000	-500	500	0	minecraft:snowy_taiga
-10000	-4500	1000	3000	300	10000	-10000	-3750	0	0	-500	500	0	minecraft:snowy_taiga
-10000	-4500	1000	3000	300	10000	-10000	-3750	10000	10000	-500	500	0	minecraft:snowy_taiga
-10000	-4500	3000	10000	300	10000	-10000	-3750	0	0	-500	500	0	minecraft:taiga
-10000	-4500	3000	10000	300	10000	-10000	-3750	10000	10000	-500	500	0	minecraft:taiga
-4500	-1500	-10000	-3500	300	10000	-10000	-3750	0	0	-500	500	0	minecraft:plains
-4500	-1500	-10000	-3500	300	10000	-10000	-3750	10000	10000	-500	500	0	minecraft:plains
-4500	-1500	-3500	-1000	300	10000	-10000	-3750	0	0	-500	500	0	minecraft:plains
-4500	-1500	-3500	-1000	300	10000	-10000	-3750	10000	10000	-500	500	0	minecraft:plains
-4500	-1500	-1000	1000	300	10000	-10000	-3750	0	0	-500	500	0	minecraft:forest
-4500	-1500	-1000	1000	300	10000	-10000	-3750	10000	10000	-500	500	0	minecraft:forest
-4500	-1500	1000	3000	300	10000	-10000	-3750	0	0	-500	500	0	minecraft:taiga
-4500	-1500	1000	3000	300	10000	-10000	-3750	10000	10000	-500	500	0	minecraft:taiga
-4500	-1500	3000	10000	300	10000	-10000	-3750	0	0	-500	500	0	minecraft:old_growth_pine_taiga
-4500	-1500	3000	10000	300	10000	-10000	-3750	10000	10000	-500	500	0	minecraft:old_growth_pine_taiga
-1500	2000	-10000	-3500	300	10000	-10000	-3750	0	0	-500	500	0	minecraft:sunflower_plains
-1500	2000	-10000	-3500	300	10000	-10000	-3750	10000	10000	-500	500	0	minecraft:sunflower_plains
-1500	2000	-3500	-1000	300	10000	-10000	-3750	0	0	-500	500	0	minecraft:plains
-1500	2000	-3500	-1000	300	10000	-10000	-3750	10000	10000	-500	500	0	minecraft:plains
-1500	2000	-1000	1000	300	10000	-10000	-3750	0	0	-500	500	0	minecraft:forest
-1500	2000	-1000	1000	300	10000	-10000	-3750	10000	10000	-500	500	0	minecraft:forest
-1500	2000	1000	3000	300	10000	-10000	-3750	0	0	-500	500	0	minecraft:old_growth_birch_forest
-1500	2000	1000	3000	300	10000	-10000	-3750	10000	10000	-500	500	0	minecraft:old_growth_birch_forest
-1500	2000	3000	10000	300	10000	-10000	-3750	0	0	-500	500	0	minecraft:dark_forest
-1500	2000	3000	10000	300	10000	-10000	-3750	10000	10000	-500	500	0	minecraft:dark_forest
2000	5500	-10000	-3500	300	10000	-10000	-3750	0	0	-500	500	0	minecraft:savanna
2000	5500	-10000	-3500	300	10000	-10000	-3750	10000	10000	-500	500	0	minecraft:savanna
2000	5500	-3500	-1000	300	10000	-10000	-3750	0	0	-500	500	0	minecraft:savanna
2000	5500	-3500	-1000	300	10000	-10000	-3750	10000	10000	-500	500	0	minecraft:savanna
2000	5500	-1000	1000	300	10000	-10000	-3750	0	0	-500	500	0	minecraft:plains
2000	5500	-1000	1000	300	10000	-10000	-3750	10000	10000	-500	500	0	minecraft:plains
2000	5500	1000	3000	300	10000	-10000	-3750	0	0	-500	500	0	minecraft:sparse_jungle
2000	5500	1000	3000	300	10000	-10000	-3750	10000	10000	-500	500	0	minecraft:sparse_jungle
2000	5500	3000	10000	300	10000	-10000	-3750	0	0	-500	500	0	minecraft:bamboo_jungle
2000	5500	3000	10000	300	10000	-10000	-3750	10000	10000	-500	500	0	minecraft:bamboo_jungle
5500	10000	-10000	-3500	300	10000	-10000	-3750	0	0	-500	500	0	minecraft:eroded_badlands
5500	10000	-10000	-3500	300	10000	-10000	-3750	10000	10000	-500	500	0	minecraft:eroded_badlands
5500	10000	-3500	-1000	300	10000	-10000	-3750	0	0	-500	500	0	minecraft:eroded_badlands
5500	10000	-3500	-1000	300	10000	-10000	-3750	10000	10000	-500	500	0	minecraft:eroded_badlands
5500	10000	-1000	1000	300	10000	-10000	-3750	0	0	-500	500	0	minecraft:badlands
5500	10000	-1000	1000	300	10000	-10000	-3750	10000	10000	-500	500	0	minecraft:badlands
5500	10000	1000	3000	300	10000	-10000	-3750	0	0	-500	500	0	minecraft:wooded_badlands
5500	10000	1000	3000	300	10000	-10000	-3750	10000	10000	-500	500	0	minecraft:wooded_badlands
5500	10000	3000	10000	300	10000	-10000	-3750	0	0	-500	500	0	minecraft:wooded_badlands
5500	10000	3000	10000	300	10000	-10000	-3750	10000	10000	-500	500	0	minecraft:wooded_badlands
-10000	10000	-10000	10000	-1900	-1100	-10000	-2225	0	0	500	2666	0	minecraft:stony_shore
-10000	10000	-10000	10000	-1900	-1100	-10000	-2225	10000	10000	500	2666	0	minecraft:stony_shore
-4500	2000	-10000	10000	-1100	10000	5500	10000	0	0	500	2666	0	minecraft:swamp
-4500	2000	-10000	10000	-1100	10000	5500	10000	10000	10000	500	2666	0	minecraft:swamp
2000	10000	-10000	10000	-1100	10000	5500	10000	0	0	500	2666	0	minecraft:mangrove_swamp
2000	10000	-10000	10000	-1100	10000	5500	10000	10000	10000	500	2666	0	minecraft:mangrove_swamp
-10000	-4500	-10000	-3500	-1100	300	-10000	-3750	0	0	500	2666	0	minecraft:ice_spikes
-10000	-4500	-10000	-3500	-1100	300	-10000	-3750	10000	10000	500	2666	0	minecraft:ice_spikes
-10000	-4500	-10000	-3500	300	10000	-10000	-3750	0	0	500	2666	0	minecraft:snowy_slopes
-10000	-4500	-10000	-3500	300	10000	-10000	-3750	10000	10000	500	2666	0	minecraft:snowy_slopes
-10000	-4500	-10000	-3500	-1100	300	-3750	500	0	0	500	2666	0	minecraft:ice_spikes
-10000	-4500	-10000	-3500	-1100	300	-3750	500	10000	10000	500	2666	0	minecraft:ice_spikes
-10000	-4500	-10000	-3500	300	10000	-3750	500	0	0	500	2666	0	minecraft:ice_spikes
-10000	-4500	-10000	-3500	300	10000	-3750	500	10000	10000	500	2666	0	minecraft:ice_spikes
-10000	-4500	-10000	-3500	-1900	-1100	-2225	4500	0	0	500	2666	0	minecraft:snowy_beach
-10000	-4500	-10000	-3500	-1900	-1100	-2225	4500	10000	10000	500	2666	0	minecraft:snowy_beach
-10000	-4500	-10000	-3500	-1100	10000	500	4500	0	0	500	2666	0	minecraft:ice_spikes
-10000	-4500	-10000	-3500	-1100	10000	500	4500	10000	10000	500	2666	0	minecraft:ice_spikes
-10000	-4500	-10000	-3500	-1900	-1100	4500	5500	0	0	500	2666	0	minecraft:ice_spikes
-10000	-4500	-10000	-3500	-1900	-1100	4500	5500	10000	10000	500	2666	0	minecraft:ice_spikes
-10000	-4500	-10000	-3500	-1100	300	4500	5500	0	0	500	2666	0	minecraft:ice_spikes
-10000	-4500	-10000	-3500	-1100	300	4500	5500	10000	10000	500	2666	0	minecraft:ice_spikes
-10000	-4500	-10000	-3500	300	10000	4500	5500	0	0	500	2666	0	minecraft:ice_spikes
-10000	-4500	-10000	-3500	300	10000	4500	5500	10000	10000	500	2666	0	minecraft:ice_spikes
-10000	-4500	-10000	-3500	-1900	-1100	5500	10000	0	0	500	2666	0	minecraft:snowy_beach
-10000	-4500	-10000	-3500	-1900	-1100	5500	10000	10000	10000	500	2666	0	minecraft:snowy_beach
-10000	-4500	-10000	-3500	-1100	10000	5500	10000	0	0	500	2666	0	minecraft:ice_spikes
-10000	-4500	-10000	-3500	-1100	10000	5500	10000	10000	10000	500	2666	0	minecraft:ice_spikes
-10000	-4500	-3500	-1000	-1100	300	-10000	-3750	0	0	500	2666	0	minecraft:snowy_plains
-10000	-4500	-3500	-1000	-1100	300	-10000	-3750	10000	10000	500	2666	0	minecraft:snowy_plains
-10000	-4500	-3500	-1000	300	10000	-10000	-3750	0	0	500	2666	0	minecraft:snowy_slopes
-10000	-4500	-3500	-1000	300	10000	-10000	-3750	10000	10000	500	2666	0	minecraft:snowy_slopes
-10000	-4500	-3500	-1000	-1100	300	-3750	500	0	0	500	2666	0	minecraft:snowy_plains
-10000	-4500	-3500	-1000	-1100	300	-3750	500	10000	10000	500	2666	0	minecraft:snowy_plains
-10000	-4500	-3500	-1000	300	10000	-3750	500	0	0	500	2666	0	minecraft:snowy_plains
-10000	-4500	-3500	-1000	300	10000	-3750	500	10000	10000	500	2666	0	minecraft:snowy_plains
-10000	-4500	-3500	-1000	-1900	-1100	-2225	4500	0	0	500	2666	0	minecraft:snowy_beach
-10000	-4500	-3500	-1000	-1900	-1100	-2225	4500	10000	10000	500	2666	0	minecraft:snowy_beach
-10000	-4500	-3500	-1000	-1100	10000	500	4500	0	0	500	2666	0	minecraft:snowy_plains
-10000	-4500	-3500	-1000	-1100	10000	500	4500	10000	10000	500	2666	0	minecraft:snowy_plains
-10000	-4500	-3500	-1000	-1900	-1100	4500	5500	0	0	500	2666	0	minecraft:snowy_plains
-10000	-4500	-3500	-1000	-1900	-1100	4500	5500	10000	10000	500	2666	0	minecraft:snowy_plains
-10000	-4500	-3500	-1000	-1100	300	4500	5500	0	0	500	2666	0	minecraft:snowy_plains
-10000	-4500	-3500	-1000	-1100	300	4500	5500	10000	10000	500	2666	0	minecraft:snowy_plains
-10000	-4500	-3500	-1000	300	10000	4500	5500	0	0	500	2666	0	minecraft:snowy_plains
-10000	-4500	-3500	-1000	300	10000	4500	5500	10000	10000	500	2666	0	minecraft:snowy_plains
-10000	-4500	-3500	-1000	-1900	-1100	5500	10000	0	0	500	2666	0	minecraft:snowy_beach
-10000	-4500	-3500	-1000	-1900	-1100	5500	10000	10000	10000	500	2666	0	minecraft:snowy_beach
-10000	-4500	-3500	-1000	-1100	10000	5500	10000	0	0	500	2666	0	minecraft:snowy_plains
-10000	-4500	-3500	-1000	-1100	10000	5500	10000	10000	10000	500	2666	0	minecraft:snowy_plains
-10000	-4500	-1000	1000	-1100	300	-10000	-3750	0	0	500	2666	0	minecraft:snowy_taiga
-10000	-4500	-1000	1000	-1100	300	-10000	-3750	10000	10000	500	2666	0	minecraft:snowy_taiga
-10000	-4500	-1000	1000	300	10000	-10000	-3750	0	0	500	2666	0	minecraft:grove
-10000	-4500	-1000	1000	300	10000	-10000	-3750	10000	10000	500	2666	0	minecraft:grove
-10000	-4500	-1000	1000	-1100	300	-3750	500	0	0	500	2666	0	minecraft:snowy_taiga
-10000	-4500	-1000	1000	-1100	300	-3750	500	10000	10000	500	2666	0	minecraft:snowy_taiga
-10000	-4500	-1000	1000	300	10000	-3750	500	0	0	500	2666	0	minecraft:snowy_taiga
-10000	-4500	-1000	1000	300	10000	-3750	500	10000	10000	500	2666	0	minecraft:snowy_taiga
-10000	-4500	-1000	1000	-1900	-1100	-2225	4500	0	0	500	2666	0	minecraft:snowy_beach
-10000	-4500	-1000	1000	-1900	-1100	-2225	4500	10000	10000	500	2666	0	minecraft:snowy_beach
-10000	-4500	-1000	1000	-1100	10000	500	4500	0	0	500	2666	0	minecraft:snowy_taiga
-10000	-4500	-1000	1000	-1100	10000	500	4500	10000	10000	500	2666	0	minecraft:snowy_taiga
-10000	-4500	-1000	1000	-1900	-1100	4500	5500	0	0	500	2666	0	minecraft:snowy_taiga
-10000	-4500	-1000	1000	-1900	-1100	4500	5500	10000	10000	500	2666	0	minecraft:snowy_taiga
-10000	-4500	-1000	1000	-1100	300	4500	5500	0	0	500	2666	0	minecraft:snowy_taiga
-10000	-4500	-1000	1000	-1100	300	4500	5500	10000	10000	500	2666	0	minecraft:snowy_taiga
-10000	-4500	-1000	1000	300	10000	4500	5500	0	0	500	2666	0	minecraft:snowy_taiga
-10000	-4500	-1000	1000	300	10000	4500	5500	10000	10000	500	2666	0	minecraft:snowy_taiga
-10000	-4500	-1000	1000	-1900	-1100	5500	10000	0	0	500	2666	0	minecraft:snowy_beach
-10000	-4500	-1000	1000	-1900	-1100	5500	10000	10000	10000	500	2666	0	minecraft:snowy_beach
-10000	-4500	-1000	1000	-1100	10000	5500	10000	0	0	500	2666	0	minecraft:snowy_taiga
-10000	-4500	-1000	1000	-1100	10000	5500	10000	10000	10000	500	2666	0	minecraft:snowy_taiga
-10000	-4500	1000	3000	-1100	300	-10000	-3750	0	0	500	2666	0	minecraft:snowy_taiga
-10000	-4500	1000	3000	-1100	300	-10000	-3750	10000	10000	500	2666	0	minecraft:snowy_taiga
-10000	-4500	1000	3000	300	10000	-10000	-3750	0	0	500	2666	0	minecraft:grove
-10000	-4500	1000	3000	300	10000	-10000	-3750	10000	10000	500	2666	0	minecraft:grove
-10000	-4500	1000	3000	-1100	300	-3750	500	0	0	500	2666	0	minecraft:snowy_taiga
-10000	-4500	1000	3000	-1100	300	-3750	500	10000	10000	500	2666	0	minecraft:snowy_taiga
-10000	-4500	1000	3000	300	10000	-3750	500	0	0	500	2666	0	minecraft:snowy_taiga
-10000	-4500	1000	3000	300	10000	-3750	500	10000	10000	500	2666	0	minecraft:snowy_taiga
-10000	-4500	1000	3000	-1900	-1100	-2225	4500	0	0	500	2666	0	minecraft:snowy_beach
-10000	-4500	1000	3000	-1900	-1100	-2225	4500	10000	10000	500	2666	0	minecraft:snowy_beach
-10000	-4500	1000	3000	-1100	10000	500	4500	0	0	500	2666	0	minecraft:snowy_taiga
-10000	-4500	1000	3000	-1100	10000	500	4500	10000	10000	500	2666	0	minecraft:snowy_taiga
-10000	-4500	1000	3000	-1900	-1100	4500	5500	0	0	500	2666	0	minecraft:snowy_taiga
-10000	-4500	1000	3000	-1900	-1100	4500	5500	10000	10000	500	2666	0	minecraft:snowy_taiga
-10000	-4500	1000	3000	-1100	300	4500	5500	0	0	500	2666	0	minecraft:snowy_taiga
-10000	-4500	1000	3000	-1100	300	4500	5500	10000	10000	500	2666	0	minecraft:snowy_taiga
-10000	-4500	1000	3000	300	10000	4500	5500	0	0	500	2666	0	minecraft:snowy_taiga
-10000	-4500	1000	3000	300	10000	4500	5500	10000	10000	500	2666	0	minecraft:snowy_taiga
-10000	-4500	1000	3000	-1900	-1100	5500	10000	0	0	500	2666	0	minecraft:snowy_beach
-10000	-4500	1000	3000	-1900	-1100	5500	10000	10000	10000	500	2666	0	minecraft:snowy_beach
-10000	-4500	1000	3000	-1100	10000	5500	10000	0	0	500	2666	0	minecraft:snowy_taiga
-10000	-4500	1000	3000	-1100	10000	5500	10000	10000	10000	500	2666	0	minecraft:snowy_taiga
-10000	-4500	3000	10000	-1100	300	-10000	-3750	0	0	500	2666	0	minecraft:taiga
-10000	-4500	3000	10000	-1100	300	-10000	-3750	10000	10000	500	2666	0	minecraft:taiga
-10000	-4500	3000	10000	300	10000	-10000	-3750	0	0	500	2666	0	minecraft:grove
-10000	-4500	3000	10000	300	10000	-10000	-3750	10000	10000	500	2666	0	minecraft:grove
-10000	-4500	3000	10000	-1100	300	-3750	500	0	0	500	2666	0	minecraft:taiga
-10000	-4500	3000	10000	-1100	300	-3750	500	10000	10000	500	2666	0	minecraft:taiga
-10000	-4500	3000	10000	300	10000	-3750	500	0	0	500	2666	0	minecraft:taiga
-10000	-4500	3000	10000	300	10000	-3750	500	10000	10000	500	2666	0	minecraft:taiga
-10000	-4500	3000	10000	-1900	-1100	-2225	4500	0	0	500	2666	0	minecraft:snowy_beach
-10000	-4500	3000	10000	-1900	-1100	-2225	4500	10000	10000	500	2666	0	minecraft:snowy_beach
-10000	-4500	3000	10000	-1100	10000	500	4500	0	0	500	2666	0	minecraft:taiga
-10000	-4500	3000	10000	-1100	10000	500	4500	10000	10000	500	2666	0	minecraft:taiga
-10000	-4500	3000	10000	-1900	-1100	4500	5500	0	0	500	2666	0	minecraft:taiga
-10000	-4500	3000	10000	-1900	-1100	4500	5500	10000	10000	500	2666	0	minecraft:taiga
-10000	-4500	3000	10000	-1100	300	4500	5500	0	0	500	2666	0	minecraft:taiga
-10000	-4500	3000	10000	-1100	300	4500	5500	10000	10000	500	2666	0	minecraft:taiga
-10000	-4500	3000	10000	300	10000	4500	5500	0	0	500	2666	0	minecraft:taiga
-10000	-4500	3000	10000	300	10000	4500	5500	10000	10000	500	2666	0	minecraft:taiga
-10000	-4500	3000	10000	-1900	-1100	5500	10000	0	0	500	2666	0	minecraft:snowy_beach
-10000	-4500	3000	10000	-1900	-1100	5500	10000	10000	10000	500	2666	0	minecraft:snowy_beach
-10000	-4500	3000	10000	-1100	10000	5500	10000	0	0	500	2666	0	minecraft:taiga
-10000	-4500	3000	10000	-1100	10000	5500	10000	10000	10000	500	2666	0	minecraft:taiga
-4500	-1500	-10000	-3500	-1100	300	-10000	-3750	0	0	500	2666	0	minecraft:plains
-4500	-1500	-10000	-3500	-1100	300	-10000	-3750	10000	10000	500	2666	0	minecraft:plains
-4500	-1500	-10000	-3500	300	10000	-10000	-3750	0	0	500	2666	0	minecraft:plains
-4500	-1500	-10000	-3500	300	10000	-10000	-3750	10000	10000	500	2666	0	minecraft:plains
-4500	-1500	-10000	-3500	-1100	300	-3750	500	0	0	500	2666	0	minecraft:plains
-4500	-1500	-10000	-3500	-1100	300	-3750	500	10000	10000	500	2666	0	minecraft:plains
-4500	-1500	-10000	-3500	300	10000	-3750	500	0	0	500	2666	0	minecraft:plains
-4500	-1500	-10000	-3500	300	10000	-3750	500	10000	10000	500	2666	0	minecraft:plains
-4500	-1500	-10000	-3500	-1900	-1100	-2225	4500	0	0	500	2666	0	minecraft:beach
-4500	-1500	-10000	-3500	-1900	-1100	-2225	4500	10000	10000	500	2666	0	minecraft:beach
-4500	-1500	-10000	-3500	-1100	10000	500	4500	0	0	500	2666	0	minecraft:plains
-4500	-1500	-10000	-3500	-1100	10000	500	4500	10000	10000	500	2666	0	minecraft:plains
-4500	-1500	-10000	-3500	-1900	-1100	4500	5500	0	0	500	2666	0	minecraft:plains
-4500	-1500	-10000	-3500	-1900	-1100	4500	5500	10000	10000	500	2666	0	minecraft:plains
-4500	-1500	-10000	-3500	-1100	300	4500	5500	0	0	500	2666	0	minecraft:plains
-4500	-1500	-10000	-3500	-1100	300	4500	5500	10000	10000	500	2666	0	minecraft:plains
-4500	-1500	-10000	-3500	300	10000	4500	5500	0	0	500	2666	0	minecraft:plains
-4500	-1500	-10000	-3500	300	10000	4500	5500	10000	10000	500	2666	0	minecraft:plains
-4500	-1500	-10000	-3500	-1900	-1100	5500	10000	0	0	500	2666	0	minecraft:beach
-4500	-1500	-10000	-3500	-1900	-1100	5500	10000	10000	10000	500	2666	0	minecraft:beach
-4500	-1500	-3500	-1000	-1100	300	-10000	-3750	0	0	500	2666	0	minecraft:plains
-4500	-1500	-3500	-1000	-1100	300	-10000	-3750	10000	10000	500	2666	0	minecraft:plains
-4500	-1500	-3500	-1000	300	10000	-10000	-3750	0	0	500	2666	0	minecraft:plains
-4500	-1500	-3500	-1000	300	10000	-10000	-3750	10000	10000	500	2666	0	minecraft:plains
-4500	-1500	-3500	-1000	-1100	300	-3750	500	0	0	500	2666	0	minecraft:plains
-4500	-1500	-3500	-1000	-1100	300	-3750	500	10000	10000	500	2666	0	minecraft:plains
-4500	-1500	-3500	-1000	300	10000	-3750	500	0	0	500	2666	0	minecraft:plains
-4500	-1500	-3500	-1000	300	10000	-3750	500	10000	10000	500	2666	0	minecraft:plains
-4500	-1500	-3500	-1000	-1900	-1100	-2225	4500	0	0	500	2666	0	minecraft:beach
-4500	-1500	-3500	-1000	-1900	-1100	-2225	4500	10000	10000	500	2666	0	minecraft:beach
-4500	-1500	-3500	-1000	-1100	10000	500	4500	0	0	500	2666	0	minecraft:plains
-4500	-1500	-3500	-1000	-1100	10000	500	4500	10000	10000	500	2666	0	minecraft:plains
-4500	-1500	-3500	-1000	-1900	-1100	4500	5500	0	0	500	2666	0	minecraft:plains
-4500	-1500	-3500	-1000	-1900	-1100	4500	5500	10000	10000	500	2666	0	minecraft:plains
-4500	-1500	-3500	-1000	-1100	300	4500	5500	0	0	500	2666	0	minecraft:plains
-4500	-1500	-3500	-1000	-1100	300	4500	5500	10000	10000	500	2666	0	minecraft:plains
-4500	-1500	-3500	-1000	300	10000	4500	5500	0	0	500	2666	0	minecraft:plains
-4500	-1500	-3500	-1000	300	10000	4500	5500	10000	10000	500	2666	0	minecraft:plains
-4500	-1500	-3500	-1000	-1900	-1100	5500	10000	0	0	500	2666	0	minecraft:beach
-4500	-1500	-3500	-1000	-1900	-1100	5500	10000	10000	10000	500	2666	0	minecraft:beach
-4500	-1500	-1000	1000	-1100	300	-10000	-3750	0	0	500	2666	0	minecraft:forest
-4500	-1500	-1000	1000	-1100	300	-10000	-3750	10000	10000	500	2666	0	minecraft:forest
-4500	-1500	-1000	1000	300	10000	-10000	-3750	0	0	500	2666	0	minecraft:forest
-4500	-1500	-1000	1000	300	10000	-10000	-3750	10000	10000	500	2666	0	minecraft:forest
-4500	-1500	-1000	1000	-1100	300	-3750	500	0	0	500	2666	0	minecraft:forest
-4500	-1500	-1000	1000	-1100	300	-3750	500	10000	10000	500	2666	0	minecraft:forest
-4500	-1500	-1000	1000	300	10000	-3750	500	0	0	500	2666	0	minecraft:forest
-4500	-1500	-1000	1000	300	10000	-3750	500	10000	10000	500	2666	0	minecraft:forest
-4500	-1500	-1000	1000	-1900	-1100	-2225	4500	0	0	500	2666	0	minecraft:beach
-4500	-1500	-1000	1000	-1900	-1100	-2225	4500	10000	10000	500	2666	0	minecraft:beach
-4500	-1500	-1000	1000	-1100	10000	500	4500	0	0	500	2666	0	minecraft:forest
-4500	-1500	-1000	1000	-1100	10000	500	4500	10000	10000	500	2666	0	minecraft:forest
-4500	-1500	-1000	1000	-1900	-1100	4500	5500	0	0	500	2666	0	minecraft:forest
-4500	-1500	-1000	1000	-1900	-1100	4500	5500	10000	10000	500	2666	0	minecraft:forest
-4500	-1500	-1000	1000	-1100	300	4500	5500	0	0	500	2666	0	minecraft:forest
-4500	-1500	-1000	1000	-1100	300	4500	5500	10000	10000	500	2666	0	minecraft:forest
-4500	-1500	-1000	1000	300	10000	4500	5500	0	0	500	2666	0	minecraft:forest
-4500	-1500	-1000	1000	300	10000	4500	5500	10000	10000	500	2666	0	minecraft:forest
-4500	-1500	-1000	1000	-1900	-1100	5500	10000	0	0	500	2666	0	minecraft:beach
-4500	-1500	-1000	1000	-1900	-1100	5500	10000	10000	10000	500	2666	0	minecraft:beach
-4500	-1500	1000	3000	-1100	300	-10000	-3750	0	0	500	2666	0	minecraft:taiga
-4500	-1500	1000	3000	-1100	300	-10000	-3750	10000	10000	500	2666	0	minecraft:taiga
-4500	-1500	1000	3000	300	10000	-10000	-3750	0	0	500	2666	0	minecraft:taiga
-4500	-1500	1000	3000	300	10000	-10000	-3750	10000	10000	500	2666	0	minecraft:taiga
-4500	-1500	1000	3000	-1100	300	-3750	500	0	0	500	2666	0	minecraft:taiga
-4500	-1500	1000	3000	-1100	300	-3750	500	10000	10000	500	2666	0	minecraft:taiga
-4500	-1500	1000	3000	300	10000	-3750	500	0	0	500	2666	0	minecraft:taiga
-4500	-1500	1000	3000	300	10000	-3750	500	10000	10000	500	2666	0	minecraft:taiga
-4500	-1500	1000	3000	-1900	-1100	-2225	4500	0	0	500	2666	0	minecraft:beach
-4500	-1500	1000	3000	-1900	-1100	-2225	4500	10000	10000	500	2666	0	minecraft:beach
-4500	-1500	1000	3000	-1100	10000	500	4500	0	0	500	2666	0	minecraft:taiga
-4500	-1500	1000	3000	-1100	10000	500	4500	10000	10000	500	2666	0	minecraft:taiga
-4500	-1500	1000	3000	-1900	-1100	4500	5500	0	0	500	2666	0	minecraft:taiga
-4500	-1500	1000	3000	-1900	-1100	4500	5500	10000	10000	500	2666	0	minecraft:taiga
-4500	-1500	1000	3000	-1100	300	4500	5500	0	0	500	2666	0	minecraft:taiga
-4500	-1500	1000	3000	-1100	300	4500	5500	10000	10000	500	2666	0	minecraft:taiga
-4500	-1500	1000	3000	300	10000	4500	5500	0	0	500	2666	0	minecraft:taiga
-4500	-1500	1000	3000	300	10000	4500	5500	10000	10000	500	2666	0	minecraft:taiga
-4500	-1500	1000	3000	-1900	-1100	5500	10000	0	0	500	2666	0	minecraft:beach
-4500	-1500	1000	3000	-1900	-1100	5500	10000	10000	10000	500	2666	0	minecraft:beach
-4500	-1500	3000	10000	-1100	300	-10000	-3750	0	0	500	2666	0	minecraft:old_growth_pine_taiga
-4500	-1500	3000	10000	-1100	300	-10000	-3750	10000	10000	500	2666	0	minecraft:old_growth_pine_taiga
-4500	-1500	3000	10000	300	10000	-10000	-3750	0	0	500	2666	0	minecraft:old_growth_pine_taiga
-4500	-1500	3000	10000	300	10000	-10000	-3750	10000	10000	500	2666	0	minecraft:old_growth_pine_taiga
-4500	-1500	3000	10000	-1100	300	-3750	500	0	0	500	2666	0	minecraft:old_growth_pine_taiga
-4500	-1500	3000	10000	-1100	300	-3750	500	10000	10000	500	2666	0	minecraft:old_growth_pine_taiga
-4500	-1500	3000	10000	300	10000	-3750	500	0	0	500	2666	0	minecraft:old_growth_pine_taiga
-4500	-1500	3000	10000	300	10000	-3750	500	10000	10000	500	2666	0	minecraft:old_growth_pine_taiga
-4500	-1500	3000	10000	-1900	-1100	-2225	4500	0	0	500	2666	0	minecraft:beach
-4500	-1500	3000	10000	-1900	-1100	-2225	4500	10000	10000	500	2666	0	minecraft:beach
-4500	-1500	3000	10000	-1100	10000	500	4500	0	0	500	2666	0	minecraft:old_growth_pine_taiga
-4500	-1500	3000	10000	-1100	10000	500	4500	10000	10000	500	2666	0	minecraft:old_growth_pine_taiga
-4500	-1500	3000	10000	-1900	-1100	4500	5500	0	0	500	2666	0	minecraft:old_growth_pine_taiga
-4500	-1500	3000	10000	-1900	-1100	4500	5500	10000	10000	500	2666	0	minecraft:old_growth_pine_taiga
-4500	-1500	3000	10000	-1100	300	4500	5500	0	0	500	2666	0	minecraft:old_growth_pine_taiga
-4500	-1500	3000	10000	-1100	300	4500	5500	10000	10000	500	2666	0	minecraft:old_growth_pine_taiga
-4500	-1500	3000	10000	300	10000	4500	5500	0	0	500	2666	0	minecraft:old_growth_pine_taiga
-4500	-1500	3000	10000	300	10000	4500	5500	10000	10000	500	2666	0	minecraft:old_growth_pine_taiga
-4500	-1500	3000	10000	-1900	-1100	5500	10000	0	0	500	2666	0	minecraft:beach
-4500	-1500	3000	10000	-1900	-1100	5500	10000	10000	10000	500	2666	0	minecraft:beach
-1500	2000	-10000	-3500	-1100	300	-10000	-3750	0	0	500	2666	0	minecraft:sunflower_plains
-1500	2000	-10000	-3500	-1100	300	-10000	-3750	10000	10000	500	2666	0	minecraft:sunflower_plains
-1500	2000	-10000	-3500	300	10000	-10000	-3750	0	0	500	2666	0	minecraft:sunflower_plains
-1500	2000	-10000	-3500	300	10000	-10000	-3750	10000	10000	500	2666	0	minecraft:sunflower_plains
-1500	2000	-10000	-3500	-1100	300	-3750	500	0	0	500	2666	0	minecraft:sunflower_plains
-1500	2000	-10000	-3500	-1100	300	-3750	500	10000	10000	500	2666	0	minecraft:sunflower_plains
-1500	2000	-10000	-3500	300	10000	-3750	500	0	0	500	2666	0	minecraft:sunflower_plains
-1500	2000	-10000	-3500	300	10000	-3750	500	10000	10000	500	2666	0	minecraft:sunflower_plains
-1500	2000	-10000	-3500	-1900	-1100	-2225	4500	0	0	500	2666	0	minecraft:beach
-1500	2000	-10000	-3500	-1900	-1100	-2225	4500	10000	10000	500	2666	0	minecraft:beach
-1500	2000	-10000	-3500	-1100	10000	500	4500	0	0	500	2666	0	minecraft:sunflower_plains
-1500	2000	-10000	-3500	-1100	10000	500	4500	10000	10000	500	2666	0	minecraft:sunflower_plains
-1500	2000	-10000	-3500	-1900	-1100	4500	5500	0	0	500	2666	0	minecraft:windswept_savanna
-1500	2000	-10000	-3500	-1900	-1100	4500	5500	10000	10000	500	2666	0	minecraft:windswept_savanna
-1500	2000	-10000	-3500	-1100	300	4500	5500	0	0	500	2666	0	minecraft:windswept_savanna
-1500	2000	-10000	-3500	-1100	300	4500	5500	10000	10000	500	2666	0	minecraft:windswept_savanna
-1500	2000	-10000	-3500	300	10000	4500	5500	0	0	500	2666	0	minecraft:sunflower_plains
-1500	2000	-10000	-3500	300	10000	4500	5500	10000	10000	500	2666	0	minecraft:sunflower_plains
-1500	2000	-10000	-3500	-1900	-1100	5500	10000	0	0	500	2666	0	minecraft:beach
-1500	2000	-10000	-3500	-1900	-1100	5500	10000	10000	10000	500	2666	0	minecraft:beach
-1500	2000	-3500	-1000	-1100	300	-10000	-3750	0	0	500	2666	0	minecraft:plains
-1500	2000	-3500	-1000	-1100	300	-10000	-3750	10000	10000	500	2666	0	minecraft:plains
-1500	2000	-3500	-1000	300	10000	-10000	-3750	0	0	500	2666	0	minecraft:plains
-1500	2000	-3500	-1000	300	10000	-10000	-3750	10000	10000	500	2666	0	minecraft:plains
-1500	2000	-3500	-1000	-1100	300	-3750	500	0	0	500	2666	0	minecraft:plains
-1500	2000	-3500	-1000	-1100	300	-3750	500	10000	10000	500	2666	0	minecraft:plains
-1500	2000	-3500	-1000	300	10000	-3750	500	0	0	500	2666	0	minecraft:plains
-1500	2000	-3500	-1000	300	10000	-3750	500	10000	10000	500	2666	0	minecraft:plains
-1500	2000	-3500	-1000	-1900	-1100	-2225	4500	0	0	500	2666	0	minecraft:beach
-1500	2000	-3500	-1000	-1900	-1100	-2225	4500	10000	10000	500	2666	0	minecraft:beach
-1500	2000	-3500	-1000	-1100	10000	500	4500	0	0	500	2666	0	minecraft:plains
-1500	2000	-3500	-1000	-1100	10000	500	4500	10000	10000	500	2666	0	minecraft:plains
-1500	2000	-3500	-1000	-1900	-1100	4500	5500	0	0	500	2666	0	minecraft:windswept_savanna
-1500	2000	-3500	-1000	-1900	-1100	4500	5500	10000	10000	500	2666	0	minecraft:windswept_savanna
-1500	2000	-3500	-1000	-1100	300	4500	5500	0	0	500	2666	0	minecraft:windswept_savanna
-1500	2000	-3500	-1000	-1100	300	4500	5500	10000	10000	500	2666	0	minecraft:windswept_savanna
-1500	2000	-3500	-1000	300	10000	4500	5500	0	0	500	2666	0	minecraft:plains
-1500	2000	-3500	-1000	300	10000	4500	5500	10000	10000	500	2666	0	minecraft:plains
-1500	2000	-3500	-1000	-1900	-1100	5500	10000	0	0	500	2666	0	minecraft:beach
-1500	2000	-3500	-1000	-1900	-1100	5500	10000	10000	10000	500	2666	0	minecraft:beach
-1500	2000	-1000	1000	-1100	300	-10000	-3750	0	0	500	2666	0	minecraft:forest
-1500	2000	-1000	1000	-1100	300	-10000	-3750	10000	10000	500	2666	0	minecraft:forest
-1500	2000	-1000	1000	300	10000	-10000	-3750	0	0	500	2666	0	minecraft:forest
-1500	2000	-1000	1000	300	10000	-10000	-3750	10000	10000	500	2666	0	minecraft:forest
-1500	2000	-1000	1000	-1100	300	-3750	500	0	0	500	2666	0	minecraft:forest
-1500	2000	-1000	1000	-1100	300	-3750	500	10000	10000	500	2666	0	minecraft:forest
-1500	2000	-1000	1000	300	10000	-3750	500	0	0	500	2666	0	minecraft:forest
-1500	2000	-1000	1000	300	10000	-3750	500	10000	10000	500	2666	0	minecraft:forest
-1500	2000	-1000	1000	-1900	-1100	-2225	4500	0	0	500	2666	0	minecraft:beach
-1500	2000	-1000	1000	-1900	-1100	-2225	4500	10000	10000	500	2666	0	minecraft:beach
-1500	2000	-1000	1000	-1100	10000	500	4500	0	0	500	2666	0	minecraft:forest
-1500	2000	-1000	1000	-1100	10000	500	4500	10000	10000	500	2666	0	minecraft:forest
-1500	2000	-1000	1000	-1900	-1100	4500	5500	0	0	500	2666	0	minecraft:windswept_savanna
-1500	2000	-1000	1000	-1900	-1100	4500	5500	10000	10000	500	2666	0	minecraft:windswept_savanna
-1500	2000	-1000	1000	-1100	300	4500	5500	0	0	500	2666	0	minecraft:windswept_savanna
-1500	2000	-1000	1000	-1100	300	4500	5500	10000	10000	500	2666	0	minecraft:windswept_savanna
-1500	2000	-1000	1000	300	10000	4500	5500	0	0	500	2666	0	minecraft:forest
-1500	2000	-1000	1000	300	10000	4500	5500	10000	10000	500	2666	0	minecraft:forest
-1500	2000	-1000	1000	-1900	-1100	5500	10000	0	0	500	2666	0	minecraft:beach
-1500	2000	-1000	1000	-1900	-1100	5500	10000	10000	10000	500	2666	0	minecraft:beach
-1500	2000	1000	3000	-1100	300	-10000	-3750	0	0	500	2666	0	minecraft:old_growth_birch_forest
-1500	2000	1000	3000	-1100	300	-10000	-3750	10000	10000	500	2666	0	minecraft:old_growth_birch_forest
-1500	2000	1000	3000	300	10000	-10000	-3750	0	0	500	2666	0	minecraft:old_growth_birch_forest
-1500	2000	1000	3000	300	10000	-10000	-3750	10000	10000	500	2666	0	minecraft:old_growth_birch_forest
-1500	2000	1000	3000	-1100	300	-3750	500	0	0	500	2666	0	minecraft:old_growth_birch_forest
-1500	2000	1000	3000	-1100	300	-3750	500	10000	10000	500	2666	0	minecraft:old_growth_birch_forest
-1500	2000	1000	3000	300	10000	-3750	500	0	0	500	2666	0	minecraft:old_growth_birch_forest
-1500	2000	1000	3000	300	10000	-3750	500	10000	10000	500	2666	0	minecraft:old_growth_birch_forest
-1500	2000	1000	3000	-1900	-1100	-2225	4500	0	0	500	2666	0	minecraft:beach
-1500	2000	1000	3000	-1900	-1100	-2225	4500	10000	10000	500	2666	0	minecraft:beach
-1500	2000	1000	3000	-1100	10000	500	4500	0	0	500	2666	0	minecraft:old_growth_birch_forest
-1500	2000	1000	3000	-1100	10000	500	4500	10000	10000	500	2666	0	minecraft:old_growth_birch_forest
-1500	2000	1000	3000	-1900	-1100	4500	5500	0	0	500	2666	0	minecraft:windswept_savanna
-1500	2000	1000	3000	-1900	-1100	4500	5500	10000	10000	500	2666	0	minecraft:windswept_savanna
-1500	2000	1000	3000	-1100	300	4500	5500	0	0	500	2666	0	minecraft:windswept_savanna
-1500	2000	1000	3000	-1100	300	4500	5500	10000	10000	500	2666	0	minecraft:windswept_savanna
-1500	2000	1000	3000	300	10000	4500	5500	0	0	500	2666	0	minecraft:old_growth_birch_forest
-1500	2000	1000	3000	300	10000	4500	5500	10000	10000	500	2666	0	minecraft:old_growth_birch_forest
-1500	2000	1000	3000	-1900	-1100	5500	10000	0	0	500	2666	0	minecraft:beach
-1500	2000	1000	3000	-1900	-1100	5500	10000	10000	10000	500	2666	0	minecraft:beach
-1500	2000	3000	10000	-1100	300	-10000	-3750	0	0	500	2666	0	minecraft:dark_forest
-1500	2000	3000	10000	-1100	300	-10000	-3750	10000	10000	500	2666	0	minecraft:dark_forest
-1500	2000	3000	10000	300	10000	-10000	-3750	0	0	500	2666	0	minecraft:dark_forest
-1500	2000	3000	10000	300	10000	-10000	-3750	10000	10000	500	2666	0	minecraft:dark_forest
-1500	2000	3000	10000	-1100	300	-3750	500	0	0	500	2666	0	minecraft:dark_forest
-1500	2000	3000	10000	-1100	300	-3750	500	10000	10000	500	2666	0	minecraft:dark_forest
-1500	2000	3000	10000	300	10000	-3750	500	0	0	500	2666	0	minecraft:dark_forest
-1500	2000	3000	10000	300	10000	-3750	500	10000	10000	500	2666	0	minecraft:dark_forest
-1500	2000	3000	10000	-1900	-1100	-2225	4500	0	0	500	2666	0	minecraft:beach
-1500	2000	3000	10000	-1900	-1100	-2225	4500	10000	10000	500	2666	0	minecraft:beach
-1500	2000	3000	10000	-1100	10000	500	4500	0	0	500	2666	0	minecraft:dark_forest
-1500	2000	3000	10000	-1100	10000	500	4500	10000	10000	500	2666	0	minecraft:dark_forest
-1500	2000	3000	10000	-1900	-1100	4500	5500	0	0	500	2666	0	minecraft:dark_forest
-1500	2000	3000	10000	-1900	-1100	4500	5500	10000	10000	500	2666	0	minecraft:dark_forest
-1500	2000	3000	10000	-1100	300	4500	5500	0	0	500	2666	0	minecraft:dark_forest
-1500	2000	3000	10000	-1100	300	4500	5500	10000	10000	500	2666	0	minecraft:dark_forest
-1500	2000	3000	10000	300	10000	4500	5500	0	0	500	2666	0	minecraft:dark_forest
-1500	2000	3000	10000	300	10000	4500	5500	10000	10000	500	2666	0	minecraft:dark_forest
-1500	2000	3000	10000	-1900	-1100	5500	10000	0	0	500	2666	0	minecraft:beach
-1500	2000	3000	10000	-1900	-1100	5500	10000	10000	10000	500	2666	0	minecraft:beach
2000	5500	-10000	-3500	-1100	300	-10000	-3750	0	0	500	2666	0	minecraft:savanna
2000	5500	-10000	-3500	-1100	300	-10000	-3750	10000	10000	500	2666	0	minecraft:savanna
2000	5500	-10000	-3500	300	10000	-10000	-3750	0	0	500	2666	0	minecraft:savanna
2000	5500	-10000	-3500	300	10000	-10000	-3750	10000	10000	500	2666	0	minecraft:savanna
2000	5500	-10000	-3500	-1100	300	-3750	500	0	0	500	2666	0	minecraft:savanna
2000	5500	-10000	-3500	-1100	300	-3750	500	10000	10000	500	2666	0	minecraft:savanna
2000	5500	-10000	-3500	300	10000	-3750	500	0	0	500	2666	0	minecraft:savanna
2000	5500	-10000	-3500	300	10000	-3750	500	10000	10000	500	2666	0	minecraft:savanna
2000	5500	-10000	-3500	-1900	-1100	-2225	4500	0	0	500	2666	0	minecraft:beach
2000	5500	-10000	-3500	-1900	-1100	-2225	4500	10000	10000	500	2666	0	minecraft:beach
2000	5500	-10000	-3500	-1100	10000	500	4500	0	0	500	2666	0	minecraft:savanna
2000	5500	-10000	-3500	-1100	10000	500	4500	10000	10000	500	2666	0	minecraft:savanna
2000	5500	-10000	-3500	-1900	-1100	4500	5500	0	0	500	2666	0	minecraft:windswept_savanna
2000	5500	-10000	-3500	-1900	-1100	4500	5500	10000	10000	500	2666	0	minecraft:windswept_savanna
2000	5500	-10000	-3500	-1100	300	4500	5500	0	0	500	2666	0	minecraft:windswept_savanna
2000	5500	-10000	-3500	-1100	300	4500	5500	10000	10000	500	2666	0	minecraft:windswept_savanna
2000	5500	-10000	-3500	300	10000	4500	5500	0	0	500	2666	0	minecraft:savanna
2000	5500	-10000	-3500	300	10000	4500	5500	10000	10000	500	2666	0	minecraft:savanna
2000	5500	-10000	-3500	-1900	-1100	5500	10000	0	0	500	2666	0	minecraft:beach
2000	5500	-10000	-3500	-1900	-1100	5500	10000	10000	10000	500	2666	0	minecraft:beach
2000	5500	-3500	-1000	-1100	300	-10000	-3750	0	0	500	2666	0	minecraft:savanna
2000	5500	-3500	-1000	-1100	300	-10000	-3750	10000	10000	500	2666	0	minecraft:savanna
2000	5500	-3500	-1000	300	10000	-10000	-3750	0	0	500	2666	0	minecraft:savanna
2000	5500	-3500	-1000	300	10000	-10000	-3750	10000	10000	500	2666	0	minecraft:savanna
2000	5500	-3500	-1000	-1100	300	-3750	500	0	0	500	2666	0	minecraft:savanna
2000	5500	-3500	-1000	-1100	300	-3750	500	10000	10000	500	2666	0	minecraft:savanna
2000	5500	-3500	-1000	300	10000	-3750	500	0	0	500	2666	0	minecraft:savanna
2000	5500	-3500	-1000	300	10000	-3750	500	10000	10000	500	2666	0	minecraft:savanna
2000	5500	-3500	-1000	-1900	-1100	-2225	4500	0	0	500	2666	0	minecraft:beach
2000	5500	-3500	-1000	-1900	-1100	-2225	4500	10000	10000	500	2666	0	minecraft:beach
2000	5500	-3500	-1000	-1100	10000	500	4500	0	0	500	2666	0	minecraft:savanna
2000	5500	-3500	-1000	-1100	10000	500	4500	10000	10000	500	2666	0	minecraft:savanna
2000	5500	-3500	-1000	-1900	-1100	4500	5500	0	0	500	2666	0	minecraft:windswept_savanna
2000	5500	-3500	-1000	-1900	-1100	4500	5500	10000	10000	500	2666	0	minecraft:windswept_savanna
2000	5500	-3500	-1000	-1100	300	4500	5500	0	0	500	2666	0	minecraft:windswept_savanna
2000	5500	-3500	-1000	-1100	300	4500	5500	10000	10000	500	2666	0	minecraft:windswept_savanna
2000	5500	-3500	-1000	300	10000	4500	5500	0	0	500	2666	0	minecraft:savanna
2000	5500	-3500	-1000	300	10000	4500	5500	10000	10000	500	2666	0	minecraft:savanna
2000	5500	-3500	-1000	-1900	-1100	5500	10000	0	0	500	2666	0	minecraft:beach
2000	5500	-3500	-1000	-1900	-1100	5500	10000	10000	10000	500	2666	0	minecraft:beach
2000	5500	-1000	1000	-1100	300	-10000	-3750	0	0	500	2666	0	minecraft:plains
2000	5500	-1000	1000	-1100	300	-10000	-3750	10000	10000	500	2666	0	minecraft:plains
2000	5500	-1000	1000	300	10000	-10000	-3750	0	0	500	2666	0	minecraft:plains
2000	5500	-1000	1000	300	10000	-10000	-3750	10000	10000	500	2666	0	minecraft:plains
2000	5500	-1000	1000	-1100	300	-3750	500	0	0	500	2666	0	minecraft:plains
2000	5500	-1000	1000	-1100	300	-3750	500	10000	10000	500	2666	0	minecraft:plains
2000	5500	-1000	1000	300	10000	-3750	500	0	0	500	2666	0	minecraft:plains
2000	5500	-1000	1000	300	10000	-3750	500	10000	10000	500	2666	0	minecraft:plains
2000	5500	-1000	1000	-1900	-1100	-2225	4500	0	0	500	2666	0	minecraft:beach
2000	5500	-1000	1000	-1900	-1100	-2225	4500	10000	10000	500	2666	0	minecraft:beach
2000	5500	-1000	1000	-1100	10000	500	4500	0	0	500	2666	0	minecraft:plains
2000	5500	-1000	1000	-1100	10000	500	4500	10000	10000	500	2666	0	minecraft:plains
2000	5500	-1000	1000	-1900	-1100	4500	5500	0	0	500	2666	0	minecraft:windswept_savanna
2000	5500	-1000	1000	-1900	-1100	4500	5500	10000	10000	500	2666	0	minecraft:windswept_savanna
2000	5500	-1000	1000	-1100	300	4500	5500	0	0	500	2666	0	minecraft:windswept_savanna
2000	5500	-1000	1000	-1100	300	4500	5500	10000	10000	500	2666	0	minecraft:windswept_savanna
2000	5500	-1000	1000	300	10000	4500	5500	0	0	500	2666	0	minecraft:plains
2000	5500	-1000	1000	300	10000	4500	5500	10000	10000	500	2666	0	minecraft:plains
2000	5500	-1000	1000	-1900	-1100	5500	10000	0	0	500	2666	0	minecraft:beach
2000	5500	-1000	1000	-1900	-1100	5500	10000	10000	10000	500	2666	0	minecraft:beach
2000	5500	1000	3000	-1100	300	-10000	-3750	0	0	500	2666	0	minecraft:sparse_jungle
2000	5500	1000	3000	-1100	300	-10000	-3750	10000	10000	500	2666	0	minecraft:sparse_jungle
2000	5500	1000	3000	300	10000	-10000	-3750	0	0	500	2666	0	minecraft:sparse_jungle
2000	5500	1000	3000	300	10000	-10000	-3750	10000	10000	500	2666	0	minecraft:sparse_jungle
2000	5500	1000	3000	-1100	300	-3750	500	0	0	500	2666	0	minecraft:sparse_jungle
2000	5500	1000	3000	-1100	300	-3750	500	10000	10000	500	2666	0	minecraft:sparse_jungle
2000	5500	1000	3000	300	10000	-3750	500	0	0	500	2666	0	minecraft:sparse_jungle
2000	5500	1000	3000	300	10000	-3750	500	10000	10000	500	2666	0	minecraft:sparse_jungle
2000	5500	1000	3000	-1900	-1100	-2225	4500	0	0	500	2666	0	minecraft:beach
2000	5500	1000	3000	-1900	-1100	-2225	4500	10000	10000	500	2666	0	minecraft:beach
2000	5500	1000	3000	-1100	10000	500	4500	0	0	500	2666	0	minecraft:sparse_jungle
2000	5500	1000	3000	-1100	10000	500	4500	10000	10000	500	2666	0	minecraft:sparse_jungle
2000	5500	1000	3000	-1900	-1100	4500	5500	0	0	500	2666	0	minecraft:windswept_savanna
2000	5500	1000	3000	-1900	-1100	4500	5500	10000	10000	500	2666	0	minecraft:windswept_savanna
2000	5500	1000	3000	-1100	300	4500	5500	0	0	500	2666	0	minecraft:windswept_savanna
2000	5500	1000	3000	-1100	300	4500	5500	10000	10000	500	2666	0	minecraft:windswept_savanna
2000	5500	1000	3000	300	10000	4500	5500	0	0	500	2666	0	minecraft:sparse_jungle
2000	5500	1000	3000	300	10000	4500	5500	10000	10000	500	2666	0	minecraft:sparse_jungle
2000	5500	1000	3000	-1900	-1100	5500	10000	0	0	500	2666	0	minecraft:beach
2000	5500	1000	3000	-1900	-1100	5500	10000	10000	10000	500	2666	0	minecraft:beach
2000	5500	3000	10000	-1100	300	-10000	-3750	0	0	500	2666	0	minecraft:bamboo_jungle
2000	5500	3000	10000	-1100	300	-10000	-3750	10000	10000	500	2666	0	minecraft:bamboo_jungle
2000	5500	3000	10000	300	10000	-10000	-3750	0	0	500	2666	0	minecraft:bamboo_jungle
2000	5500	3000	10000	300	10000	-10000	-3750	10000	10000	500	2666	0	minecraft:bamboo_jungle
2000	5500	3000	10000	-1100	300	-3750	500	0	0	500	2666	0	minecraft:bamboo_jungle
2000	5500	3000	10000	-1100	300	-3750	500	10000	10000	500	2666	0	minecraft:bamboo_jungle
2000	5500	3000	10000	300	10000	-3750	500	0	0	500	2666	0	minecraft:bamboo_jungle
2000	5500	3000	10000	300	10000	-3750	500	10000	10000	500	2666	0	minecraft:bamboo_jungle
2000	5500	3000	10000	-1900	-1100	-2225	4500	0	0	500	2666	0	minecraft:beach
2000	5500	3000	10000	-1900	-1100	-2225	4500	10000	10000	500	2666	0	minecraft:beach
2000	5500	3000	10000	-1100	10000	500	4500	0	0	500	2666	0	minecraft:bamboo_jungle
2000	5500	3000	10000	-1100	10000	500	4500	10000	10000	500	2666	0	minecraft:bamboo_jungle
2000	5500	3000	10000	-1900	-1100	4500	5500	0	0	500	2666	0	minecraft:bamboo_jungle
2000	5500	3000	10000	-1900	-1100	4500	5500	10000	10000	500	2666	0	minecraft:bamboo_jungle
2000	5500	3000	10000	-1100	300	4500	5500	0	0	500	2666	0	minecraft:bamboo_jungle
2000	5500	3000	10000	-1100	300	4500	5500	10000	10000	500	2666	0	minecraft:bamboo_jungle
2000	5500	3000	10000	300	10000	4500	5500	0	0	500	2666	0	minecraft:bamboo_jungle
2000	5500	3000	10000	300	10000	4500	5500	10000	10000	500	2666	0	minecraft:bamboo_jungle
2000	5500	3000	10000	-1900	-1100	5500	10000	0	0	500	2666	0	minecraft:beach
2000	5500	3000	10000	-1900	-1100	5500	10000	10000	10000	500	2666	0	minecraft:beach
5500	10000	-10000	-3500	-1100	300	-10000	-3750	0	0	500	2666	0	minecraft:eroded_badlands
5500	10000	-10000	-3500	-1100	300	-10000	-3750	10000	10000	500	2666	0	minecraft:eroded_badlands
5500	10000	-10000	-3500	300	10000	-10000	-3750	0	0	500	2666	0	minecraft:eroded_badlands
5500	10000	-10000	-3500	300	10000	-10000	-3750	10000	10000	500	2666	0	minecraft:eroded_badlands
5500	10000	-10000	-3500	-1100	300	-3750	500	0	0	500	2666	0	minecraft:desert
5500	10000	-10000	-3500	-1100	300	-3750	500	10000	10000	500	2666	0	minecraft:desert
5500	10000	-10000	-3500	300	10000	-3750	500	0	0	500	2666	0	minecraft:eroded_badlands
5500	10000	-10000	-3500	300	10000	-3750	500	10000	10000	500	2666	0	minecraft:eroded_badlands
5500	10000	-10000	-3500	-1900	-1100	-2225	4500	0	0	500	2666	0	minecraft:desert
5500	10000	-10000	-3500	-1900	-1100	-2225	4500	10000	10000	500	2666	0	minecraft:desert
5500	10000	-10000	-3500	-1100	10000	500	4500	0	0	500	2666	0	minecraft:desert
5500	10000	-10000	-3500	-1100	10000	500	4500	10000	10000	500	2666	0	minecraft:desert
5500	10000	-10000	-3500	-1900	-1100	4500	5500	0	0	500	2666	0	minecraft:windswept_savanna
5500	10000	-10000	-3500	-1900	-1100	4500	5500	10000	10000	500	2666	0	minecraft:windswept_savanna
5500	10000	-10000	-3500	-1100	300	4500	5500	0	0	500	2666	0	minecraft:windswept_savanna
5500	10000	-10000	-3500	-1100	300	4500	5500	10000	10000	500	2666	0	minecraft:windswept_savanna
5500	10000	-10000	-3500	300	10000	4500	5500	0	0	500	2666	0	minecraft:desert
5500	10000	-10000	-3500	300	10000	4500	5500	10000	10000	500	2666	0	minecraft:desert
5500	10000	-10000	-3500	-1900	-1100	5500	10000	0	0	500	2666	0	minecraft:desert
5500	10000	-10000	-3500	-1900	-1100	5500	10000	10000	10000	500	2666	0	minecraft:desert
5500	10000	-3500	-1000	-1100	300	-10000	-3750	0	0	500	2666	0	minecraft:eroded_badlands
5500	10000	-3500	-1000	-1100	300	-10000	-3750	10000	10000	500	2666	0	minecraft:eroded_badlands
5500	10000	-3500	-1000	300	10000	-10000	-3750	0	0	500	2666	0	minecraft:eroded_badlands
5500	10000	-3500	-1000	300	10000	-10000	-3750	10000	10000	500	2666	0	minecraft:eroded_badlands
5500	10000	-3500	-1000	-1100	300	-3750	500	0	0	500	2666	0	minecraft:desert
5500	10000	-3500	-1000	-1100	300	-3750	500	10000	10000	500	2666	0	minecraft:desert
5500	10000	-3500	-1000	300	10000	-3750	500	0	0	500	2666	0	minecraft:eroded_badlands
5500	10000	-3500	-1000	300	10000	-3750	500	10000	10000	500	2666	0	minecraft:eroded_badlands
5500	10000	-3500	-1000	-1900	-1100	-2225	4500	0	0	500	2666	0	minecraft:desert
5500	10000	-3500	-1000	-1900	-1100	-2225	4500	10000	10000	500	2666	0	minecraft:desert
5500	10000	-3500	-1000	-1100	10000	500	4500	0	0	500	2666	0	minecraft:desert
5500	10000	-3500	-1000	-1100	10000	500	4500	10000	10000	500	2666	0	minecraft:desert
5500	10000	-3500	-1000	-1900	-1100	4500	5500	0	0	500	2666	0	minecraft:windswept_savanna
5500	10000	-3500	-1000	-1900	-1100	4500	5500	10000	10000	500	2666	0	minecraft:windswept_savanna
5500	10000	-3500	-1000	-1100	300	4500	5500	0	0	500	2666	0	minecraft:windswept_savanna
5500	10000	-3500	-1000	-1100	300	4500	5500	10000	10000	500	2666	0	minecraft:windswept_savanna
5500	10000	-3500	-1000	300	10000	4500	5500	0	0	500	2666	0	minecraft:desert
5500	10000	-3500	-1000	300	10000	4500	5500	10000	10000	500	2666	0	minecraft:desert
5500	10000	-3500	-1000	-1900	-1100	5500	10000	0	0	500	2666	0	minecraft:desert
5500	10000	-3500	-1000	-1900	-1100	5500	10000	10000	10000	500	2666	0	minecraft:desert
5500	10000	-1000	1000	-1100	300	-10000	-3750	0	0	500	2666	0	minecraft:badlands
5500	10000	-1000	1000	-1100	300	-10000	-3750	10000	10000	500	2666	0	minecraft:badlands
5500	10000	-1000	1000	300	10000	-10000	-3750	0	0	500	2666	0	minecraft:badlands
5500	10000	-1000	1000	300	10000	-10000	-3750	10000	10000	500	2666	0	minecraft:badlands
5500	10000	-1000	1000	-1100	300	-3750	500	0	0	500	2666	0	minecraft:desert
5500	10000	-1000	1000	-1100	300	-3750	500	10000	10000	500	2666	0	minecraft:desert
5500	10000	-1000	1000	300	10000	-3750	500	0	0	500	2666	0	minecraft:badlands
5500	10000	-1000	1000	300	10000	-3750	500	10000	10000	500	2666	0	minecraft:badlands
5500	10000	-1000	1000	-1900	-1100	-2225	4500	0	0	500	2666	0	minecraft:desert
5500	10000	-1000	1000	-1900	-1100	-2225	4500	10000	10000	500	2666	0	minecraft:desert
5500	10000	-1000	1000	-1100	10000	500	4500	0	0	500	2666	0	minecraft:desert
5500	10000	-1000	1000	-1100	10000	500	4500	10000	10000	500	2666	0	minecraft:desert
5500	10000	-1000	1000	-1900	-1100	4500	5500	0	0	500	2666	0	minecraft:windswept_savanna
5500	10000	-1000	1000	-1900	-1100	4500	5500	10000	10000	500	2666	0	minecraft:windswept_savanna
5500	10000	-1000	1000	-1100	300	4500	5500	0	0	500	2666	0	minecraft:windswept_savanna
5500	10000	-1000	1000	-1100	300	4500	5500	10000	10000	500	2666	0	minecraft:windswept_savanna
5500	10000	-1000	1000	300	10000	4500	5500	0	0	500	2666	0	minecraft:desert
5500	10000	-1000	1000	300	10000	4500	5500	10000	10000	500	2666	0	minecraft:desert
5500	10000	-1000	1000	-1900	-1100	5500	10000	0	0	500	2666	0	minecraft:desert
5500	10000	-1000	1000	-1900	-1100	5500	10000	10000	10000	500	2666	0	minecraft:desert
5500	10000	1000	3000	-1100	300	-10000	-3750	0	0	500	2666	0	minecraft:wooded_badlands
5500	10000	1000	3000	-1100	300	-10000	-3750	10000	10000	500	2666	0	minecraft:wooded_badlands
5500	10000	1000	3000	300	10000	-10000	-3750	0	0	500	2666	0	minecraft:wooded_badlands
5500	10000	1000	3000	300	10000	-10000	-3750	10000	10000	500	2666	0	minecraft:wooded_badlands
5500	10000	1000	3000	-1100	300	-3750	500	0	0	500	2666	0	minecraft:desert
5500	10000	1000	3000	-1100	300	-3750	500	10000	10000	500	2666	0	minecraft:desert
5500	10000	1000	3000	300	10000	-3750	500	0	0	500	2666	0	minecraft:wooded_badlands
5500	10000	1000	3000	300	10000	-3750	500	10000	10000	500	2666	0	minecraft:wooded_badlands
5500	10000	1000	3000	-1900	-1100	-2225	4500	0	0	500	2666	0	minecraft:desert
5500	10000	1000	3000	-1900	-1100	-2225	4500	10000	10000	500	2666	0	minecraft:desert
5500	10000	1000	3000	-1100	10000	500	4500	0	0	500	2666	0	minecraft:desert
5500	10000	1000	3000	-1100	10000	500	4500	10000	10000	500	2666	0	minecraft:desert
5500	10000	1000	3000	-1900	-1100	4500	5500	0	0	500	2666	0	minecraft:windswept_savanna
5500	10000	1000	3000	-1900	-1100	4500	5500	10000	10000	500	2666	0	minecraft:windswept_savanna
5500	10000	1000	3000	-1100	300	4500	5500	0	0	500	2666	0	minecraft:windswept_savanna
5500	10000	1000	3000	-1100	300	4500	5500	10000	10000	500	2666	0	minecraft:windswept_savanna
5500	10000	1000	3000	300	10000	4500	5500	0	0	500	2666	0	minecraft:desert
5500	10000	1000	3000	300	10000	4500	5500	10000	10000	500	2666	0	minecraft:desert
5500	10000	1000	3000	-1900	-1100	5500	10000	0	0	500	2666	0	minecraft:desert
5500	10000	1000	3000	-1900	-1100	5500	10000	10000	10000	500	2666	0	minecraft:desert
5500	10000	3000	10000	-1100	300	-10000	-3750	0	0	500	2666	0	minecraft:wooded_badlands
5500	10000	3000	10000	-1100	300	-10000	-3750	10000	10000	500	2666	0	minecraft:wooded_badlands
5500	10000	3000	10000	300	10000	-10000	-3750	0	0	500	2666	0	minecraft:wooded_badlands
5500	10000	3000	10000	300	10000	-10000	-3750	10000	10000	500	2666	0	minecraft:wooded_badlands
5500	10000	3000	10000	-1100	300	-3750	500	0	0	500	2666	0	minecraft:desert
5500	10000	3000	10000	-1100	300	-3750	500	10000	10000	500	2666	0	minecraft:desert
5500	10000	3000	10000	300	10000	-3750	500	0	0	500	2666	0	minecraft:wooded_badlands
5500	10000	3000	10000	300	10000	-3750	500	10000	10000	500	2666	0	minecraft:wooded_badlands
5500	10000	3000	10000	-1900	-1100	-2225	4500	0	0	500	2666	0	minecraft:desert
5500	10000	3000	10000	-1900	-1100	-2225	4500	10000	10000	500	2666	0	minecraft:desert
5500	10000	3000	10000	-1100	10000	500	4500	0	0	500	2666	0	minecraft:desert
5500	10000	3000	10000	-1100	10000	500	4500	10000	10000	500	2666	0	minecraft:desert
5500	10000	3000	10000	-1900	-1100	4500	5500	0	0	500	2666	0	minecraft:desert
5500	10000	3000	10000	-1900	-1100	4500	5500	10000	10000	500	2666	0	minecraft:desert
5500	10000	3000	10000	-1100	300	4500	5500	0	0	500	2666	0	minecraft:desert
5500	10000	3000	10000	-1100	300	4500	5500	10000	10000	500	2666	0	minecraft:desert
5500	10000	3000	10000	300	10000	4500	5500	0	0	500	2666	0	minecraft:desert
5500	10000	3000	10000	300	10000	4500	5500	10000	10000	500	2666	0	minecraft:desert
5500	10000	3000	10000	-1900	-1100	5500	10000	0	0	500	2666	0	minecraft:desert
5500	10000	3000	10000	-1900	-1100	5500	10000	10000	10000	500	2666	0	minecraft:desert
-10000	10000	-10000	10000	-1900	-1100	-10000	-2225	0	0	2666	4000	0	minecraft:stony_shore
-10000	10000	-10000	10000	-1900	-1100	-10000	-2225	10000	10000	2666	4000	0	minecraft:stony_shore
-4500	2000	-10000	10000	-1100	10000	5500	10000	0	0	2666	4000	0	minecraft:swamp
-4500	2000	-10000	10000	-1100	10000	5500	10000	10000	10000	2666	4000	0	minecraft:swamp
2000	10000	-10000	10000	-1100	10000	5500	10000	0	0	2666	4000	0	minecraft:mangrove_swamp
2000	10000	-10000	10000	-1100	10000	5500	10000	10000	10000	2666	4000	0	minecraft:mangrove_swamp
-10000	-4500	-10000	-3500	-1100	10000	-10000	-7799	0	0	2666	4000	0	minecraft:snowy_slopes
-10000	-4500	-10000	-3500	-1100	10000	-10000	-7799	10000	10000	2666	4000	0	minecraft:snowy_slopes
-10000	-4500	-10000	-3500	-1100	3000	-7799	-3750	0	0	2666	4000	0	minecraft:snowy_slopes
-10000	-4500	-10000	-3500	-1100	3000	-7799	-3750	10000	10000	2666	4000	0	minecraft:snowy_slopes
-10000	-4500	-10000	-3500	3000	10000	-7799	-3750	0	0	2666	4000	0	minecraft:snowy_slopes
-10000	-4500	-10000	-3500	3000	10000	-7799	-3750	10000	10000	2666	4000	0	minecraft:snowy_slopes
-10000	-4500	-10000	-3500	-1100	300	-3750	-2225	0	0	2666	4000	0	minecraft:ice_spikes
-10000	-4500	-10000	-3500	-1100	300	-3750	-2225	10000	10000	2666	4000	0	minecraft:ice_spikes
-10000	-4500	-10000	-3500	300	3000	-3750	-2225	0	0	2666	4000	0	minecraft:ice_spikes
-10000	-4500	-10000	-3500	300	3000	-3750	-2225	10000	10000	2666	4000	0	minecraft:ice_spikes
-10000	-4500	-10000	-3500	3000	10000	-3750	-2225	0	0	2666	4000	0	minecraft:ice_spikes
-10000	-4500	-10000	-3500	3000	10000	-3750	-2225	10000	10000	2666	4000	0	minecraft:ice_spikes
-10000	-4500	-10000	-3500	-1900	300	-2225	500	0	0	2666	4000	0	minecraft:ice_spikes
-10000	-4500	-10000	-3500	-1900	300	-2225	500	10000	10000	2666	4000	0	minecraft:ice_spikes
-10000	-4500	-10000	-3500	300	10000	-2225	500	0	0	2666	4000	0	minecraft:ice_spikes
-10000	-4500	-10000	-3500	300	10000	-2225	500	10000	10000	2666	4000	0	minecraft:ice_spikes
-10000	-4500	-10000	-3500	-1900	10000	500	4500	0	0	2666	4000	0	minecraft:ice_spikes
-10000	-4500	-10000	-3500	-1900	10000	500	4500	10000	10000	2666	4000	0	minecraft:ice_spikes
-10000	-4500	-10000	-3500	-1900	-1100	4500	5500	0	0	2666	4000	0	minecraft:ice_spikes
-10000	-4500	-10000	-3500	-1900	-1100	4500	5500	10000	10000	2666	4000	0	minecraft:ice_spikes
-10000	-4500	-10000	-3500	-1100	300	4500	5500	0	0	2666	4000	0	minecraft:ice_spikes
-10000	-4500	-10000	-3500	-1100	300	4500	5500	10000	10000	2666	4000	0	minecraft:ice_spikes
-10000	-4500	-10000	-3500	300	10000	4500	5500	0	0	2666	4000	0	minecraft:windswept_gravelly_hills
-10000	-4500	-10000	-3500	300	10000	4500	5500	10000	10000	2666	4000	0	minecraft:windswept_gravelly_hills
-10000	-4500	-10000	-3500	-1900	-1100	5500	10000	0	0	2666	4000	0	minecraft:ice_spikes
-10000	-4500	-10000	-3500	-1900	-1100	5500	10000	10000	10000	2666	4000	0	minecraft:ice_spikes
-10000	-4500	-10000	-3500	-1100	10000	5500	10000	0	0	2666	4000	0	minecraft:ice_spikes
-10000	-4500	-10000	-3500	-1100	10000	5500	10000	10000	10000	2666	4000	0	minecraft:ice_spikes
-10000	-4500	-3500	-1000	-1100	10000	-10000	-7799	0	0	2666	4000	0	minecraft:snowy_slopes
-10000	-4500	-3500	-1000	-1100	10000	-10000	-7799	10000	10000	2666	4000	0	minecraft:snowy_slopes
-10000	-4500	-3500	-1000	-1100	3000	-7799	-3750	0	0	2666	4000	0	minecraft:snowy_slopes
-10000	-4500	-3500	-1000	-1100	3000	-7799	-3750	10000	10000	2666	4000	0	minecraft:snowy_slopes
-10000	-4500	-3500	-1000	3000	10000	-7799	-3750	0	0	2666	4000	0	minecraft:snowy_slopes
-10000	-4500	-3500	-1000	3000	10000	-7799	-3750	10000	10000	2666	4000	0	minecraft:snowy_slopes
-10000	-4500	-3500	-1000	-1100	300	-3750	-2225	0	0	2666	4000	0	minecraft:snowy_plains
-10000	-4500	-3500	-1000	-1100	300	-3750	-2225	10000	10000	2666	4000	0	minecraft:snowy_plains
-10000	-4500	-3500	-1000	300	3000	-3750	-2225	0	0	2666	4000	0	minecraft:snowy_plains
-10000	-4500	-3500	-1000	300	3000	-3750	-2225	10000	10000	2666	4000	0	minecraft:snowy_plains
-10000	-4500	-3500	-1000	3000	10000	-3750	-2225	0	0	2666	4000	0	minecraft:snowy_plains
-10000	-4500	-3500	-1000	3000	10000	-3750	-2225	10000	10000	2666	4000	0	minecraft:snowy_plains
-10000	-4500	-3500	-1000	-1900	300	-2225	500	0	0	2666	4000	0	minecraft:snowy_plains
-10000	-4500	-3500	-1000	-1900	300	-2225	500	10000	10000	2666	4000	0	minecraft:snowy_plains
-10000	-4500	-3500	-1000	300	10000	-2225	500	0	0	2666	4000	0	minecraft:snowy_plains
-10000	-4500	-3500	-1000	300	10000	-2225	500	10000	10000	2666	4000	0	minecraft:snowy_plains
-10000	-4500	-3500	-1000	-1900	10000	500	4500	0	0	2666	4000	0	minecraft:snowy_plains
-10000	-4500	-3500	-1000	-1900	10000	500	4500	10000	10000	2666	4000	0	minecraft:snowy_plains
-10000	-4500	-3500	-1000	-1900	-1100	4500	5500	0	0	2666	4000	0	minecraft:snowy_plains
-10000	-4500	-3500	-1000	-1900	-1100	4500	5500	10000	10000	2666	4000	0	minecraft:snowy_plains
-10000	-4500	-3500	-1000	-1100	300	4500	5500	0	0	2666	4000	0	minecraft:snowy_plains
-10000	-4500	-3500	-1000	-1100	300	4500	5500	10000	10000	2666	4000	0	minecraft:snowy_plains
-10000	-4500	-3500	-1000	300	10000	4500	5500	0	0	2666	4000	0	minecraft:windswept_gravelly_hills
-10000	-4500	-3500	-1000	300	10000	4500	5500	10000	10000	2666	4000	0	minecraft:windswept_gravelly_hills
-10000	-4500	-3500	-1000	-1900	-1100	5500	10000	0	0	2666	4000	0	minecraft:snowy_plains
-10000	-4500	-3500	-1000	-1900	-1100	5500	10000	10000	10000	2666	4000	0	minecraft:snowy_plains
-10000	-4500	-3500	-1000	-1100	10000	5500	10000	0	0	2666	4000	0	minecraft:snowy_plains
-10000	-4500	-3500	-1000	-1100	10000	5500	10000	10000	10000	2666	4000	0	minecraft:snowy_plains
-10000	-4500	-1000	1000	-1100	10000	-10000	-7799	0	0	2666	4000	0	minecraft:grove
-10000	-4500	-1000	1000	-1100	10000	-10000	-7799	10000	10000	2666	4000	0	minecraft:grove
-10000	-4500	-1000	1000	-1100	3000	-7799	-3750	0	0	2666	4000	0	minecraft:grove
-10000	-4500	-1000	1000	-1100	3000	-7799	-3750	10000	10000	2666	4000	0	minecraft:grove
-10000	-4500	-1000	1000	3000	10000	-7799	-3750	0	0	2666	4000	0	minecraft:grove
-10000	-4500	-1000	1000	3000	10000	-7799	-3750	10000	10000	2666	4000	0	minecraft:grove
-10000	-4500	-1000	1000	-1100	300	-3750	-2225	0	0	2666	4000	0	minecraft:snowy_taiga
-10000	-4500	-1000	1000	-1100	300	-3750	-2225	10000	10000	2666	4000	0	minecraft:snowy_taiga
-10000	-4500	-1000	1000	300	3000	-3750	-2225	0	0	2666	4000	0	minecraft:snowy_taiga
-10000	-4500	-1000	1000	300	3000	-3750	-2225	10000	10000	2666	4000	0	minecraft:snowy_taiga
-10000	-4500	-1000	1000	3000	10000	-3750	-2225	0	0	2666	4000	0	minecraft:snowy_plains
-10000	-4500	-1000	1000	3000	10000	-3750	-2225	10000	10000	2666	4000	0	minecraft:snowy_plains
-10000	-4500	-1000	1000	-1900	300	-2225	500	0	0	2666	4000	0	minecraft:snowy_taiga
-10000	-4500	-1000	1000	-1900	300	-2225	500	10000	10000	2666	4000	0	minecraft:snowy_taiga
-10000	-4500	-1000	1000	300	10000	-2225	500	0	0	2666	4000	0	minecraft:snowy_taiga
-10000	-4500	-1000	1000	300	10000	-2225	500	10000	10000	2666	4000	0	minecraft:snowy_taiga
-10000	-4500	-1000	1000	-1900	10000	500	4500	0	0	2666	4000	0	minecraft:snowy_taiga
-10000	-4500	-1000	1000	-1900	10000	500	4500	10000	10000	2666	4000	0	minecraft:snowy_taiga
-10000	-4500	-1000	1000	-1900	-1100	4500	5500	0	0	2666	4000	0	minecraft:snowy_taiga
-10000	-4500	-1000	1000	-1900	-1100	4500	5500	10000	10000	2666	4000	0	minecraft:snowy_taiga
-10000	-4500	-1000	1000	-1100	300	4500	5500	0	0	2666	4000	0	minecraft:snowy_taiga
-10000	-4500	-1000	1000	-1100	300	4500	5500	10000	10000	2666	4000	0	minecraft:snowy_taiga
-10000	-4500	-1000	1000	300	10000	4500	5500	0	0	2666	4000	0	minecraft:windswept_hills
-10000	-4500	-1000	1000	300	10000	4500	5500	10000	10000	2666	4000	0	minecraft:windswept_hills
-10000	-4500	-1000	1000	-1900	-1100	5500	10000	0	0	2666	4000	0	minecraft:snowy_taiga
-10000	-4500	-1000	1000	-1900	-1100	5500	10000	10000	10000	2666	4000	0	minecraft:snowy_taiga
-10000	-4500	-1000	1000	-1100	10000	5500	10000	0	0	2666	4000	0	minecraft:snowy_taiga
-10000	-4500	-1000	1000	-1100	10000	5500	10000	10000	10000	2666	4000	0	minecraft:snowy_taiga
-10000	-4500	1000	3000	-1100	10000	-10000	-7799	0	0	2666	4000	0	minecraft:grove
-10000	-4500	1000	3000	-1100	10000	-10000	-7799	10000	10000	2666	4000	0	minecraft:grove
-10000	-4500	1000	3000	-1100	3000	-7799	-3750	0	0	2666	4000	0	minecraft:grove
-10000	-4500	1000	3000	-1100	3000	-7799	-3750	10000	10000	2666	4000	0	minecraft:grove
-10000	-4500	1000	3000	3000	10000	-7799	-3750	0	0	2666	4000	0	minecraft:grove
-10000	-4500	1000	3000	3000	10000	-7799	-3750	10000	10000	2666	4000	0	minecraft:grove
-10000	-4500	1000	3000	-1100	300	-3750	-2225	0	0	2666	4000	0	minecraft:snowy_taiga
-10000	-4500	1000	3000	-1100	300	-3750	-2225	10000	10000	2666	4000	0	minecraft:snowy_taiga
-10000	-4500	1000	3000	300	3000	-3750	-2225	0	0	2666	4000	0	minecraft:snowy_taiga
-10000	-4500	1000	3000	300	3000	-3750	-2225	10000	10000	2666	4000	0	minecraft:snowy_taiga
-10000	-4500	1000	3000	3000	10000	-3750	-2225	0	0	2666	4000	0	minecraft:snowy_taiga
-10000	-4500	1000	3000	3000	10000	-3750	-2225	10000	10000	2666	4000	0	minecraft:snowy_taiga
-10000	-4500	1000	3000	-1900	300	-2225	500	0	0	2666	4000	0	minecraft:snowy_taiga
-10000	-4500	1000	3000	-1900	300	-2225	500	10000	10000	2666	4000	0	minecraft:snowy_taiga
-10000	-4500	1000	3000	300	10000	-2225	500	0	0	2666	4000	0	minecraft:snowy_taiga
-10000	-4500	1000	3000	300	10000	-2225	500	10000	10000	2666	4000	0	minecraft:snowy_taiga
-10000	-4500	1000	3000	-1900	10000	500	4500	0	0	2666	4000	0	minecraft:snowy_taiga
-10000	-4500	1000	3000	-1900	10000	500	4500	10000	10000	2666	4000	0	minecraft:snowy_taiga
-10000	-4500	1000	3000	-1900	-1100	4500	5500	0	0	2666	4000	0	minecraft:snowy_taiga
-10000	-4500	1000	3000	-1900	-1100	4500	5500	10000	10000	2666	4000	0	minecraft:snowy_taiga
-10000	-4500	1000	3000	-1100	300	4500	5500	0	0	2666	4000	0	minecraft:snowy_taiga
-10000	-4500	1000	3000	-1100	300	4500	5500	10000	10000	2666	4000	0	minecraft:snowy_taiga
-10000	-4500	1000	3000	300	10000	4500	5500	0	0	2666	4000	0	minecraft:windswept_forest
-10000	-4500	1000	3000	300	10000	4500	5500	10000	10000	2666	4000	0	minecraft:windswept_forest
-10000	-4500	1000	3000	-1900	-1100	5500	10000	0	0	2666	4000	0	minecraft:snowy_taiga
-10000	-4500	1000	3000	-1900	-1100	5500	10000	10000	10000	2666	4000	0	minecraft:snowy_taiga
-10000	-4500	1000	3000	-1100	10000	5500	10000	0	0	2666	4000	0	minecraft:snowy_taiga
-10000	-4500	1000	3000	-1100	10000	5500	10000	10000	10000	2666	4000	0	minecraft:snowy_taiga
-10000	-4500	3000	10000	-1100	10000	-10000	-7799	0	0	2666	4000	0	minecraft:grove
-10000	-4500	3000	10000	-1100	10000	-10000	-7799	10000	10000	2666	4000	0	minecraft:grove
-10000	-4500	3000	10000	-1100	3000	-7799	-3750	0	0	2666	4000	0	minecraft:grove
-10000	-4500	3000	10000	-1100	3000	-7799	-3750	10000	10000	2666	4000	0	minecraft:grove
-10000	-4500	3000	10000	3000	10000	-7799	-3750	0	0	2666	4000	0	minecraft:grove
-10000	-4500	3000	10000	3000	10000	-7799	-3750	10000	10000	2666	4000	0	minecraft:grove
-10000	-4500	3000	10000	-1100	300	-3750	-2225	0	0	2666	4000	0	minecraft:taiga
-10000	-4500	3000	10000	-1100	300	-3750	-2225	10000	10000	2666	4000	0	minecraft:taiga
-10000	-4500	3000	10000	300	3000	-3750	-2225	0	0	2666	4000	0	minecraft:taiga
-10000	-4500	3000	10000	300	3000	-3750	-2225	10000	10000	2666	4000	0	minecraft:taiga
-10000	-4500	3000	10000	3000	10000	-3750	-2225	0	0	2666	4000	0	minecraft:snowy_taiga
-10000	-4500	3000	10000	3000	10000	-3750	-2225	10000	10000	2666	4000	0	minecraft:snowy_taiga
-10000	-4500	3000	10000	-1900	300	-2225	500	0	0	2666	4000	0	minecraft:taiga
-10000	-4500	3000	10000	-1900	300	-2225	500	10000	10000	2666	4000	0	minecraft:taiga
-10000	-4500	3000	10000	300	10000	-2225	500	0	0	2666	4000	0	minecraft:taiga
-10000	-4500	3000	10000	300	10000	-2225	500	10000	10000	2666	4000	0	minecraft:taiga
-10000	-4500	3000	10000	-1900	10000	500	4500	0	0	2666	4000	0	minecraft:taiga
-10000	-4500	3000	10000	-1900	10000	500	4500	10000	10000	2666	4000	0	minecraft:taiga
-10000	-4500	3000	10000	-1900	-1100	4500	5500	0	0	2666	4000	0	minecraft:taiga
-10000	-4500	3000	10000	-1900	-1100	4500	5500	10000	10000	2666	4000	0	minecraft:taiga
-10000	-4500	3000	10000	-1100	300	4500	5500	0	0	2666	4000	0	minecraft:taiga
-10000	-4500	3000	10000	-1100	300	4500	5500	10000	10000	2666	4000	0	minecraft:taiga
-10000	-4500	3000	10000	300	10000	4500	5500	0	0	2666	4000	0	minecraft:windswept_forest
-10000	-4500	3000	10000	300	10000	4500	5500	10000	10000	2666	4000	0	minecraft:windswept_forest
-10000	-4500	3000	10000	-1900	-1100	5500	10000	0	0	2666	4000	0	minecraft:taiga
-10000	-4500	3000	10000	-1900	-1100	5500	10000	10000	10000	2666	4000	0	minecraft:taiga
-10000	-4500	3000	10000	-1100	10000	5500	10000	0	0	2666	4000	0	minecraft:taiga
-10000	-4500	3000	10000	-1100	10000	5500	10000	10000	10000	2666	4000	0	minecraft:taiga
-4500	-1500	-10000	-3500	-1100	10000	-10000	-7799	0	0	2666	4000	0	minecraft:snowy_slopes
-4500	-1500	-10000	-3500	-1100	10000	-10000	-7799	10000	10000	2666	4000	0	minecraft:snowy_slopes
-4500	-1500	-10000	-3500	-1100	3000	-7799	-3750	0	0	2666	4000	0	minecraft:plains
-4500	-1500	-10000	-3500	-1100	3000	-7799	-3750	10000	10000	2666	4000	0	minecraft:plains
-4500	-1500	-10000	-3500	3000	10000	-7799	-3750	0	0	2666	4000	0	minecraft:cherry_grove
-4500	-1500	-10000	-3500	3000	10000	-7799	-3750	10000	10000	2666	4000	0	minecraft:cherry_grove
-4500	-1500	-10000	-3500	-1100	300	-3750	-2225	0	0	2666	4000	0	minecraft:plains
-4500	-1500	-10000	-3500	-1100	300	-3750	-2225	10000	10000	2666	4000	0	minecraft:plains
-4500	-1500	-10000	-3500	300	3000	-3750	-2225	0	0	2666	4000	0	minecraft:plains
-4500	-1500	-10000	-3500	300	3000	-3750	-2225	10000	10000	2666	4000	0	minecraft:plains
-4500	-1500	-10000	-3500	3000	10000	-3750	-2225	0	0	2666	4000	0	minecraft:cherry_grove
-4500	-1500	-10000	-3500	3000	10000	-3750	-2225	10000	10000	2666	4000	0	minecraft:cherry_grove
-4500	-1500	-10000	-3500	-1900	300	-2225	500	0	0	2666	4000	0	minecraft:plains
-4500	-1500	-10000	-3500	-1900	300	-2225	500	10000	10000	2666	4000	0	minecraft:plains
-4500	-1500	-10000	-3500	300	10000	-2225	500	0	0	2666	4000	0	minecraft:plains
-4500	-1500	-10000	-3500	300	10000	-2225	500	10000	10000	2666	4000	0	minecraft:plains
-4500	-1500	-10000	-3500	-1900	10000	500	4500	0	0	2666	4000	0	minecraft:plains
-4500	-1500	-10000	-3500	-1900	10000	500	4500	10000	10000	2666	4000	0	minecraft:plains
-4500	-1500	-10000	-3500	-1900	-1100	4500	5500	0	0	2666	4000	0	minecraft:plains
-4500	-1500	-10000	-3500	-1900	-1100	4500	5500	10000	10000	2666	4000	0	minecraft:plains
-4500	-1500	-10000	-3500	-1100	300	4500	5500	0	0	2666	4000	0	minecraft:plains
-4500	-1500	-10000	-3500	-1100	300	4500	5500	10000	10000	2666	4000	0	minecraft:plains
-4500	-1500	-10000	-3500	300	10000	4500	5500	0	0	2666	4000	0	minecraft:windswept_gravelly_hills
-4500	-1500	-10000	-3500	300	10000	4500	5500	10000	10000	2666	4000	0	minecraft:windswept_gravelly_hills
-4500	-1500	-10000	-3500	-1900	-1100	5500	10000	0	0	2666	4000	0	minecraft:plains
-4500	-1500	-10000	-3500	-1900	-1100	5500	10000	10000	10000	2666	4000	0	minecraft:plains
-4500	-1500	-3500	-1000	-1100	10000	-10000	-7799	0	0	2666	4000	0	minecraft:snowy_slopes
-4500	-1500	-3500	-1000	-1100	10000	-10000	-7799	10000	10000	2666	4000	0	minecraft:snowy_slopes
-4500	-1500	-3500	-1000	-1100	3000	-7799	-3750	0	0	2666	4000	0	minecraft:plains
-4500	-1500	-3500	-1000	-1100	3000	-7799	-3750	10000	10000	2666	4000	0	minecraft:plains
-4500	-1500	-3500	-1000	3000	10000	-7799	-3750	0	0	2666	4000	0	minecraft:meadow
-4500	-1500	-3500	-1000	3000	10000	-7799	-3750	10000	10000	2666	4000	0	minecraft:meadow
-4500	-1500	-3500	-1000	-1100	300	-3750	-2225	0	0	2666	4000	0	minecraft:plains
-4500	-1500	-3500	-1000	-1100	300	-3750	-2225	10000	10000	2666	4000	0	minecraft:plains
-4500	-1500	-3500	-1000	300	3000	-3750	-2225	0	0	2666	4000	0	minecraft:plains
-4500	-1500	-3500	-1000	300	3000	-3750	-2225	10000	10000	2666	4000	0	minecraft:plains
-4500	-1500	-3500	-1000	3000	10000	-3750	-2225	0	0	2666	4000	0	minecraft:meadow
-4500	-1500	-3500	-1000	3000	10000	-3750	-2225	10000	10000	2666	4000	0	minecraft:meadow
-4500	-1500	-3500	-1000	-1900	300	-2225	500	0	0	2666	4000	0	minecraft:plains
-4500	-1500	-3500	-1000	-1900	300	-2225	500	10000	10000	2666	4000	0	minecraft:plains
-4500	-1500	-3500	-1000	300	10000	-2225	500	0	0	2666	4000	0	minecraft:plains
-4500	-1500	-3500	-1000	300	10000	-2225	500	10000	10000	2666	4000	0	minecraft:plains
-4500	-1500	-3500	-1000	-1900	10000	500	4500	0	0	2666	4000	0	minecraft:plains
-4500	-1500	-3500	-1000	-1900	10000	500	4500	10000	10000	2666	4000	0	minecraft:plains
-4500	-1500	-3500	-1000	-1900	-1100	4500	5500	0	0	2666	4000	0	minecraft:plains
-4500	-1500	-3500	-1000	-1900	-1100	4500	5500	10000	10000	2666	4000	0	minecraft:plains
-4500	-1500	-3500	-1000	-1100	300	4500	5500	0	0	2666	4000	0	minecraft:plains
-4500	-1500	-3500	-1000	-1100	300	4500	5500	10000	10000	2666	4000	0	minecraft:plains
-4500	-1500	-3500	-1000	300	10000	4500	5500	0	0	2666	4000	0	minecraft:windswept_gravelly_hills
-4500	-1500	-3500	-1000	300	10000	4500	5500	10000	10000	2666	4000	0	minecraft:windswept_gravelly_hills
-4500	-1500	-3500	-1000	-1900	-1100	5500	10000	0	0	2666	4000	0	minecraft:plains
-4500	-1500	-3500	-1000	-1900	-1100	5500	10000	10000	10000	2666	4000	0	minecraft:plains
-4500	-1500	-1000	1000	-1100	10000	-10000	-7799	0	0	2666	4000	0	minecraft:grove
-4500	-1500	-1000	1000	-1100	10000	-10000	-7799	10000	10000	2666	4000	0	minecraft:grove
-4500	-1500	-1000	1000	-1100	3000	-7799	-3750	0	0	2666	4000	0	minecraft:forest
-4500	-1500	-1000	1000	-1100	3000	-7799	-3750	10000	10000	2666	4000	0	minecraft:forest
-4500	-1500	-1000	1000	3000	10000	-7799	-3750	0	0	2666	4000	0	minecraft:meadow
-4500	-1500	-1000	1000	3000	10000	-7799	-3750	10000	10000	2666	4000	0	minecraft:meadow
-4500	-1500	-1000	1000	-1100	300	-3750	-2225	0	0	2666	4000	0	minecraft:forest
-4500	-1500	-1000	1000	-1100	300	-3750	-2225	10000	10000	2666	4000	0	minecraft:forest
-4500	-1500	-1000	1000	300	3000	-3750	-2225	0	0	2666	4000	0	minecraft:forest
-4500	-1500	-1000	1000	300	3000	-3750	-2225	10000	10000	2666	4000	0	minecraft:forest
-4500	-1500	-1000	1000	3000	10000	-3750	-2225	0	0	2666	4000	0	minecraft:meadow
-4500	-1500	-1000	1000	3000	10000	-3750	-2225	10000	10000	2666	4000	0	minecraft:meadow
-4500	-1500	-1000	1000	-1900	300	-2225	500	0	0	2666	4000	0	minecraft:forest
-4500	-1500	-1000	1000	-1900	300	-2225	500	10000	10000	2666	4000	0	minecraft:forest
-4500	-1500	-1000	1000	300	10000	-2225	500	0	0	2666	4000	0	minecraft:forest
-4500	-1500	-1000	1000	300	10000	-2225	500	10000	10000	2666	4000	0	minecraft:forest
-4500	-1500	-1000	1000	-1900	10000	500	4500	0	0	2666	4000	0	minecraft:forest
-4500	-1500	-1000	1000	-1900	10000	500	4500	10000	10000	2666	4000	0	minecraft:forest
-4500	-1500	-1000	1000	-1900	-1100	4500	5500	0	0	2666	4000	0	minecraft:forest
-4500	-1500	-1000	1000	-1900	-1100	4500	5500	10000	10000	2666	4000	0	minecraft:forest
-4500	-1500	-1000	1000	-1100	300	4500	5500	0	0	2666	4000	0	minecraft:forest
-4500	-1500	-1000	1000	-1100	300	4500	5500	10000	10000	2666	4000	0	minecraft:forest
-4500	-1500	-1000	1000	300	10000	4500	5500	0	0	2666	4000	0	minecraft:windswept_hills
-4500	-1500	-1000	1000	300	10000	4500	5500	10000	10000	2666	4000	0	minecraft:windswept_hills
-4500	-1500	-1000	1000	-1900	-1100	5500	10000	0	0	2666	4000	0	minecraft:forest
-4500	-1500	-1000	1000	-1900	-1100	5500	10000	10000	10000	2666	4000	0	minecraft:forest
-4500	-1500	1000	3000	-1100	10000	-10000	-7799	0	0	2666	4000	0	minecraft:grove
-4500	-1500	1000	3000	-1100	10000	-10000	-7799	10000	10000	2666	4000	0	minecraft:grove
-4500	-1500	1000	3000	-1100	3000	-7799	-3750	0	0	2666	4000	0	minecraft:taiga
-4500	-1500	1000	3000	-1100	3000	-7799	-3750	10000	10000	2666	4000	0	minecraft:taiga
-4500	-1500	1000	3000	3000	10000	-7799	-3750	0	0	2666	4000	0	minecraft:meadow
-4500	-1500	1000	3000	3000	10000	-7799	-3750	10000	10000	2666	4000	0	minecraft:meadow
-4500	-1500	1000	3000	-1100	300	-3750	-2225	0	0	2666	4000	0	minecraft:taiga
-4500	-1500	1000	3000	-1100	300	-3750	-2225	10000	10000	2666	4000	0	minecraft:taiga
-4500	-1500	1000	3000	300	3000	-3750	-2225	0	0	2666	4000	0	minecraft:taiga
-4500	-1500	1000	3000	300	3000	-3750	-2225	10000	10000	2666	4000	0	minecraft:taiga
-4500	-1500	1000	3000	3000	10000	-3750	-2225	0	0	2666	4000	0	minecraft:meadow
-4500	-1500	1000	3000	3000	10000	-3750	-2225	10000	10000	2666	4000	0	minecraft:meadow
-4500	-1500	1000	3000	-1900	300	-2225	500	0	0	2666	4000	0	minecraft:taiga
-4500	-1500	1000	3000	-1900	300	-2225	500	10000	10000	2666	4000	0	minecraft:taiga
-4500	-1500	1000	3000	300	10000	-2225	500	0	0	2666	4000	0	minecraft:taiga
-4500	-1500	1000	3000	300	10000	-2225	500	10000	10000	2666	4000	0	minecraft:taiga
-4500	-1500	1000	3000	-1900	10000	500	4500	0	0	2666	4000	0	minecraft:taiga
-4500	-1500	1000	3000	-1900	10000	500	4500	10000	10000	2666	4000	0	minecraft:taiga
-4500	-1500	1000	3000	-1900	-1100	4500	5500	0	0	2666	4000	0	minecraft:taiga
-4500	-1500	1000	3000	-1900	-1100	4500	5500	10000	10000	2666	4000	0	minecraft:taiga
-4500	-1500	1000	3000	-1100	300	4500	5500	0	0	2666	4000	0	minecraft:taiga
-4500	-1500	1000	3000	-1100	300	4500	5500	10000	10000	2666	4000	0	minecraft:taiga
-4500	-1500	1000	3000	300	10000	4500	5500	0	0	2666	4000	0	minecraft:windswept_forest
-4500	-1500	1000	3000	300	10000	4500	5500	10000	10000	2666	4000	0	minecraft:windswept_forest
-4500	-1500	1000	3000	-1900	-1100	5500	10000	0	0	2666	4000	0	minecraft:taiga
-4500	-1500	1000	3000	-1900	-1100	5500	10000	10000	10000	2666	4000	0	minecraft:taiga
-4500	-1500	3000	10000	-1100	10000	-10000	-7799	0	0	2666	4000	0	minecraft:grove
-4500	-1500	3000	10000	-1100	10000	-10000	-7799	10000	10000	2666	4000	0	minecraft:grove
-4500	-1500	3000	10000	-1100	3000	-7799	-3750	0	0	2666	4000	0	minecraft:old_growth_pine_taiga
-4500	-1500	3000	10000	-1100	3000	-7799	-3750	10000	10000	2666	4000	0	minecraft:old_growth_pine_taiga
-4500	-1500	3000	10000	3000	10000	-7799	-3750	0	0	2666	4000	0	minecraft:old_growth_pine_taiga
-4500	-1500	3000	10000	3000	10000	-7799	-3750	10000	10000	2666	4000	0	minecraft:old_growth_pine_taiga
-4500	-1500	3000	10000	-1100	300	-3750	-2225	0	0	2666	4000	0	minecraft:old_growth_pine_taiga
-4500	-1500	3000	10000	-1100	300	-3750	-2225	10000	10000	2666	4000	0	minecraft:old_growth_pine_taiga
-4500	-1500	3000	10000	300	3000	-3750	-2225	0	0	2666	4000	0	minecraft:old_growth_pine_taiga
-4500	-1500	3000	10000	300	3000	-3750	-2225	10000	10000	2666	4000	0	minecraft:old_growth_pine_taiga
-4500	-1500	3000	10000	3000	10000	-3750	-2225	0	0	2666	4000	0	minecraft:old_growth_pine_taiga
-4500	-1500	3000	10000	3000	10000	-3750	-2225	10000	10000	2666	4000	0	minecraft:old_growth_pine_taiga
-4500	-1500	3000	10000	-1900	300	-2225	500	0	0	2666	4000	0	minecraft:old_growth_pine_taiga
-4500	-1500	3000	10000	-1900	300	-2225	500	10000	10000	2666	4000	0	minecraft:old_growth_pine_taiga
-4500	-1500	3000	10000	300	10000	-2225	500	0	0	2666	4000	0	minecraft:old_growth_pine_taiga
-4500	-1500	3000	10000	300	10000	-2225	500	10000	10000	2666	4000	0	minecraft:old_growth_pine_taiga
-4500	-1500	3000	10000	-1900	10000	500	4500	0	0	2666	4000	0	minecraft:old_growth_pine_taiga
-4500	-1500	3000	10000	-1900	10000	500	4500	10000	10000	2666	4000	0	minecraft:old_growth_pine_taiga
-4500	-1500	3000	10000	-1900	-1100	4500	5500	0	0	2666	4000	0	minecraft:old_growth_pine_taiga
-4500	-1500	3000	10000	-1900	-1100	4500	5500	10000	10000	2666	4000	0	minecraft:old_growth_pine_taiga
-4500	-1500	3000	10000	-1100	300	4500	5500	0	0	2666	4000	0	minecraft:old_growth_pine_taiga
-4500	-1500	3000	10000	-1100	300	4500	5500	10000	10000	2666	4000	0	minecraft:old_growth_pine_taiga
-4500	-1500	3000	10000	300	10000	4500	5500	0	0	2666	4000	0	minecraft:windswept_forest
-4500	-1500	3000	10000	300	10000	4500	5500	10000	10000	2666	4000	0	minecraft:windswept_forest
-4500	-1500	3000	10000	-1900	-1100	5500	10000	0	0	2666	4000	0	minecraft:old_growth_pine_taiga
-4500	-1500	3000	10000	-1900	-1100	5500	10000	10000	10000	2666	4000	0	minecraft:old_growth_pine_taiga
-1500	2000	-10000	-3500	-1100	10000	-10000	-7799	0	0	2666	4000	0	minecraft:snowy_slopes
-1500	2000	-10000	-3500	-1100	10000	-10000	-7799	10000	10000	2666	4000	0	minecraft:snowy_slopes
-1500	2000	-10000	-3500	-1100	3000	-7799	-3750	0	0	2666	4000	0	minecraft:sunflower_plains
-1500	2000	-10000	-3500	-1100	3000	-7799	-3750	10000	10000	2666	4000	0	minecraft:sunflower_plains
-1500	2000	-10000	-3500	3000	10000	-7799	-3750	0	0	2666	4000	0	minecraft:cherry_grove
-1500	2000	-10000	-3500	3000	10000	-7799	-3750	10000	10000	2666	4000	0	minecraft:cherry_grove
-1500	2000	-10000	-3500	-1100	300	-3750	-2225	0	0	2666	4000	0	minecraft:sunflower_plains
-1500	2000	-10000	-3500	-1100	300	-3750	-2225	10000	10000	2666	4000	0	minecraft:sunflower_plains
-1500	2000	-10000	-3500	300	3000	-3750	-2225	0	0	2666	4000	0	minecraft:sunflower_plains
-1500	2000	-10000	-3500	300	3000	-3750	-2225	10000	10000	2666	4000	0	minecraft:sunflower_plains
-1500	2000	-10000	-3500	3000	10000	-3750	-2225	0	0	2666	4000	0	minecraft:cherry_grove
-1500	2000	-10000	-3500	3000	10000	-3750	-2225	10000	10000	2666	4000	0	minecraft:cherry_grove
-1500	2000	-10000	-3500	-1900	300	-2225	500	0	0	2666	4000	0	minecraft:sunflower_plains
-1500	2000	-10000	-3500	-1900	300	-2225	500	10000	10000	2666	4000	0	minecraft:sunflower_plains
-1500	2000	-10000	-3500	300	10000	-2225	500	0	0	2666	4000	0	minecraft:sunflower_plains
-1500	2000	-10000	-3500	300	10000	-2225	500	10000	10000	2666	4000	0	minecraft:sunflower_plains
-1500	2000	-10000	-3500	-1900	10000	500	4500	0	0	2666	4000	0	minecraft:sunflower_plains
-1500	2000	-10000	-3500	-1900	10000	500	4500	10000	10000	2666	4000	0	minecraft:sunflower_plains
-1500	2000	-10000	-3500	-1900	-1100	4500	5500	0	0	2666	4000	0	minecraft:windswept_savanna
-1500	2000	-10000	-3500	-1900	-1100	4500	5500	10000	10000	2666	4000	0	minecraft:windswept_savanna
-1500	2000	-10000	-3500	-1100	300	4500	5500	0	0	2666	4000	0	minecraft:windswept_savanna
-1500	2000	-10000	-3500	-1100	300	4500	5500	10000	10000	2666	4000	0	minecraft:windswept_savanna
-1500	2000	-10000	-3500	300	10000	4500	5500	0	0	2666	4000	0	minecraft:windswept_hills
-1500	2000	-10000	-3500	300	10000	4500	5500	10000	10000	2666	4000	0	minecraft:windswept_hills
-1500	2000	-10000	-3500	-1900	-1100	5500	10000	0	0	2666	4000	0	minecraft:sunflower_plains
-1500	2000	-10000	-3500	-1900	-1100	5500	10000	10000	10000	2666	4000	0	minecraft:sunflower_plains
-1500	2000	-3500	-1000	-1100	10000	-10000	-7799	0	0	2666	4000	0	minecraft:snowy_slopes
-1500	2000	-3500	-1000	-1100	10000	-10000	-7799	10000	10000	2666	4000	0	minecraft:snowy_slopes
-1500	2000	-3500	-1000	-1100	3000	-7799	-3750	0	0	2666	4000	0	minecraft:plains
-1500	2000	-3500	-1000	-1100	3000	-7799	-3750	10000	10000	2666	4000	0	minecraft:plains
-1500	2000	-3500	-1000	3000	10000	-7799	-3750	0	0	2666	4000	0	minecraft:cherry_grove
-1500	2000	-3500	-1000	3000	10000	-7799	-3750	10000	10000	2666	4000	0	minecraft:cherry_grove
-1500	2000	-3500	-1000	-1100	300	-3750	-2225	0	0	2666	4000	0	minecraft:plains
-1500	2000	-3500	-1000	-1100	300	-3750	-2225	10000	10000	2666	4000	0	minecraft:plains
-1500	2000	-3500	-1000	300	3000	-3750	-2225	0	0	2666	4000	0	minecraft:plains
-1500	2000	-3500	-1000	300	3000	-3750	-2225	10000	10000	2666	4000	0	minecraft:plains
-1500	2000	-3500	-1000	3000	10000	-3750	-2225	0	0	2666	4000	0	minecraft:cherry_grove
-1500	2000	-3500	-1000	3000	10000	-3750	-2225	10000	10000	2666	4000	0	minecraft:cherry_grove
-1500	2000	-3500	-1000	-1900	300	-2225	500	0	0	2666	4000	0	minecraft:plains
-1500	2000	-3500	-1000	-1900	300	-2225	500	10000	10000	2666	4000	0	minecraft:plains
-1500	2000	-3500	-1000	300	10000	-2225	500	0	0	2666	4000	0	minecraft:plains
-1500	2000	-3500	-1000	300	10000	-2225	500	10000	10000	2666	4000	0	minecraft:plains
-1500	2000	-3500	-1000	-1900	10000	500	4500	0	0	2666	4000	0	minecraft:plains
-1500	2000	-3500	-1000	-1900	10000	500	4500	10000	10000	2666	4000	0	minecraft:plains
-1500	2000	-3500	-1000	-1900	-1100	4500	5500	0	0	2666	4000	0	minecraft:windswept_savanna
-1500	2000	-3500	-1000	-1900	-1100	4500	5500	10000	10000	2666	4000	0	minecraft:windswept_savanna
-1500	2000	-3500	-1000	-1100	300	4500	5500	0	0	2666	4000	0	minecraft:windswept_savanna
-1500	2000	-3500	-1000	-1100	300	4500	5500	10000	10000	2666	4000	0	minecraft:windswept_savanna
-1500	2000	-3500	-1000	300	10000	4500	5500	0	0	2666	4000	0	minecraft:windswept_hills
-1500	2000	-3500	-1000	300	10000	4500	5500	10000	10000	2666	4000	0	minecraft:windswept_hills
-1500	2000	-3500	-1000	-1900	-1100	5500	10000	0	0	2666	4000	0	minecraft:plains
-1500	2000	-3500	-1000	-1900	-1100	5500	10000	10000	10000	2666	4000	0	minecraft:plains
-1500	2000	-1000	1000	-1100	10000	-10000	-7799	0	0	2666	4000	0	minecraft:grove
-1500	2000	-1000	1000	-1100	10000	-10000	-7799	10000	10000	2666	4000	0	minecraft:grove
-1500	2000	-1000	1000	-1100	3000	-7799	-3750	0	0	2666	4000	0	minecraft:forest
-1500	2000	-1000	1000	-1100	3000	-7799	-3750	10000	10000	2666	4000	0	minecraft:forest
-1500	2000	-1000	1000	3000	10000	-7799	-3750	0	0	2666	4000	0	minecraft:forest
-1500	2000	-1000	1000	3000	10000	-7799	-3750	10000	10000	2666	4000	0	minecraft:forest
-1500	2000	-1000	1000	-1100	300	-3750	-2225	0	0	2666	4000	0	minecraft:forest
-1500	2000	-1000	1000	-1100	300	-3750	-2225	10000	10000	2666	4000	0	minecraft:forest
-1500	2000	-1000	1000	300	3000	-3750	-2225	0	0	2666	4000	0	minecraft:forest
-1500	2000	-1000	1000	300	3000	-3750	-2225	10000	10000	2666	4000	0	minecraft:forest
-1500	2000	-1000	1000	3000	10000	-3750	-2225	0	0	2666	4000	0	minecraft:forest
-1500	2000	-1000	1000	3000	10000	-3750	-2225	10000	10000	2666	4000	0	minecraft:forest
-1500	2000	-1000	1000	-1900	300	-2225	500	0	0	2666	4000	0	minecraft:forest
-1500	2000	-1000	1000	-1900	300	-2225	500	10000	10000	2666	4000	0	minecraft:forest
-1500	2000	-1000	1000	300	10000	-2225	500	0	0	2666	4000	0	minecraft:forest
-1500	2000	-1000	1000	300	10000	-2225	500	10000	10000	2666	4000	0	minecraft:forest
-1500	2000	-1000	1000	-1900	10000	500	4500	0	0	2666	4000	0	minecraft:forest
-1500	2000	-1000	1000	-1900	10000	500	4500	10000	10000	2666	4000	0	minecraft:forest
-1500	2000	-1000	1000	-1900	-1100	4500	5500	0	0	2666	4000	0	minecraft:windswept_savanna
-1500	2000	-1000	1000	-1900	-1100	4500	5500	10000	10000	2666	4000	0	minecraft:windswept_savanna
-1500	2000	-1000	1000	-1100	300	4500	5500	0	0	2666	4000	0	minecraft:windswept_savanna
-1500	2000	-1000	1000	-1100	300	4500	5500	10000	10000	2666	4000	0	minecraft:windswept_savanna
-1500	2000	-1000	1000	300	10000	4500	5500	0	0	2666	4000	0	minecraft:windswept_hills
-1500	2000	-1000	1000	300	10000	4500	5500	10000	10000	2666	4000	0	minecraft:windswept_hills
-1500	2000	-1000	1000	-1900	-1100	5500	10000	0	0	2666	4000	0	minecraft:forest
-1500	2000	-1000	1000	-1900	-1100	5500	10000	10000	10000	2666	4000	0	minecraft:forest
-1500	2000	1000	3000	-1100	10000	-10000	-7799	0	0	2666	4000	0	minecraft:grove
-1500	2000	1000	3000	-1100	10000	-10000	-7799	10000	10000	2666	4000	0	minecraft:grove
-1500	2000	1000	3000	-1100	3000	-7799	-3750	0	0	2666	4000	0	minecraft:old_growth_birch_forest
-1500	2000	1000	3000	-1100	3000	-7799	-3750	10000	10000	2666	4000	0	minecraft:old_growth_birch_forest
-1500	2000	1000	3000	3000	10000	-7799	-3750	0	0	2666	4000	0	minecraft:birch_forest
-1500	2000	1000	3000	3000	10000	-7799	-3750	10000	10000	2666	4000	0	minecraft:birch_forest
-1500	2000	1000	3000	-1100	300	-3750	-2225	0	0	2666	4000	0	minecraft:old_growth_birch_forest
-1500	2000	1000	3000	-1100	300	-3750	-2225	10000	10000	2666	4000	0	minecraft:old_growth_birch_forest
-1500	2000	1000	3000	300	3000	-3750	-2225	0	0	2666	4000	0	minecraft:old_growth_birch_forest
-1500	2000	1000	3000	300	3000	-3750	-2225	10000	10000	2666	4000	0	minecraft:old_growth_birch_forest
-1500	2000	1000	3000	3000	10000	-3750	-2225	0	0	2666	4000	0	minecraft:birch_forest
-1500	2000	1000	3000	3000	10000	-3750	-2225	10000	10000	2666	4000	0	minecraft:birch_forest
-1500	2000	1000	3000	-1900	300	-2225	500	0	0	2666	4000	0	minecraft:old_growth_birch_forest
-1500	2000	1000	3000	-1900	300	-2225	500	10000	10000	2666	4000	0	minecraft:old_growth_birch_forest
-1500	2000	1000	3000	300	10000	-2225	500	0	0	2666	4000	0	minecraft:old_growth_birch_forest
-1500	2000	1000	3000	300	10000	-2225	500	10000	10000	2666	4000	0	minecraft:old_growth_birch_forest
-1500	2000	1000	3000	-1900	10000	500	4500	0	0	2666	4000	0	minecraft:old_growth_birch_forest
-1500	2000	1000	3000	-1900	10000	500	4500	10000	10000	2666	4000	0	minecraft:old_growth_birch_forest
-1500	2000	1000	3000	-1900	-1100	4500	5500	0	0	2666	4000	0	minecraft:windswept_savanna
-1500	2000	1000	3000	-1900	-1100	4500	5500	10000	10000	2666	4000	0	minecraft:windswept_savanna
-1500	2000	1000	3000	-1100	300	4500	5500	0	0	2666	4000	0	minecraft:windswept_savanna
-1500	2000	1000	3000	-1100	300	4500	5500	10000	10000	2666	4000	0	minecraft:windswept_savanna
-1500	2000	1000	3000	300	10000	4500	5500	0	0	2666	4000	0	minecraft:windswept_forest
-1500	2000	1000	3000	300	10000	4500	5500	10000	10000	2666	4000	0	minecraft:windswept_forest
-1500	2000	1000	3000	-1900	-1100	5500	10000	0	0	2666	4000	0	minecraft:old_growth_birch_forest
-1500	2000	1000	3000	-1900	-1100	5500	10000	10000	10000	2666	4000	0	minecraft:old_growth_birch_forest
-1500	2000	3000	10000	-1100	10000	-10000	-7799	0	0	2666	4000	0	minecraft:grove
-1500	2000	3000	10000	-1100	10000	-10000	-7799	10000	10000	2666	4000	0	minecraft:grove
-1500	2000	3000	10000	-1100	3000	-7799	-3750	0	0	2666	4000	0	minecraft:dark_forest
-1500	2000	3000	10000	-1100	3000	-7799	-3750	10000	10000	2666	4000	0	minecraft:dark_forest
-1500	2000	3000	10000	3000	10000	-7799	-3750	0	0	2666	4000	0	minecraft:pale_garden
-1500	2000	3000	10000	3000	10000	-7799	-3750	10000	10000	2666	4000	0	minecraft:pale_garden
-1500	2000	3000	10000	-1100	300	-3750	-2225	0	0	2666	4000	0	minecraft:dark_forest
-1500	2000	3000	10000	-1100	300	-3750	-2225	10000	10000	2666	4000	0	minecraft:dark_forest
-1500	2000	3000	10000	300	3000	-3750	-2225	0	0	2666	4000	0	minecraft:dark_forest
-1500	2000	3000	10000	300	3000	-3750	-2225	10000	10000	2666	4000	0	minecraft:dark_forest
-1500	2000	3000	10000	3000	10000	-3750	-2225	0	0	2666	4000	0	minecraft:pale_garden
-1500	2000	3000	10000	3000	10000	-3750	-2225	10000	10000	2666	4000	0	minecraft:pale_garden
-1500	2000	3000	10000	-1900	300	-2225	500	0	0	2666	4000	0	minecraft:dark_forest
-1500	2000	3000	10000	-1900	300	-2225	500	10000	10000	2666	4000	0	minecraft:dark_forest
-1500	2000	3000	10000	300	10000	-2225	500	0	0	2666	4000	0	minecraft:dark_forest
-1500	2000	3000	10000	300	10000	-2225	500	10000	10000	2666	4000	0	minecraft:dark_forest
-1500	2000	3000	10000	-1900	10000	500	4500	0	0	2666	4000	0	minecraft:dark_forest
-1500	2000	3000	10000	-1900	10000	500	4500	10000	10000	2666	4000	0	minecraft:dark_forest
-1500	2000	3000	10000	-1900	-1100	4500	5500	0	0	2666	4000	0	minecraft:dark_forest
-1500	2000	3000	10000	-1900	-1100	4500	5500	10000	10000	2666	4000	0	minecraft:dark_forest
-1500	2000	3000	10000	-1100	300	4500	5500	0	0	2666	4000	0	minecraft:dark_forest
-1500	2000	3000	10000	-1100	300	4500	5500	10000	10000	2666	4000	0	minecraft:dark_forest
-1500	2000	3000	10000	300	10000	4500	5500	0	0	2666	4000	0	minecraft:windswept_forest
-1500	2000	3000	10000	300	10000	4500	5500	10000	10000	2666	4000	0	minecraft:windswept_forest
-1500	2000	3000	10000	-1900	-1100	5500	10000	0	0	2666	4000	0	minecraft:dark_forest
-1500	2000	3000	10000	-1900	-1100	5500	10000	10000	10000	2666	4000	0	minecraft:dark_forest
2000	5500	-10000	-3500	-1100	10000	-10000	-7799	0	0	2666	4000	0	minecraft:savanna_plateau
2000	5500	-10000	-3500	-1100	10000	-10000	-7799	10000	10000	2666	4000	0	minecraft:savanna_plateau
2000	5500	-10000	-3500	-1100	3000	-7799	-3750	0	0	2666	4000	0	minecraft:savanna
2000	5500	-10000	-3500	-1100	3000	-7799	-3750	10000	10000	2666	4000	0	minecraft:savanna
2000	5500	-10000	-3500	3000	10000	-7799	-3750	0	0	2666	4000	0	minecraft:savanna_plateau
2000	5500	-10000	-3500	3000	10000	-7799	-3750	10000	10000	2666	4000	0	minecraft:savanna_plateau
2000	5500	-10000	-3500	-1100	300	-3750	-2225	0	0	2666	4000	0	minecraft:savanna
2000	5500	-10000	-3500	-1100	300	-3750	-2225	10000	10000	2666	4000	0	minecraft:savanna
2000	5500	-10000	-3500	300	3000	-3750	-2225	0	0	2666	4000	0	minecraft:savanna
2000	5500	-10000	-3500	300	3000	-3750	-2225	10000	10000	2666	4000	0	minecraft:savanna
2000	5500	-10000	-3500	3000	10000	-3750	-2225	0	0	2666	4000	0	minecraft:savanna_plateau
2000	5500	-10000	-3500	3000	10000	-3750	-2225	10000	10000	2666	4000	0	minecraft:savanna_plateau
2000	5500	-10000	-3500	-1900	300	-2225	500	0	0	2666	4000	0	minecraft:savanna
2000	5500	-10000	-3500	-1900	300	-2225	500	10000	10000	2666	4000	0	minecraft:savanna
2000	5500	-10000	-3500	300	10000	-2225	500	0	0	2666	4000	0	minecraft:savanna
2000	5500	-10000	-3500	300	10000	-2225	500	10000	10000	2666	4000	0	minecraft:savanna
2000	5500	-10000	-3500	-1900	10000	500	4500	0	0	2666	4000	0	minecraft:savanna
2000	5500	-10000	-3500	-1900	10000	500	4500	10000	10000	2666	4000	0	minecraft:savanna
2000	5500	-10000	-3500	-1900	-1100	4500	5500	0	0	2666	4000	0	minecraft:windswept_savanna
2000	5500	-10000	-3500	-1900	-1100	4500	5500	10000	10000	2666	4000	0	minecraft:windswept_savanna
2000	5500	-10000	-3500	-1100	300	4500	5500	0	0	2666	4000	0	minecraft:windswept_savanna
2000	5500	-10000	-3500	-1100	300	4500	5500	10000	10000	2666	4000	0	minecraft:windswept_savanna
2000	5500	-10000	-3500	300	10000	4500	5500	0	0	2666	4000	0	minecraft:savanna
2000	5500	-10000	-3500	300	10000	4500	5500	10000	10000	2666	4000	0	minecraft:savanna
2000	5500	-10000	-3500	-1900	-1100	5500	10000	0	0	2666	4000	0	minecraft:savanna
2000	5500	-10000	-3500	-1900	-1100	5500	10000	10000	10000	2666	4000	0	minecraft:savanna
2000	5500	-3500	-1000	-1100	10000	-10000	-7799	0	0	2666	4000	0	minecraft:savanna_plateau
2000	5500	-3500	-1000	-1100	10000	-10000	-7799	10000	10000	2666	4000	0	minecraft:savanna_plateau
2000	5500	-3500	-1000	-1100	3000	-7799	-3750	0	0	2666	4000	0	minecraft:savanna
2000	5500	-3500	-1000	-1100	3000	-7799	-3750	10000	10000	2666	4000	0	minecraft:savanna
2000	5500	-3500	-1000	3000	10000	-7799	-3750	0	0	2666	4000	0	minecraft:savanna_plateau
2000	5500	-3500	-1000	3000	10000	-7799	-3750	10000	10000	2666	4000	0	minecraft:savanna_plateau
2000	5500	-3500	-1000	-1100	300	-3750	-2225	0	0	2666	4000	0	minecraft:savanna
2000	5500	-3500	-1000	-1100	300	-3750	-2225	10000	10000	2666	4000	0	minecraft:savanna
2000	5500	-3500	-1000	300	3000	-3750	-2225	0	0	2666	4000	0	minecraft:savanna
2000	5500	-3500	-1000	300	3000	-3750	-2225	10000	10000	2666	4000	0	minecraft:savanna
2000	5500	-3500	-1000	3000	10000	-3750	-2225	0	0	2666	4000	0	minecraft:savanna_plateau
2000	5500	-3500	-1000	3000	10000	-3750	-2225	10000	10000	2666	4000	0	minecraft:savanna_plateau
2000	5500	-3500	-1000	-1900	300	-2225	500	0	0	2666	4000	0	minecraft:savanna
2000	5500	-3500	-1000	-1900	300	-2225	500	10000	10000	2666	4000	0	minecraft:savanna
2000	5500	-3500	-1000	300	10000	-2225	500	0	0	2666	4000	0	minecraft:savanna
2000	5500	-3500	-1000	300	10000	-2225	500	10000	10000	2666	4000	0	minecraft:savanna
2000	5500	-3500	-1000	-1900	10000	500	4500	0	0	2666	4000	0	minecraft:savanna
2000	5500	-3500	-1000	-1900	10000	500	4500	10000	10000	2666	4000	0	minecraft:savanna
2000	5500	-3500	-1000	-1900	-1100	4500	5500	0	0	2666	4000	0	minecraft:windswept_savanna
2000	5500	-3500	-1000	-1900	-1100	4500	5500	10000	10000	2666	4000	0	minecraft:windswept_savanna
2000	5500	-3500	-1000	-1100	300	4500	5500	0	0	2666	4000	0	minecraft:windswept_savanna
2000	5500	-3500	-1000	-1100	300	4500	5500	10000	10000	2666	4000	0	minecraft:windswept_savanna
2000	5500	-3500	-1000	300	10000	4500	5500	0	0	2666	4000	0	minecraft:savanna
2000	5500	-3500	-1000	300	10000	4500	5500	10000	10000	2666	4000	0	minecraft:savanna
2000	5500	-3500	-1000	-1900	-1100	5500	10000	0	0	2666	4000	0	minecraft:savanna
2000	5500	-3500	-1000	-1900	-1100	5500	10000	10000	10000	2666	4000	0	minecraft:savanna
2000	5500	-1000	1000	-1100	10000	-10000	-7799	0	0	2666	4000	0	minecraft:forest
2000	5500	-1000	1000	-1100	10000	-10000	-7799	10000	10000	2666	4000	0	minecraft:forest
2000	5500	-1000	1000	-1100	3000	-7799	-3750	0	0	2666	4000	0	minecraft:plains
2000	5500	-1000	1000	-1100	3000	-7799	-3750	10000	10000	2666	4000	0	minecraft:plains
2000	5500	-1000	1000	3000	10000	-7799	-3750	0	0	2666	4000	0	minecraft:forest
2000	5500	-1000	1000	3000	10000	-7799	-3750	10000	10000	2666	4000	0	minecraft:forest
2000	5500	-1000	1000	-1100	300	-3750	-2225	0	0	2666	4000	0	minecraft:plains
2000	5500	-1000	1000	-1100	300	-3750	-2225	10000	10000	2666	4000	0	minecraft:plains
2000	5500	-1000	1000	300	3000	-3750	-2225	0	0	2666	4000	0	minecraft:plains
2000	5500	-1000	1000	300	3000	-3750	-2225	10000	10000	2666	4000	0	minecraft:plains
2000	5500	-1000	1000	3000	10000	-3750	-2225	0	0	2666	4000	0	minecraft:forest
2000	5500	-1000	1000	3000	10000	-3750	-2225	10000	10000	2666	4000	0	minecraft:forest
2000	5500	-1000	1000	-1900	300	-2225	500	0	0	2666	4000	0	minecraft:plains
2000	5500	-1000	1000	-1900	300	-2225	500	10000	10000	2666	4000	0	minecraft:plains
2000	5500	-1000	1000	300	10000	-2225	500	0	0	2666	4000	0	minecraft:plains
2000	5500	-1000	1000	300	10000	-2225	500	10000	10000	2666	4000	0	minecraft:plains
2000	5500	-1000	1000	-1900	10000	500	4500	0	0	2666	4000	0	minecraft:plains
2000	5500	-1000	1000	-1900	10000	500	4500	10000	10000	2666	4000	0	minecraft:plains
2000	5500	-1000	1000	-1900	-1100	4500	5500	0	0	2666	4000	0	minecraft:windswept_savanna
2000	5500	-1000	1000	-1900	-1100	4500	5500	10000	10000	2666	4000	0	minecraft:windswept_savanna
2000	5500	-1000	1000	-1100	300	4500	5500	0	0	2666	4000	0	minecraft:windswept_savanna
2000	5500	-1000	1000	-1100	300	4500	5500	10000	10000	2666	4000	0	minecraft:windswept_savanna
2000	5500	-1000	1000	300	10000	4500	5500	0	0	2666	4000	0	minecraft:plains
2000	5500	-1000	1000	300	10000	4500	5500	10000	10000	2666	4000	0	minecraft:plains
2000	5500	-1000	1000	-1900	-1100	5500	10000	0	0	2666	4000	0	minecraft:plains
2000	5500	-1000	1000	-1900	-1100	5500	10000	10000	10000	2666	4000	0	minecraft:plains
2000	5500	1000	3000	-1100	10000	-10000	-7799	0	0	2666	4000	0	minecraft:forest
2000	5500	1000	3000	-1100	10000	-10000	-7799	10000	10000	2666	4000	0	minecraft:forest
2000	5500	1000	3000	-1100	3000	-7799	-3750	0	0	2666	4000	0	minecraft:sparse_jungle
2000	5500	1000	3000	-1100	3000	-7799	-3750	10000	10000	2666	4000	0	minecraft:sparse_jungle
2000	5500	1000	3000	3000	10000	-7799	-3750	0	0	2666	4000	0	minecraft:forest
2000	5500	1000	3000	3000	10000	-7799	-3750	10000	10000	2666	4000	0	minecraft:forest
2000	5500	1000	3000	-1100	300	-3750	-2225	0	0	2666	4000	0	minecraft:sparse_jungle
2000	5500	1000	3000	-1100	300	-3750	-2225	10000	10000	2666	4000	0	minecraft:sparse_jungle
2000	5500	1000	3000	300	3000	-3750	-2225	0	0	2666	4000	0	minecraft:sparse_jungle
2000	5500	1000	3000	300	3000	-3750	-2225	10000	10000	2666	4000	0	minecraft:sparse_jungle
2000	5500	1000	3000	3000	10000	-3750	-2225	0	0	2666	4000	0	minecraft:forest
2000	5500	1000	3000	3000	10000	-3750	-2225	10000	10000	2666	4000	0	minecraft:forest
2000	5500	1000	3000	-1900	300	-2225	500	0	0	2666	4000	0	minecraft:sparse_jungle
2000	5500	1000	3000	-1900	300	-2225	500	10000	10000	2666	4000	0	minecraft:sparse_jungle
2000	5500	1000	3000	300	10000	-2225	500	0	0	2666	4000	0	minecraft:sparse_jungle
2000	5500	1000	3000	300	10000	-2225	500	10000	10000	2666	4000	0	minecraft:sparse_jungle
2000	5500	1000	3000	-1900	10000	500	4500	0	0	2666	4000	0	minecraft:sparse_jungle
2000	5500	1000	3000	-1900	10000	500	4500	10000	10000	2666	4000	0	minecraft:sparse_jungle
2000	5500	1000	3000	-1900	-1100	4500	5500	0	0	2666	4000	0	minecraft:windswept_savanna
2000	5500	1000	3000	-1900	-1100	4500	5500	10000	10000	2666	4000	0	minecraft:windswept_savanna
2000	5500	1000	3000	-1100	300	4500	5500	0	0	2666	4000	0	minecraft:windswept_savanna
2000	5500	1000	3000	-1100	300	4500	5500	10000	10000	2666	4000	0	minecraft:windswept_savanna
2000	5500	1000	3000	300	10000	4500	5500	0	0	2666	4000	0	minecraft:sparse_jungle
2000	5500	1000	3000	300	10000	4500	5500	10000	10000	2666	4000	0	minecraft:sparse_jungle
2000	5500	1000	3000	-1900	-1100	5500	10000	0	0	2666	4000	0	minecraft:sparse_jungle
2000	5500	1000	3000	-1900	-1100	5500	10000	10000	10000	2666	4000	0	minecraft:sparse_jungle
2000	5500	3000	10000	-1100	10000	-10000	-7799	0	0	2666	4000	0	minecraft:jungle
2000	5500	3000	10000	-1100	10000	-10000	-7799	10000	10000	2666	4000	0	minecraft:jungle
2000	5500	3000	10000	-1100	3000	-7799	-3750	0	0	2666	4000	0	minecraft:bamboo_jungle
2000	5500	3000	10000	-1100	3000	-7799	-3750	10000	10000	2666	4000	0	minecraft:bamboo_jungle
2000	5500	3000	10000	3000	10000	-7799	-3750	0	0	2666	4000	0	minecraft:jungle
2000	5500	3000	10000	3000	10000	-7799	-3750	10000	10000	2666	4000	0	minecraft:jungle
2000	5500	3000	10000	-1100	300	-3750	-2225	0	0	2666	4000	0	minecraft:bamboo_jungle
2000	5500	3000	10000	-1100	300	-3750	-2225	10000	10000	2666	4000	0	minecraft:bamboo_jungle
2000	5500	3000	10000	300	3000	-3750	-2225	0	0	2666	4000	0	minecraft:bamboo_jungle
2000	5500	3000	10000	300	3000	-3750	-2225	10000	10000	2666	4000	0	minecraft:bamboo_jungle
2000	5500	3000	10000	3000	10000	-3750	-2225	0	0	2666	4000	0	minecraft:jungle
2000	5500	3000	10000	3000	10000	-3750	-2225	10000	10000	2666	4000	0	minecraft:jungle
2000	5500	3000	10000	-1900	300	-2225	500	0	0	2666	4000	0	minecraft:bamboo_jungle
2000	5500	3000	10000	-1900	300	-2225	500	10000	10000	2666	4000	0	minecraft:bamboo_jungle
2000	5500	3000	10000	300	10000	-2225	500	0	0	2666	4000	0	minecraft:bamboo_jungle
2000	5500	3000	10000	300	10000	-2225	500	10000	10000	2666	4000	0	minecraft:bamboo_jungle
2000	5500	3000	10000	-1900	10000	500	4500	0	0	2666	4000	0	minecraft:bamboo_jungle
2000	5500	3000	10000	-1900	10000	500	4500	10000	10000	2666	4000	0	minecraft:bamboo_jungle
2000	5500	3000	10000	-1900	-1100	4500	5500	0	0	2666	4000	0	minecraft:bamboo_jungle
2000	5500	3000	10000	-1900	-1100	4500	5500	10000	10000	2666	4000	0	minecraft:bamboo_jungle
2000	5500	3000	10000	-1100	300	4500	5500	0	0	2666	4000	0	minecraft:bamboo_jungle
2000	5500	3000	10000	-1100	300	4500	5500	10000	10000	2666	4000	0	minecraft:bamboo_jungle
2000	5500	3000	10000	300	10000	4500	5500	0	0	2666	4000	0	minecraft:bamboo_jungle
2000	5500	3000	10000	300	10000	4500	5500	10000	10000	2666	4000	0	minecraft:bamboo_jungle
2000	5500	3000	10000	-1900	-1100	5500	10000	0	0	2666	4000	0	minecraft:bamboo_jungle
2000	5500	3000	10000	-1900	-1100	5500	10000	10000	10000	2666	4000	0	minecraft:bamboo_jungle
5500	10000	-10000	-3500	-1100	10000	-10000	-7799	0	0	2666	4000	0	minecraft:eroded_badlands
5500	10000	-10000	-3500	-1100	10000	-10000	-7799	10000	10000	2666	4000	0	minecraft:eroded_badlands
5500	10000	-10000	-3500	-1100	3000	-7799	-3750	0	0	2666	4000	0	minecraft:eroded_badlands
5500	10000	-10000	-3500	-1100	3000	-7799	-3750	10000	10000	2666	4000	0	minecraft:eroded_badlands
5500	10000	-10000	-3500	3000	10000	-7799	-3750	0	0	2666	4000	0	minecraft:eroded_badlands
5500	10000	-10000	-3500	3000	10000	-7799	-3750	10000	10000	2666	4000	0	minecraft:eroded_badlands
5500	10000	-10000	-3500	-1100	300	-3750	-2225	0	0	2666	4000	0	minecraft:desert
5500	10000	-10000	-3500	-1100	300	-3750	-2225	10000	10000	2666	4000	0	minecraft:desert
5500	10000	-10000	-3500	300	3000	-3750	-2225	0	0	2666	4000	0	minecraft:eroded_badlands
5500	10000	-10000	-3500	300	3000	-3750	-2225	10000	10000	2666	4000	0	minecraft:eroded_badlands
5500	10000	-10000	-3500	3000	10000	-3750	-2225	0	0	2666	4000	0	minecraft:eroded_badlands
5500	10000	-10000	-3500	3000	10000	-3750	-2225	10000	10000	2666	4000	0	minecraft:eroded_badlands
5500	10000	-10000	-3500	-1900	300	-2225	500	0	0	2666	4000	0	minecraft:desert
5500	10000	-10000	-3500	-1900	300	-2225	500	10000	10000	2666	4000	0	minecraft:desert
5500	10000	-10000	-3500	300	10000	-2225	500	0	0	2666	4000	0	minecraft:eroded_badlands
5500	10000	-10000	-3500	300	10000	-2225	500	10000	10000	2666	4000	0	minecraft:eroded_badlands
5500	10000	-10000	-3500	-1900	10000	500	4500	0	0	2666	4000	0	minecraft:desert
5500	10000	-10000	-3500	-1900	10000	500	4500	10000	10000	2666	4000	0	minecraft:desert
5500	10000	-10000	-3500	-1900	-1100	4500	5500	0	0	2666	4000	0	minecraft:windswept_savanna
5500	10000	-10000	-3500	-1900	-1100	4500	5500	10000	10000	2666	4000	0	minecraft:windswept_savanna
5500	10000	-10000	-3500	-1100	300	4500	5500	0	0	2666	4000	0	minecraft:windswept_savanna
5500	10000	-10000	-3500	-1100	300	4500	5500	10000	10000	2666	4000	0	minecraft:windswept_savanna
5500	10000	-10000	-3500	300	10000	4500	5500	0	0	2666	4000	0	minecraft:desert
5500	10000	-10000	-3500	300	10000	4500	5500	10000	10000	2666	4000	0	minecraft:desert
5500	10000	-10000	-3500	-1900	-1100	5500	10000	0	0	2666	4000	0	minecraft:desert
5500	10000	-10000	-3500	-1900	-1100	5500	10000	10000	10000	2666	4000	0	minecraft:desert
5500	10000	-3500	-1000	-1100	10000	-10000	-7799	0	0	2666	4000	0	minecraft:eroded_badlands
5500	10000	-3500	-1000	-1100	10000	-10000	-7799	10000	10000	2666	4000	0	minecraft:eroded_badlands
5500	10000	-3500	-1000	-1100	3000	-7799	-3750	0	0	2666	4000	0	minecraft:eroded_badlands
5500	10000	-3500	-1000	-1100	3000	-7799	-3750	10000	10000	2666	4000	0	minecraft:eroded_badlands
5500	10000	-3500	-1000	3000	10000	-7799	-3750	0	0	2666	4000	0	minecraft:eroded_badlands
5500	10000	-3500	-1000	3000	10000	-7799	-3750	10000	10000	2666	4000	0	minecraft:eroded_badlands
5500	10000	-3500	-1000	-1100	300	-3750	-2225	0	0	2666	4000	0	minecraft:desert
5500	10000	-3500	-1000	-1100	300	-3750	-2225	10000	10000	2666	4000	0	minecraft:desert
5500	10000	-3500	-1000	300	3000	-3750	-2225	0	0	2666	4000	0	minecraft:eroded_badlands
5500	10000	-3500	-1000	300	3000	-3750	-2225	10000	10000	2666	4000	0	minecraft:eroded_badlands
5500	10000	-3500	-1000	3000	10000	-3750	-2225	0	0	2666	4000	0	minecraft:eroded_badlands
5500	10000	-3500	-1000	3000	10000	-3750	-2225	10000	10000	2666	4000	0	minecraft:eroded_badlands
5500	10000	-3500	-1000	-1900	300	-2225	500	0	0	2666	4000	0	minecraft:desert
5500	10000	-3500	-1000	-1900	300	-2225	500	10000	10000	2666	4000	0	minecraft:desert
5500	10000	-3500	-1000	300	10000	-2225	500	0	0	2666	4000	0	minecraft:eroded_badlands
5500	10000	-3500	-1000	300	10000	-2225	500	10000	10000	2666	4000	0	minecraft:eroded_badlands
5500	10000	-3500	-1000	-1900	10000	500	4500	0	0	2666	4000	0	minecraft:desert
5500	10000	-3500	-1000	-1900	10000	500	4500	10000	10000	2666	4000	0	minecraft:desert
5500	10000	-3500	-1000	-1900	-1100	4500	5500	0	0	2666	4000	0	minecraft:windswept_savanna
5500	10000	-3500	-1000	-1900	-1100	4500	5500	10000	10000	2666	4000	0	minecraft:windswept_savanna
5500	10000	-3500	-1000	-1100	300	4500	5500	0	0	2666	4000	0	minecraft:windswept_savanna
5500	10000	-3500	-1000	-1100	300	4500	5500	10000	10000	2666	4000	0	minecraft:windswept_savanna
5500	10000	-3500	-1000	300	10000	4500	5500	0	0	2666	4000	0	minecraft:desert
5500	10000	-3500	-1000	300	10000	4500	5500	10000	10000	2666	4000	0	minecraft:desert
5500	10000	-3500	-1000	-1900	-1100	5500	10000	0	0	2666	4000	0	minecraft:desert
5500	10000	-3500	-1000	-1900	-1100	5500	10000	10000	10000	2666	4000	0	minecraft:desert
5500	10000	-1000	1000	-1100	10000	-10000	-7799	0	0	2666	4000	0	minecraft:badlands
5500	10000	-1000	1000	-1100	10000	-10000	-7799	10000	10000	2666	4000	0	minecraft:badlands
5500	10000	-1000	1000	-1100	3000	-7799	-3750	0	0	2666	4000	0	minecraft:badlands
5500	10000	-1000	1000	-1100	3000	-7799	-3750	10000	10000	2666	4000	0	minecraft:badlands
5500	10000	-1000	1000	3000	10000	-7799	-3750	0	0	2666	4000	0	minecraft:badlands
5500	10000	-1000	1000	3000	10000	-7799	-3750	10000	10000	2666	4000	0	minecraft:badlands
5500	10000	-1000	1000	-1100	300	-3750	-2225	0	0	2666	4000	0	minecraft:desert
5500	10000	-1000	1000	-1100	300	-3750	-2225	10000	10000	2666	4000	0	minecraft:desert
5500	10000	-1000	1000	300	3000	-3750	-2225	0	0	2666	4000	0	minecraft:badlands
5500	10000	-1000	1000	300	3000	-3750	-2225	10000	10000	2666	4000	0	minecraft:badlands
5500	10000	-1000	1000	3000	10000	-3750	-2225	0	0	2666	4000	0	minecraft:badlands
5500	10000	-1000	1000	3000	10000	-3750	-2225	10000	10000	2666	4000	0	minecraft:badlands
5500	10000	-1000	1000	-1900	300	-2225	500	0	0	2666	4000	0	minecraft:desert
5500	10000	-1000	1000	-1900	300	-2225	500	10000	10000	2666	4000	0	minecraft:desert
5500	10000	-1000	1000	300	10000	-2225	500	0	0	2666	4000	0	minecraft:badlands
5500	10000	-1000	1000	300	10000	-2225	500	10000	10000	2666	4000	0	minecraft:badlands
5500	10000	-1000	1000	-1900	10000	500	4500	0	0	2666	4000	0	minecraft:desert
5500	10000	-1000	1000	-1900	10000	500	4500	10000	10000	2666	4000	0	minecraft:desert
5500	10000	-1000	1000	-1900	-1100	4500	5500	0	0	2666	4000	0	minecraft:windswept_savanna
5500	10000	-1000	1000	-1900	-1100	4500	5500	10000	10000	2666	4000	0	minecraft:windswept_savanna
5500	10000	-1000	1000	-1100	300	4500	5500	0	0	2666	4000	0	minecraft:windswept_savanna
5500	10000	-1000	1000	-1100	300	4500	5500	10000	10000	2666	4000	0	minecraft:windswept_savanna
5500	10000	-1000	1000	300	10000	4500	5500	0	0	2666	4000	0	minecraft:desert
5500	10000	-1000	1000	300	10000	4500	5500	10000	10000	2666	4000	0	minecraft:desert
5500	10000	-1000	1000	-1900	-1100	5500	10000	0	0	2666	4000	0	minecraft:desert
5500	10000	-1000	1000	-1900	-1100	5500	10000	10000	10000	2666	4000	0	minecraft:desert
5500	10000	1000	3000	-1100	10000	-10000	-7799	0	0	2666	4000	0	minecraft:wooded_badlands
5500	10000	1000	3000	-1100	10000	-10000	-7799	10000	10000	2666	4000	0	minecraft:wooded_badlands
5500	10000	1000	3000	-1100	3000	-7799	-3750	0	0	2666	4000	0	minecraft:wooded_badlands
5500	10000	1000	3000	-1100	3000	-7799	-3750	10000	10000	2666	4000	0	minecraft:wooded_badlands
5500	10000	1000	3000	3000	10000	-7799	-3750	0	0	2666	4000	0	minecraft:wooded_badlands
5500	10000	1000	3000	3000	10000	-7799	-3750	10000	10000	2666	4000	0	minecraft:wooded_badlands
5500	10000	1000	3000	-1100	300	-3750	-2225	0	0	2666	4000	0	minecraft:desert
5500	10000	1000	3000	-1100	300	-3750	-2225	10000	10000	2666	4000	0	minecraft:desert
5500	10000	1000	3000	300	3000	-3750	-2225	0	0	2666	4000	0	minecraft:wooded_badlands
5500	10000	1000	3000	300	3000	-3750	-2225	10000	10000	2666	4000	0	minecraft:wooded_badlands
5500	10000	1000	3000	3000	10000	-3750	-2225	0	0	2666	4000	0	minecraft:wooded_badlands
5500	10000	1000	3000	3000	10000	-3750	-2225	10000	10000	2666	4000	0	minecraft:wooded_badlands
5500	10000	1000	3000	-1900	300	-2225	500	0	0	2666	4000	0	minecraft:desert
5500	10000	1000	3000	-1900	300	-2225	500	10000	10000	2666	4000	0	minecraft:desert
5500	10000	1000	3000	300	10000	-2225	500	0	0	2666	4000	0	minecraft:wooded_badlands
5500	10000	1000	3000	300	10000	-2225	500	10000	10000	2666	4000	0	minecraft:wooded_badlands
5500	10000	1000	3000	-1900	10000	500	4500	0	0	2666	4000	0	minecraft:desert
5500	10000	1000	3000	-1900	10000	500	4500	10000	10000	2666	4000	0	minecraft:desert
5500	10000	1000	3000	-1900	-1100	4500	5500	0	0	2666	4000	0	minecraft:windswept_savanna
5500	10000	1000	3000	-1900	-1100	4500	5500	10000	10000	2666	4000	0	minecraft:windswept_savanna
5500	10000	1000	3000	-1100	300	4500	5500	0	0	2666	4000	0	minecraft:windswept_savanna
5500	10000	1000	3000	-1100	300	4500	5500	10000	10000	2666	4000	0	minecraft:windswept_savanna
5500	10000	1000	3000	300	10000	4500	5500	0	0	2666	4000	0	minecraft:desert
5500	10000	1000	3000	300	10000	4500	5500	10000	10000	2666	4000	0	minecraft:desert
5500	10000	1000	3000	-1900	-1100	5500	10000	0	0	2666	4000	0	minecraft:desert
5500	10000	1000	3000	-1900	-1100	5500	10000	10000	10000	2666	4000	0	minecraft:desert
5500	10000	3000	10000	-1100	10000	-10000	-7799	0	0	2666	4000	0	minecraft:wooded_badlands
5500	10000	3000	10000	-1100	10000	-10000	-7799	10000	10000	2666	4000	0	minecraft:wooded_badlands
5500	10000	3000	10000	-1100	3000	-7799	-3750	0	0	2666	4000	0	minecraft:wooded_badlands
5500	10000	3000	10000	-1100	3000	-7799	-3750	10000	10000	2666	4000	0	minecraft:wooded_badlands
5500	10000	3000	10000	3000	10000	-7799	-3750	0	0	2666	4000	0	minecraft:wooded_badlands
5500	10000	3000	10000	3000	10000	-7799	-3750	10000	10000	2666	4000	0	minecraft:wooded_badlands
5500	10000	3000	10000	-1100	300	-3750	-2225	0	0	2666	4000	0	minecraft:desert
5500	10000	3000	10000	-1100	300	-3750	-2225	10000	10000	2666	4000	0	minecraft:desert
5500	10000	3000	10000	300	3000	-3750	-2225	0	0	2666	4000	0	minecraft:wooded_badlands
5500	10000	3000	10000	300	3000	-3750	-2225	10000	10000	2666	4000	0	minecraft:wooded_badlands
5500	10000	3000	10000	3000	10000	-3750	-2225	0	0	2666	4000	0	minecraft:wooded_badlands
5500	10000	3000	10000	3000	10000	-3750	-2225	10000	10000	2666	4000	0	minecraft:wooded_badlands
5500	10000	3000	10000	-1900	300	-2225	500	0	0	2666	4000	0	minecraft:desert
5500	10000	3000	10000	-1900	300	-2225	500	10000	10000	2666	4000	0	minecraft:desert
5500	10000	3000	10000	300	10000	-2225	500	0	0	2666	4000	0	minecraft:wooded_badlands
5500	10000	3000	10000	300	10000	-2225	500	10000	10000	2666	4000	0	minecraft:wooded_badlands
5500	10000	3000	10000	-1900	10000	500	4500	0	0	2666	4000	0	minecraft:desert
5500	10000	3000	10000	-1900	10000	500	4500	10000	10000	2666	4000	0	minecraft:desert
5500	10000	3000	10000	-1900	-1100	4500	5500	0	0	2666	4000	0	minecraft:desert
5500	10000	3000	10000	-1900	-1100	4500	5500	10000	10000	2666	4000	0	minecraft:desert
5500	10000	3000	10000	-1100	300	4500	5500	0	0	2666	4000	0	minecraft:desert
5500	10000	3000	10000	-1100	300	4500	5500	10000	10000	2666	4000	0	minecraft:desert
5500	10000	3000	10000	300	10000	4500	5500	0	0	2666	4000	0	minecraft:desert
5500	10000	3000	10000	300	10000	4500	5500	10000	10000	2666	4000	0	minecraft:desert
5500	10000	3000	10000	-1900	-1100	5500	10000	0	0	2666	4000	0	minecraft:desert
5500	10000	3000	10000	-1900	-1100	5500	10000	10000	10000	2666	4000	0	minecraft:desert
-10000	-4500	-10000	-3500	-1900	-1100	-10000	-3750	0	0	4000	5666	0	minecraft:ice_spikes
-10000	-4500	-10000	-3500	-1900	-1100	-10000	-3750	10000	10000	4000	5666	0	minecraft:ice_spikes
-10000	-4500	-10000	-3500	-1100	300	-10000	-7799	0	0	4000	5666	0	minecraft:snowy_slopes
-10000	-4500	-10000	-3500	-1100	300	-10000	-7799	10000	10000	4000	5666	0	minecraft:snowy_slopes
-10000	-4500	-10000	-3500	300	10000	-10000	-7799	0	0	4000	5666	0	minecraft:frozen_peaks
-10000	-4500	-10000	-3500	300	10000	-10000	-7799	10000	10000	4000	5666	0	minecraft:frozen_peaks
-10000	-4500	-10000	-3500	-1100	300	-7799	-3750	0	0	4000	5666	0	minecraft:snowy_slopes
-10000	-4500	-10000	-3500	-1100	300	-7799	-3750	10000	10000	4000	5666	0	minecraft:snowy_slopes
-10000	-4500	-10000	-3500	300	10000	-7799	-3750	0	0	4000	5666	0	minecraft:snowy_slopes
-10000	-4500	-10000	-3500	300	10000	-7799	-3750	10000	10000	4000	5666	0	minecraft:snowy_slopes
-10000	-4500	-10000	-3500	-1900	300	-3750	500	0	0	4000	5666	0	minecraft:ice_spikes
-10000	-4500	-10000	-3500	-1900	300	-3750	500	10000	10000	4000	5666	0	minecraft:ice_spikes
-10000	-4500	-10000	-3500	300	10000	-3750	-2225	0	0	4000	5666	0	minecraft:ice_spikes
-10000	-4500	-10000	-3500	300	10000	-3750	-2225	10000	10000	4000	5666	0	minecraft:ice_spikes
-10000	-4500	-10000	-3500	300	3000	-2225	500	0	0	4000	5666	0	minecraft:ice_spikes
-10000	-4500	-10000	-3500	300	3000	-2225	500	10000	10000	4000	5666	0	minecraft:ice_spikes
-10000	-4500	-10000	-3500	3000	10000	-2225	500	0	0	4000	5666	0	minecraft:ice_spikes
-10000	-4500	-10000	-3500	3000	10000	-2225	500	10000	10000	4000	5666	0	minecraft:ice_spikes
-10000	-4500	-10000	-3500	-1900	10000	500	4500	0	0	4000	5666	0	minecraft:ice_spikes
-10000	-4500	-10000	-3500	-1900	10000	500	4500	10000	10000	4000	5666	0	minecraft:ice_spikes
-10000	-4500	-10000	-3500	-1900	300	4500	5500	0	0	4000	5666	0	minecraft:ice_spikes
-10000	-4500	-10000	-3500	-1900	300	4500	5500	10000	10000	4000	5666	0	minecraft:ice_spikes
-10000	-4500	-10000	-3500	300	10000	4500	5500	0	0	4000	5666	0	minecraft:windswept_gravelly_hills
-10000	-4500	-10000	-3500	300	10000	4500	5500	10000	10000	4000	5666	0	minecraft:windswept_gravelly_hills
-10000	-4500	-10000	-3500	-1900	10000	5500	10000	0	0	4000	5666	0	minecraft:ice_spikes
-10000	-4500	-10000	-3500	-1900	10000	5500	10000	10000	10000	4000	5666	0	minecraft:ice_spikes
-10000	-4500	-3500	-1000	-1900	-1100	-10000	-3750	0	0	4000	5666	0	minecraft:snowy_plains
-10000	-4500	-3500	-1000	-1900	-1100	-10000	-3750	10000	10000	4000	5666	0	minecraft:snowy_plains
-10000	-4500	-3500	-1000	-1100	300	-10000	-7799	0	0	4000	5666	0	minecraft:snowy_slopes
-10000	-4500	-3500	-1000	-1100	300	-10000	-7799	10000	10000	4000	5666	0	minecraft:snowy_slopes
-10000	-4500	-3500	-1000	300	10000	-10000	-7799	0	0	4000	5666	0	minecraft:frozen_peaks
-10000	-4500	-3500	-1000	300	10000	-10000	-7799	10000	10000	4000	5666	0	minecraft:frozen_peaks
-10000	-4500	-3500	-1000	-1100	300	-7799	-3750	0	0	4000	5666	0	minecraft:snowy_slopes
-10000	-4500	-3500	-1000	-1100	300	-7799	-3750	10000	10000	4000	5666	0	minecraft:snowy_slopes
-10000	-4500	-3500	-1000	300	10000	-7799	-3750	0	0	4000	5666	0	minecraft:snowy_slopes
-10000	-4500	-3500	-1000	300	10000	-7799	-3750	10000	10000	4000	5666	0	minecraft:snowy_slopes
-10000	-4500	-3500	-1000	-1900	300	-3750	500	0	0	4000	5666	0	minecraft:snowy_plains
-10000	-4500	-3500	-1000	-1900	300	-3750	500	10000	10000	4000	5666	0	minecraft:snowy_plains
-10000	-4500	-3500	-1000	300	10000	-3750	-2225	0	0	4000	5666	0	minecraft:snowy_plains
-10000	-4500	-3500	-1000	300	10000	-3750	-2225	10000	10000	4000	5666	0	minecraft:snowy_plains
-10000	-4500	-3500	-1000	300	3000	-2225	500	0	0	4000	5666	0	minecraft:snowy_plains
-10000	-4500	-3500	-1000	300	3000	-2225	500	10000	10000	4000	5666	0	minecraft:snowy_plains
-10000	-4500	-3500	-1000	3000	10000	-2225	500	0	0	4000	5666	0	minecraft:snowy_plains
-10000	-4500	-3500	-1000	3000	10000	-2225	500	10000	10000	4000	5666	0	minecraft:snowy_plains
-10000	-4500	-3500	-1000	-1900	10000	500	4500	0	0	4000	5666	0	minecraft:snowy_plains
-10000	-4500	-3500	-1000	-1900	10000	500	4500	10000	10000	4000	5666	0	minecraft:snowy_plains
-10000	-4500	-3500	-1000	-1900	300	4500	5500	0	0	4000	5666	0	minecraft:snowy_plains
-10000	-4500	-3500	-1000	-1900	300	4500	5500	10000	10000	4000	5666	0	minecraft:snowy_plains
-10000	-4500	-3500	-1000	300	10000	4500	5500	0	0	4000	5666	0	minecraft:windswept_gravelly_hills
-10000	-4500	-3500	-1000	300	10000	4500	5500	10000	10000	4000	5666	0	minecraft:windswept_gravelly_hills
-10000	-4500	-3500	-1000	-1900	10000	5500	10000	0	0	4000	5666	0	minecraft:snowy_plains
-10000	-4500	-3500	-1000	-1900	10000	5500	10000	10000	10000	4000	5666	0	minecraft:snowy_plains
-10000	-4500	-1000	1000	-1900	-1100	-10000	-3750	0	0	4000	5666	0	minecraft:snowy_taiga
-10000	-4500	-1000	1000	-1900	-1100	-10000	-3750	10000	10000	4000	5666	0	minecraft:snowy_taiga
-10000	-4500	-1000	1000	-1100	300	-10000	-7799	0	0	4000	5666	0	minecraft:grove
-10000	-4500	-1000	1000	-1100	300	-10000	-7799	10000	10000	4000	5666	0	minecraft:grove
-10000	-4500	-1000	1000	300	10000	-10000	-7799	0	0	4000	5666	0	minecraft:frozen_peaks
-10000	-4500	-1000	1000	300	10000	-10000	-7799	10000	10000	4000	5666	0	minecraft:frozen_peaks
-10000	-4500	-1000	1000	-1100	300	-7799	-3750	0	0	4000	5666	0	minecraft:grove
-10000	-4500	-1000	1000	-1100	300	-7799	-3750	10000	10000	4000	5666	0	minecraft:grove
-10000	-4500	-1000	1000	300	10000	-7799	-3750	0	0	4000	5666	0	minecraft:grove
-10000	-4500	-1000	1000	300	10000	-7799	-3750	10000	10000	4000	5666	0	minecraft:grove
-10000	-4500	-1000	1000	-1900	300	-3750	500	0	0	4000	5666	0	minecraft:snowy_taiga
-10000	-4500	-1000	1000	-1900	300	-3750	500	10000	10000	4000	5666	0	minecraft:snowy_taiga
-10000	-4500	-1000	1000	300	10000	-3750	-2225	0	0	4000	5666	0	minecraft:snowy_plains
-10000	-4500	-1000	1000	300	10000	-3750	-2225	10000	10000	4000	5666	0	minecraft:snowy_plains
-10000	-4500	-1000	1000	300	3000	-2225	500	0	0	4000	5666	0	minecraft:snowy_taiga
-10000	-4500	-1000	1000	300	3000	-2225	500	10000	10000	4000	5666	0	minecraft:snowy_taiga
-10000	-4500	-1000	1000	3000	10000	-2225	500	0	0	4000	5666	0	minecraft:snowy_plains
-10000	-4500	-1000	1000	3000	10000	-2225	500	10000	10000	4000	5666	0	minecraft:snowy_plains
-10000	-4500	-1000	1000	-1900	10000	500	4500	0	0	4000	5666	0	minecraft:snowy_taiga
-10000	-4500	-1000	1000	-1900	10000	500	4500	10000	10000	4000	5666	0	minecraft:snowy_taiga
-10000	-4500	-1000	1000	-1900	300	4500	5500	0	0	4000	5666	0	minecraft:snowy_taiga
-10000	-4500	-1000	1000	-1900	300	4500	5500	10000	10000	4000	5666	0	minecraft:snowy_taiga
-10000	-4500	-1000	1000	300	10000	4500	5500	0	0	4000	5666	0	minecraft:windswept_hills
-10000	-4500	-1000	1000	300	10000	4500	5500	10000	10000	4000	5666	0	minecraft:windswept_hills
-10000	-4500	-1000	1000	-1900	10000	5500	10000	0	0	4000	5666	0	minecraft:snowy_taiga
-10000	-4500	-1000	1000	-1900	10000	5500	10000	10000	10000	4000	5666	0	minecraft:snowy_taiga
-10000	-4500	1000	3000	-1900	-1100	-10000	-3750	0	0	4000	5666	0	minecraft:snowy_taiga
-10000	-4500	1000	3000	-1900	-1100	-10000	-3750	10000	10000	4000	5666	0	minecraft:snowy_taiga
-10000	-4500	1000	3000	-1100	300	-10000	-7799	0	0	4000	5666	0	minecraft:grove
-10000	-4500	1000	3000	-1100	300	-10000	-7799	10000	10000	4000	5666	0	minecraft:grove
-10000	-4500	1000	3000	300	10000	-10000	-7799	0	0	4000	5666	0	minecraft:frozen_peaks
-10000	-4500	1000	3000	300	10000	-10000	-7799	10000	10000	4000	5666	0	minecraft:frozen_peaks
-10000	-4500	1000	3000	-1100	300	-7799	-3750	0	0	4000	5666	0	minecraft:grove
-10000	-4500	1000	3000	-1100	300	-7799	-3750	10000	10000	4000	5666	0	minecraft:grove
-10000	-4500	1000	3000	300	10000	-7799	-3750	0	0	4000	5666	0	minecraft:grove
-10000	-4500	1000	3000	300	10000	-7799	-3750	10000	10000	4000	5666	0	minecraft:grove
-10000	-4500	1000	3000	-1900	300	-3750	500	0	0	4000	5666	0	minecraft:snowy_taiga
-10000	-4500	1000	3000	-1900	300	-3750	500	10000	10000	4000	5666	0	minecraft:snowy_taiga
-10000	-4500	1000	3000	300	10000	-3750	-2225	0	0	4000	5666	0	minecraft:snowy_taiga
-10000	-4500	1000	3000	300	10000	-3750	-2225	10000	10000	4000	5666	0	minecraft:snowy_taiga
-10000	-4500	1000	3000	300	3000	-2225	500	0	0	4000	5666	0	minecraft:snowy_taiga
-10000	-4500	1000	3000	300	3000	-2225	500	10000	10000	4000	5666	0	minecraft:snowy_taiga
-10000	-4500	1000	3000	3000	10000	-2225	500	0	0	4000	5666	0	minecraft:snowy_taiga
-10000	-4500	1000	3000	3000	10000	-2225	500	10000	10000	4000	5666	0	minecraft:snowy_taiga
-10000	-4500	1000	3000	-1900	10000	500	4500	0	0	4000	5666	0	minecraft:snowy_taiga
-10000	-4500	1000	3000	-1900	10000	500	4500	10000	10000	4000	5666	0	minecraft:snowy_taiga
-10000	-4500	1000	3000	-1900	300	4500	5500	0	0	4000	5666	0	minecraft:snowy_taiga
-10000	-4500	1000	3000	-1900	300	4500	5500	10000	10000	4000	5666	0	minecraft:snowy_taiga
-10000	-4500	1000	3000	300	10000	4500	5500	0	0	4000	5666	0	minecraft:windswept_forest
-10000	-4500	1000	3000	300	10000	4500	5500	10000	10000	4000	5666	0	minecraft:windswept_forest
-10000	-4500	1000	3000	-1900	10000	5500	10000	0	0	4000	5666	0	minecraft:snowy_taiga
-10000	-4500	1000	3000	-1900	10000	5500	10000	10000	10000	4000	5666	0	minecraft:snowy_taiga
-10000	-4500	3000	10000	-1900	-1100	-10000	-3750	0	0	4000	5666	0	minecraft:taiga
-10000	-4500	3000	10000	-1900	-1100	-10000	-3750	10000	10000	4000	5666	0	minecraft:taiga
-10000	-4500	3000	10000	-1100	300	-10000	-7799	0	0	4000	5666	0	minecraft:grove
-10000	-4500	3000	10000	-1100	300	-10000	-7799	10000	10000	4000	5666	0	minecraft:grove
-10000	-4500	3000	10000	300	10000	-10000	-7799	0	0	4000	5666	0	minecraft:frozen_peaks
-10000	-4500	3000	10000	300	10000	-10000	-7799	10000	10000	4000	5666	0	minecraft:frozen_peaks
-10000	-4500	3000	10000	-1100	300	-7799	-3750	0	0	4000	5666	0	minecraft:grove
-10000	-4500	3000	10000	-1100	300	-7799	-3750	10000	10000	4000	5666	0	minecraft:grove
-10000	-4500	3000	10000	300	10000	-7799	-3750	0	0	4000	5666	0	minecraft:grove
-10000	-4500	3000	10000	300	10000	-7799	-3750	10000	10000	4000	5666	0	minecraft:grove
-10000	-4500	3000	10000	-1900	300	-3750	500	0	0	4000	5666	0	minecraft:taiga
-10000	-4500	3000	10000	-1900	300	-3750	500	10000	10000	4000	5666	0	minecraft:taiga
-10000	-4500	3000	10000	300	10000	-3750	-2225	0	0	4000	5666	0	minecraft:snowy_taiga
-10000	-4500	3000	10000	300	10000	-3750	-2225	10000	10000	4000	5666	0	minecraft:snowy_taiga
-10000	-4500	3000	10000	300	3000	-2225	500	0	0	4000	5666	0	minecraft:taiga
-10000	-4500	3000	10000	300	3000	-2225	500	10000	10000	4000	5666	0	minecraft:taiga
-10000	-4500	3000	10000	3000	10000	-2225	500	0	0	4000	5666	0	minecraft:snowy_taiga
-10000	-4500	3000	10000	3000	10000	-2225	500	10000	10000	4000	5666	0	minecraft:snowy_taiga
-10000	-4500	3000	10000	-1900	10000	500	4500	0	0	4000	5666	0	minecraft:taiga
-10000	-4500	3000	10000	-1900	10000	500	4500	10000	10000	4000	5666	0	minecraft:taiga
-10000	-4500	3000	10000	-1900	300	4500	5500	0	0	4000	5666	0	minecraft:taiga
-10000	-4500	3000	10000	-1900	300	4500	5500	10000	10000	4000	5666	0	minecraft:taiga
-10000	-4500	3000	10000	300	10000	4500	5500	0	0	4000	5666	0	minecraft:windswept_forest
-10000	-4500	3000	10000	300	10000	4500	5500	10000	10000	4000	5666	0	minecraft:windswept_forest
-10000	-4500	3000	10000	-1900	10000	5500	10000	0	0	4000	5666	0	minecraft:taiga
-10000	-4500	3000	10000	-1900	10000	5500	10000	10000	10000	4000	5666	0	minecraft:taiga
-4500	-1500	-10000	-3500	-1900	-1100	-10000	-3750	0	0	4000	5666	0	minecraft:plains
-4500	-1500	-10000	-3500	-1900	-1100	-10000	-3750	10000	10000	4000	5666	0	minecraft:plains
-4500	-1500	-10000	-3500	-1100	300	-10000	-7799	0	0	4000	5666	0	minecraft:snowy_slopes
-4500	-1500	-10000	-3500	-1100	300	-10000	-7799	10000	10000	4000	5666	0	minecraft:snowy_slopes
-4500	-1500	-10000	-3500	300	10000	-10000	-7799	0	0	4000	5666	0	minecraft:frozen_peaks
-4500	-1500	-10000	-3500	300	10000	-10000	-7799	10000	10000	4000	5666	0	minecraft:frozen_peaks
-4500	-1500	-10000	-3500	-1100	300	-7799	-3750	0	0	4000	5666	0	minecraft:plains
-4500	-1500	-10000	-3500	-1100	300	-7799	-3750	10000	10000	4000	5666	0	minecraft:plains
-4500	-1500	-10000	-3500	300	10000	-7799	-3750	0	0	4000	5666	0	minecraft:snowy_slopes
-4500	-1500	-10000	-3500	300	10000	-7799	-3750	10000	10000	4000	5666	0	minecraft:snowy_slopes
-4500	-1500	-10000	-3500	-1900	300	-3750	500	0	0	4000	5666	0	minecraft:plains
-4500	-1500	-10000	-3500	-1900	300	-3750	500	10000	10000	4000	5666	0	minecraft:plains
-4500	-1500	-10000	-3500	300	10000	-3750	-2225	0	0	4000	5666	0	minecraft:cherry_grove
-4500	-1500	-10000	-3500	300	10000	-3750	-2225	10000	10000	4000	5666	0	minecraft:cherry_grove
-4500	-1500	-10000	-3500	300	3000	-2225	500	0	0	4000	5666	0	minecraft:plains
-4500	-1500	-10000	-3500	300	3000	-2225	500	10000	10000	4000	5666	0	minecraft:plains
-4500	-1500	-10000	-3500	3000	10000	-2225	500	0	0	4000	5666	0	minecraft:cherry_grove
-4500	-1500	-10000	-3500	3000	10000	-2225	500	10000	10000	4000	5666	0	minecraft:cherry_grove
-4500	-1500	-10000	-3500	-1900	10000	500	4500	0	0	4000	5666	0	minecraft:plains
-4500	-1500	-10000	-3500	-1900	10000	500	4500	10000	10000	4000	5666	0	minecraft:plains
-4500	-1500	-10000	-3500	-1900	300	4500	5500	0	0	4000	5666	0	minecraft:plains
-4500	-1500	-10000	-3500	-1900	300	4500	5500	10000	10000	4000	5666	0	minecraft:plains
-4500	-1500	-10000	-3500	300	10000	4500	5500	0	0	4000	5666	0	minecraft:windswept_gravelly_hills
-4500	-1500	-10000	-3500	300	10000	4500	5500	10000	10000	4000	5666	0	minecraft:windswept_gravelly_hills
-4500	-1500	-10000	-3500	-1900	10000	5500	10000	0	0	4000	5666	0	minecraft:plains
-4500	-1500	-10000	-3500	-1900	10000	5500	10000	10000	10000	4000	5666	0	minecraft:plains
-4500	-1500	-3500	-1000	-1900	-1100	-10000	-3750	0	0	4000	5666	0	minecraft:plains
-4500	-1500	-3500	-1000	-1900	-1100	-10000	-3750	10000	10000	4000	5666	0	minecraft:plains
-4500	-1500	-3500	-1000	-1100	300	-10000	-7799	0	0	4000	5666	0	minecraft:snowy_slopes
-4500	-1500	-3500	-1000	-1100	300	-10000	-7799	10000	10000	4000	5666	0	minecraft:snowy_slopes
-4500	-1500	-3500	-1000	300	10000	-10000	-7799	0	0	4000	5666	0	minecraft:frozen_peaks
-4500	-1500	-3500	-1000	300	10000	-10000	-7799	10000	10000	4000	5666	0	minecraft:frozen_peaks
-4500	-1500	-3500	-1000	-1100	300	-7799	-3750	0	0	4000	5666	0	minecraft:plains
-4500	-1500	-3500	-1000	-1100	300	-7799	-3750	10000	10000	4000	5666	0	minecraft:plains
-4500	-1500	-3500	-1000	300	10000	-7799	-3750	0	0	4000	5666	0	minecraft:snowy_slopes
-4500	-1500	-3500	-1000	300	10000	-7799	-3750	10000	10000	4000	5666	0	minecraft:snowy_slopes
-4500	-1500	-3500	-1000	-1900	300	-3750	500	0	0	4000	5666	0	minecraft:plains
-4500	-1500	-3500	-1000	-1900	300	-3750	500	10000	10000	4000	5666	0	minecraft:plains
-4500	-1500	-3500	-1000	300	10000	-3750	-2225	0	0	4000	5666	0	minecraft:meadow
-4500	-1500	-3500	-1000	300	10000	-3750	-2225	10000	10000	4000	5666	0	minecraft:meadow
-4500	-1500	-3500	-1000	300	3000	-2225	500	0	0	4000	5666	0	minecraft:plains
-4500	-1500	-3500	-1000	300	3000	-2225	500	10000	10000	4000	5666	0	minecraft:plains
-4500	-1500	-3500	-1000	3000	10000	-2225	500	0	0	4000	5666	0	minecraft:meadow
-4500	-1500	-3500	-1000	3000	10000	-2225	500	10000	10000	4000	5666	0	minecraft:meadow
-4500	-1500	-3500	-1000	-1900	10000	500	4500	0	0	4000	5666	0	minecraft:plains
-4500	-1500	-3500	-1000	-1900	10000	500	4500	10000	10000	4000	5666	0	minecraft:plains
-4500	-1500	-3500	-1000	-1900	300	4500	5500	0	0	4000	5666	0	minecraft:plains
-4500	-1500	-3500	-1000	-1900	300	4500	5500	10000	10000	4000	5666	0	minecraft:plains
-4500	-1500	-3500	-1000	300	10000	4500	5500	0	0	4000	5666	0	minecraft:windswept_gravelly_hills
-4500	-1500	-3500	-1000	300	10000	4500	5500	10000	10000	4000	5666	0	minecraft:windswept_gravelly_hills
-4500	-1500	-3500	-1000	-1900	10000	5500	10000	0	0	4000	5666	0	minecraft:plains
-4500	-1500	-3500	-1000	-1900	10000	5500	10000	10000	10000	4000	5666	0	minecraft:plains
-4500	-1500	-1000	1000	-1900	-1100	-10000	-3750	0	0	4000	5666	0	minecraft:forest
-4500	-1500	-1000	1000	-1900	-1100	-10000	-3750	10000	10000	4000	5666	0	minecraft:forest
-4500	-1500	-1000	1000	-1100	300	-10000	-7799	0	0	4000	5666	0	minecraft:grove
-4500	-1500	-1000	1000	-1100	300	-10000	-7799	10000	10000	4000	5666	0	minecraft:grove
-4500	-1500	-1000	1000	300	10000	-10000	-7799	0	0	4000	5666	0	minecraft:frozen_peaks
-4500	-1500	-1000	1000	300	10000	-10000	-7799	10000	10000	4000	5666	0	minecraft:frozen_peaks
-4500	-1500	-1000	1000	-1100	300	-7799	-3750	0	0	4000	5666	0	minecraft:forest
-4500	-1500	-1000	1000	-1100	300	-7799	-3750	10000	10000	4000	5666	0	minecraft:forest
-4500	-1500	-1000	1000	300	10000	-7799	-3750	0	0	4000	5666	0	minecraft:grove
-4500	-1500	-1000	1000	300	10000	-7799	-3750	10000	10000	4000	5666	0	minecraft:grove
-4500	-1500	-1000	1000	-1900	300	-3750	500	0	0	4000	5666	0	minecraft:forest
-4500	-1500	-1000	1000	-1900	300	-3750	500	10000	10000	4000	5666	0	minecraft:forest
-4500	-1500	-1000	1000	300	10000	-3750	-2225	0	0	4000	5666	0	minecraft:meadow
-4500	-1500	-1000	1000	300	10000	-3750	-2225	10000	10000	4000	5666	0	minecraft:meadow
-4500	-1500	-1000	1000	300	3000	-2225	500	0	0	4000	5666	0	minecraft:forest
-4500	-1500	-1000	1000	300	3000	-2225	500	10000	10000	4000	5666	0	minecraft:forest
-4500	-1500	-1000	1000	3000	10000	-2225	500	0	0	4000	5666	0	minecraft:meadow
-4500	-1500	-1000	1000	3000	10000	-2225	500	10000	10000	4000	5666	0	minecraft:meadow
-4500	-1500	-1000	1000	-1900	10000	500	4500	0	0	4000	5666	0	minecraft:forest
-4500	-1500	-1000	1000	-1900	10000	500	4500	10000	10000	4000	5666	0	minecraft:forest
-4500	-1500	-1000	1000	-1900	300	4500	5500	0	0	4000	5666	0	minecraft:forest
-4500	-1500	-1000	1000	-1900	300	4500	5500	10000	10000	4000	5666	0	minecraft:forest
-4500	-1500	-1000	1000	300	10000	4500	5500	0	0	4000	5666	0	minecraft:windswept_hills
-4500	-1500	-1000	1000	300	10000	4500	5500	10000	10000	4000	5666	0	minecraft:windswept_hills
-4500	-1500	-1000	1000	-1900	10000	5500	10000	0	0	4000	5666	0	minecraft:forest
-4500	-1500	-1000	1000	-1900	10000	5500	10000	10000	10000	4000	5666	0	minecraft:forest
-4500	-1500	1000	3000	-1900	-1100	-10000	-3750	0	0	4000	5666	0	minecraft:taiga
-4500	-1500	1000	3000	-1900	-1100	-10000	-3750	10000	10000	4000	5666	0	minecraft:taiga
-4500	-1500	1000	3000	-1100	300	-10000	-7799	0	0	4000	5666	0	minecraft:grove
-4500	-1500	1000	3000	-1100	300	-10000	-7799	10000	10000	4000	5666	0	minecraft:grove
-4500	-1500	1000	3000	300	10000	-10000	-7799	0	0	4000	5666	0	minecraft:frozen_peaks
-4500	-1500	1000	3000	300	10000	-10000	-7799	10000	10000	4000	5666	0	minecraft:frozen_peaks
-4500	-1500	1000	3000	-1100	300	-7799	-3750	0	0	4000	5666	0	minecraft:taiga
-4500	-1500	1000	3000	-1100	300	-7799	-3750	10000	10000	4000	5666	0	minecraft:taiga
-4500	-1500	1000	3000	300	10000	-7799	-3750	0	0	4000	5666	0	minecraft:grove
-4500	-1500	1000	3000	300	10000	-7799	-3750	10000	10000	4000	5666	0	minecraft:grove
-4500	-1500	1000	3000	-1900	300	-3750	500	0	0	4000	5666	0	minecraft:taiga
-4500	-1500	1000	3000	-1900	300	-3750	500	10000	10000	4000	5666	0	minecraft:taiga
-4500	-1500	1000	3000	300	10000	-3750	-2225	0	0	4000	5666	0	minecraft:meadow
-4500	-1500	1000	3000	300	10000	-3750	-2225	10000	10000	4000	5666	0	minecraft:meadow
-4500	-1500	1000	3000	300	3000	-2225	500	0	0	4000	5666	0	minecraft:taiga
-4500	-1500	1000	3000	300	3000	-2225	500	10000	10000	4000	5666	0	minecraft:taiga
-4500	-1500	1000	3000	3000	10000	-2225	500	0	0	4000	5666	0	minecraft:meadow
-4500	-1500	1000	3000	3000	10000	-2225	500	10000	10000	4000	5666	0	minecraft:meadow
-4500	-1500	1000	3000	-1900	10000	500	4500	0	0	4000	5666	0	minecraft:taiga
-4500	-1500	1000	3000	-1900	10000	500	4500	10000	10000	4000	5666	0	minecraft:taiga
-4500	-1500	1000	3000	-1900	300	4500	5500	0	0	4000	5666	0	minecraft:taiga
-4500	-1500	1000	3000	-1900	300	4500	5500	10000	10000	4000	5666	0	minecraft:taiga
-4500	-1500	1000	3000	300	10000	4500	5500	0	0	4000	5666	0	minecraft:windswept_forest
-4500	-1500	1000	3000	300	10000	4500	5500	10000	10000	4000	5666	0	minecraft:windswept_forest
-4500	-1500	1000	3000	-1900	10000	5500	10000	0	0	4000	5666	0	minecraft:taiga
-4500	-1500	1000	3000	-1900	10000	5500	10000	10000	10000	4000	5666	0	minecraft:taiga
-4500	-1500	3000	10000	-1900	-1100	-10000	-3750	0	0	4000	5666	0	minecraft:old_growth_pine_taiga
-4500	-1500	3000	10000	-1900	-1100	-10000	-3750	10000	10000	4000	5666	0	minecraft:old_growth_pine_taiga
-4500	-1500	3000	10000	-1100	300	-10000	-7799	0	0	4000	5666	0	minecraft:grove
-4500	-1500	3000	10000	-1100	300	-10000	-7799	10000	10000	4000	5666	0	minecraft:grove
-4500	-1500	3000	10000	300	10000	-10000	-7799	0	0	4000	5666	0	minecraft:frozen_peaks
-4500	-1500	3000	10000	300	10000	-10000	-7799	10000	10000	4000	5666	0	minecraft:frozen_peaks
-4500	-1500	3000	10000	-1100	300	-7799	-3750	0	0	4000	5666	0	minecraft:old_growth_pine_taiga
-4500	-1500	3000	10000	-1100	300	-7799	-3750	10000	10000	4000	5666	0	minecraft:old_growth_pine_taiga
-4500	-1500	3000	10000	300	10000	-7799	-3750	0	0	4000	5666	0	minecraft:grove
-4500	-1500	3000	10000	300	10000	-7799	-3750	10000	10000	4000	5666	0	minecraft:grove
-4500	-1500	3000	10000	-1900	300	-3750	500	0	0	4000	5666	0	minecraft:old_growth_pine_taiga
-4500	-1500	3000	10000	-1900	300	-3750	500	10000	10000	4000	5666	0	minecraft:old_growth_pine_taiga
-4500	-1500	3000	10000	300	10000	-3750	-2225	0	0	4000	5666	0	minecraft:old_growth_pine_taiga
-4500	-1500	3000	10000	300	10000	-3750	-2225	10000	10000	4000	5666	0	minecraft:old_growth_pine_taiga
-4500	-1500	3000	10000	300	3000	-2225	500	0	0	4000	5666	0	minecraft:old_growth_pine_taiga
-4500	-1500	3000	10000	300	3000	-2225	500	10000	10000	4000	5666	0	minecraft:old_growth_pine_taiga
-4500	-1500	3000	10000	3000	10000	-2225	500	0	0	4000	5666	0	minecraft:old_growth_pine_taiga
-4500	-1500	3000	10000	3000	10000	-2225	500	10000	10000	4000	5666	0	minecraft:old_growth_pine_taiga
-4500	-1500	3000	10000	-1900	10000	500	4500	0	0	4000	5666	0	minecraft:old_growth_pine_taiga
-4500	-1500	3000	10000	-1900	10000	500	4500	10000	10000	4000	5666	0	minecraft:old_growth_pine_taiga
-4500	-1500	3000	10000	-1900	300	4500	5500	0	0	4000	5666	0	minecraft:old_growth_pine_taiga
-4500	-1500	3000	10000	-1900	300	4500	5500	10000	10000	4000	5666	0	minecraft:old_growth_pine_taiga
-4500	-1500	3000	10000	300	10000	4500	5500	0	0	4000	5666	0	minecraft:windswept_forest
-4500	-1500	3000	10000	300	10000	4500	5500	10000	10000	4000	5666	0	minecraft:windswept_forest
-4500	-1500	3000	10000	-1900	10000	5500	10000	0	0	4000	5666	0	minecraft:old_growth_pine_taiga
-4500	-1500	3000	10000	-1900	10000	5500	10000	10000	10000	4000	5666	0	minecraft:old_growth_pine_taiga
-1500	2000	-10000	-3500	-1900	-1100	-10000	-3750	0	0	4000	5666	0	minecraft:sunflower_plains
-1500	2000	-10000	-3500	-1900	-1100	-10000	-3750	10000	10000	4000	5666	0	minecraft:sunflower_plains
-1500	2000	-10000	-3500	-1100	300	-10000	-7799	0	0	4000	5666	0	minecraft:snowy_slopes
-1500	2000	-10000	-3500	-1100	300	-10000	-7799	10000	10000	4000	5666	0	minecraft:snowy_slopes
-1500	2000	-10000	-3500	300	10000	-10000	-7799	0	0	4000	5666	0	minecraft:frozen_peaks
-1500	2000	-10000	-3500	300	10000	-10000	-7799	10000	10000	4000	5666	0	minecraft:frozen_peaks
-1500	2000	-10000	-3500	-1100	300	-7799	-3750	0	0	4000	5666	0	minecraft:sunflower_plains
-1500	2000	-10000	-3500	-1100	300	-7799	-3750	10000	10000	4000	5666	0	minecraft:sunflower_plains
-1500	2000	-10000	-3500	300	10000	-7799	-3750	0	0	4000	5666	0	minecraft:snowy_slopes
-1500	2000	-10000	-3500	300	10000	-7799	-3750	10000	10000	4000	5666	0	minecraft:snowy_slopes
-1500	2000	-10000	-3500	-1900	300	-3750	500	0	0	4000	5666	0	minecraft:sunflower_plains
-1500	2000	-10000	-3500	-1900	300	-3750	500	10000	10000	4000	5666	0	minecraft:sunflower_plains
-1500	2000	-10000	-3500	300	10000	-3750	-2225	0	0	4000	5666	0	minecraft:cherry_grove
-1500	2000	-10000	-3500	300	10000	-3750	-2225	10000	10000	4000	5666	0	minecraft:cherry_grove
-1500	2000	-10000	-3500	300	3000	-2225	500	0	0	4000	5666	0	minecraft:sunflower_plains
-1500	2000	-10000	-3500	300	3000	-2225	500	10000	10000	4000	5666	0	minecraft:sunflower_plains
-1500	2000	-10000	-3500	3000	10000	-2225	500	0	0	4000	5666	0	minecraft:cherry_grove
-1500	2000	-10000	-3500	3000	10000	-2225	500	10000	10000	4000	5666	0	minecraft:cherry_grove
-1500	2000	-10000	-3500	-1900	10000	500	4500	0	0	4000	5666	0	minecraft:sunflower_plains
-1500	2000	-10000	-3500	-1900	10000	500	4500	10000	10000	4000	5666	0	minecraft:sunflower_plains
-1500	2000	-10000	-3500	-1900	300	4500	5500	0	0	4000	5666	0	minecraft:windswept_savanna
-1500	2000	-10000	-3500	-1900	300	4500	5500	10000	10000	4000	5666	0	minecraft:windswept_savanna
-1500	2000	-10000	-3500	300	10000	4500	5500	0	0	4000	5666	0	minecraft:windswept_hills
-1500	2000	-10000	-3500	300	10000	4500	5500	10000	10000	4000	5666	0	minecraft:windswept_hills
-1500	2000	-10000	-3500	-1900	10000	5500	10000	0	0	4000	5666	0	minecraft:sunflower_plains
-1500	2000	-10000	-3500	-1900	10000	5500	10000	10000	10000	4000	5666	0	minecraft:sunflower_plains
-1500	2000	-3500	-1000	-1900	-1100	-10000	-3750	0	0	4000	5666	0	minecraft:plains
-1500	2000	-3500	-1000	-1900	-1100	-10000	-3750	10000	10000	4000	5666	0	minecraft:plains
-1500	2000	-3500	-1000	-1100	300	-10000	-7799	0	0	4000	5666	0	minecraft:snowy_slopes
-1500	2000	-3500	-1000	-1100	300	-10000	-7799	10000	10000	4000	5666	0	minecraft:snowy_slopes
-1500	2000	-3500	-1000	300	10000	-10000	-7799	0	0	4000	5666	0	minecraft:frozen_peaks
-1500	2000	-3500	-1000	300	10000	-10000	-7799	10000	10000	4000	5666	0	minecraft:frozen_peaks
-1500	2000	-3500	-1000	-1100	300	-7799	-3750	0	0	4000	5666	0	minecraft:plains
-1500	2000	-3500	-1000	-1100	300	-7799	-3750	10000	10000	4000	5666	0	minecraft:plains
-1500	2000	-3500	-1000	300	10000	-7799	-3750	0	0	4000	5666	0	minecraft:snowy_slopes
-1500	2000	-3500	-1000	300	10000	-7799	-3750	10000	10000	4000	5666	0	minecraft:snowy_slopes
-1500	2000	-3500	-1000	-1900	300	-3750	500	0	0	4000	5666	0	minecraft:plains
-1500	2000	-3500	-1000	-1900	300	-3750	500	10000	10000	4000	5666	0	minecraft:plains
-1500	2000	-3500	-1000	300	10000	-3750	-2225	0	0	4000	5666	0	minecraft:cherry_grove
-1500	2000	-3500	-1000	300	10000	-3750	-2225	10000	10000	4000	5666	0	minecraft:cherry_grove
-1500	2000	-3500	-1000	300	3000	-2225	500	0	0	4000	5666	0	minecraft:plains
-1500	2000	-3500	-1000	300	3000	-2225	500	10000	10000	4000	5666	0	minecraft:plains
-1500	2000	-3500	-1000	3000	10000	-2225	500	0	0	4000	5666	0	minecraft:cherry_grove
-1500	2000	-3500	-1000	3000	10000	-2225	500	10000	10000	4000	5666	0	minecraft:cherry_grove
-1500	2000	-3500	-1000	-1900	10000	500	4500	0	0	4000	5666	0	minecraft:plains
-1500	2000	-3500	-1000	-1900	10000	500	4500	10000	10000	4000	5666	0	minecraft:plains
-1500	2000	-3500	-1000	-1900	300	4500	5500	0	0	4000	5666	0	minecraft:windswept_savanna
-1500	2000	-3500	-1000	-1900	300	4500	5500	10000	10000	4000	5666	0	minecraft:windswept_savanna
-1500	2000	-3500	-1000	300	10000	4500	5500	0	0	4000	5666	0	minecraft:windswept_hills
-1500	2000	-3500	-1000	300	10000	4500	5500	10000	10000	4000	5666	0	minecraft:windswept_hills
-1500	2000	-3500	-1000	-1900	10000	5500	10000	0	0	4000	5666	0	minecraft:plains
-1500	2000	-3500	-1000	-1900	10000	5500	10000	10000	10000	4000	5666	0	minecraft:plains
-1500	2000	-1000	1000	-1900	-1100	-10000	-3750	0	0	4000	5666	0	minecraft:forest
-1500	2000	-1000	1000	-1900	-1100	-10000	-3750	10000	10000	4000	5666	0	minecraft:forest
-1500	2000	-1000	1000	-1100	300	-10000	-7799	0	0	4000	5666	0	minecraft:grove
-1500	2000	-1000	1000	-1100	300	-10000	-7799	10000	10000	4000	5666	0	minecraft:grove
-1500	2000	-1000	1000	300	10000	-10000	-7799	0	0	4000	5666	0	minecraft:frozen_peaks
-1500	2000	-1000	1000	300	10000	-10000	-7799	10000	10000	4000	5666	0	minecraft:frozen_peaks
-1500	2000	-1000	1000	-1100	300	-7799	-3750	0	0	4000	5666	0	minecraft:forest
-1500	2000	-1000	1000	-1100	300	-7799	-3750	10000	10000	4000	5666	0	minecraft:forest
-1500	2000	-1000	1000	300	10000	-7799	-3750	0	0	4000	5666	0	minecraft:grove
-1500	2000	-1000	1000	300	10000	-7799	-3750	10000	10000	4000	5666	0	minecraft:grove
-1500	2000	-1000	1000	-1900	300	-3750	500	0	0	4000	5666	0	minecraft:forest
-1500	2000	-1000	1000	-1900	300	-3750	500	10000	10000	4000	5666	0	minecraft:forest
-1500	2000	-1000	1000	300	10000	-3750	-2225	0	0	4000	5666	0	minecraft:forest
-1500	2000	-1000	1000	300	10000	-3750	-2225	10000	10000	4000	5666	0	minecraft:forest
-1500	2000	-1000	1000	300	3000	-2225	500	0	0	4000	5666	0	minecraft:forest
-1500	2000	-1000	1000	300	3000	-2225	500	10000	10000	4000	5666	0	minecraft:forest
-1500	2000	-1000	1000	3000	10000	-2225	500	0	0	4000	5666	0	minecraft:forest
-1500	2000	-1000	1000	3000	10000	-2225	500	10000	10000	4000	5666	0	minecraft:forest
-1500	2000	-1000	1000	-1900	10000	500	4500	0	0	4000	5666	0	minecraft:forest
-1500	2000	-1000	1000	-1900	10000	500	4500	10000	10000	4000	5666	0	minecraft:forest
-1500	2000	-1000	1000	-1900	300	4500	5500	0	0	4000	5666	0	minecraft:windswept_savanna
-1500	2000	-1000	1000	-1900	300	4500	5500	10000	10000	4000	5666	0	minecraft:windswept_savanna
-1500	2000	-1000	1000	300	10000	4500	5500	0	0	4000	5666	0	minecraft:windswept_hills
-1500	2000	-1000	1000	300	10000	4500	5500	10000	10000	4000	5666	0	minecraft:windswept_hills
-1500	2000	-1000	1000	-1900	10000	5500	10000	0	0	4000	5666	0	minecraft:forest
-1500	2000	-1000	1000	-1900	10000	5500	10000	10000	10000	4000	5666	0	minecraft:forest
-1500	2000	1000	3000	-1900	-1100	-10000	-3750	0	0	4000	5666	0	minecraft:old_growth_birch_forest
-1500	2000	1000	3000	-1900	-1100	-10000	-3750	10000	10000	4000	5666	0	minecraft:old_growth_birch_forest
-1500	2000	1000	3000	-1100	300	-10000	-7799	0	0	4000	5666	0	minecraft:grove
-1500	2000	1000	3000	-1100	300	-10000	-7799	10000	10000	4000	5666	0	minecraft:grove
-1500	2000	1000	3000	300	10000	-10000	-7799	0	0	4000	5666	0	minecraft:frozen_peaks
-1500	2000	1000	3000	300	10000	-10000	-7799	10000	10000	4000	5666	0	minecraft:frozen_peaks
-1500	2000	1000	3000	-1100	300	-7799	-3750	0	0	4000	5666	0	minecraft:old_growth_birch_forest
-1500	2000	1000	3000	-1100	300	-7799	-3750	10000	10000	4000	5666	0	minecraft:old_growth_birch_forest
-1500	2000	1000	3000	300	10000	-7799	-3750	0	0	4000	5666	0	minecraft:grove
-1500	2000	1000	3000	300	10000	-7799	-3750	10000	10000	4000	5666	0	minecraft:grove
-1500	2000	1000	3000	-1900	300	-3750	500	0	0	4000	5666	0	minecraft:old_growth_birch_forest
-1500	2000	1000	3000	-1900	300	-3750	500	10000	10000	4000	5666	0	minecraft:old_growth_birch_forest
-1500	2000	1000	3000	300	10000	-3750	-2225	0	0	4000	5666	0	minecraft:birch_forest
-1500	2000	1000	3000	300	10000	-3750	-2225	10000	10000	4000	5666	0	minecraft:birch_forest
-1500	2000	1000	3000	300	3000	-2225	500	0	0	4000	5666	0	minecraft:old_growth_birch_forest
-1500	2000	1000	3000	300	3000	-2225	500	10000	10000	4000	5666	0	minecraft:old_growth_birch_forest
-1500	2000	1000	3000	3000	10000	-2225	500	0	0	4000	5666	0	minecraft:birch_forest
-1500	2000	1000	3000	3000	10000	-2225	500	10000	10000	4000	5666	0	minecraft:birch_forest
-1500	2000	1000	3000	-1900	10000	500	4500	0	0	4000	5666	0	minecraft:old_growth_birch_forest
-1500	2000	1000	3000	-1900	10000	500	4500	10000	10000	4000	5666	0	minecraft:old_growth_birch_forest
-1500	2000	1000	3000	-1900	300	4500	5500	0	0	4000	5666	0	minecraft:windswept_savanna
-1500	2000	1000	3000	-1900	300	4500	5500	10000	10000	4000	5666	0	minecraft:windswept_savanna
-1500	2000	1000	3000	300	10000	4500	5500	0	0	4000	5666	0	minecraft:windswept_forest
-1500	2000	1000	3000	300	10000	4500	5500	10000	10000	4000	5666	0	minecraft:windswept_forest
-1500	2000	1000	3000	-1900	10000	5500	10000	0	0	4000	5666	0	minecraft:old_growth_birch_forest
-1500	2000	1000	3000	-1900	10000	5500	10000	10000	10000	4000	5666	0	minecraft:old_growth_birch_forest
-1500	2000	3000	10000	-1900	-1100	-10000	-3750	0	0	4000	5666	0	minecraft:dark_forest
-1500	2000	3000	10000	-1900	-1100	-10000	-3750	10000	10000	4000	5666	0	minecraft:dark_forest
-1500	2000	3000	10000	-1100	300	-10000	-7799	0	0	4000	5666	0	minecraft:grove
-1500	2000	3000	10000	-1100	300	-10000	-7799	10000	10000	4000	5666	0	minecraft:grove
-1500	2000	3000	10000	300	10000	-10000	-7799	0	0	4000	5666	0	minecraft:frozen_peaks
-1500	2000	3000	10000	300	10000	-10000	-7799	10000	10000	4000	5666	0	minecraft:frozen_peaks
-1500	2000	3000	10000	-1100	300	-7799	-3750	0	0	4000	5666	0	minecraft:dark_forest
-1500	2000	3000	10000	-1100	300	-7799	-3750	10000	10000	4000	5666	0	minecraft:dark_forest
-1500	2000	3000	10000	300	10000	-7799	-3750	0	0	4000	5666	0	minecraft:grove
-1500	2000	3000	10000	300	10000	-7799	-3750	10000	10000	4000	5666	0	minecraft:grove
-1500	2000	3000	10000	-1900	300	-3750	500	0	0	4000	5666	0	minecraft:dark_forest
-1500	2000	3000	10000	-1900	300	-3750	500	10000	10000	4000	5666	0	minecraft:dark_forest
-1500	2000	3000	10000	300	10000	-3750	-2225	0	0	4000	5666	0	minecraft:pale_garden
-1500	2000	3000	10000	300	10000	-3750	-2225	10000	10000	4000	5666	0	minecraft:pale_garden
-1500	2000	3000	10000	300	3000	-2225	500	0	0	4000	5666	0	minecraft:dark_forest
-1500	2000	3000	10000	300	3000	-2225	500	10000	10000	4000	5666	0	minecraft:dark_forest
-1500	2000	3000	10000	3000	10000	-2225	500	0	0	4000	5666	0	minecraft:pale_garden
-1500	2000	3000	10000	3000	10000	-2225	500	10000	10000	4000	5666	0	minecraft:pale_garden
-1500	2000	3000	10000	-1900	10000	500	4500	0	0	4000	5666	0	minecraft:dark_forest
-1500	2000	3000	10000	-1900	10000	500	4500	10000	10000	4000	5666	0	minecraft:dark_forest
-1500	2000	3000	10000	-1900	300	4500	5500	0	0	4000	5666	0	minecraft:dark_forest
-1500	2000	3000	10000	-1900	300	4500	5500	10000	10000	4000	5666	0	minecraft:dark_forest
-1500	2000	3000	10000	300	10000	4500	5500	0	0	4000	5666	0	minecraft:windswept_forest
-1500	2000	3000	10000	300	10000	4500	5500	10000	10000	4000	5666	0	minecraft:windswept_forest
-1500	2000	3000	10000	-1900	10000	5500	10000	0	0	4000	5666	0	minecraft:dark_forest
-1500	2000	3000	10000	-1900	10000	5500	10000	10000	10000	4000	5666	0	minecraft:dark_forest
2000	5500	-10000	-3500	-1900	-1100	-10000	-3750	0	0	4000	5666	0	minecraft:savanna
2000	5500	-10000	-3500	-1900	-1100	-10000	-3750	10000	10000	4000	5666	0	minecraft:savanna
2000	5500	-10000	-3500	-1100	300	-10000	-7799	0	0	4000	5666	0	minecraft:savanna_plateau
2000	5500	-10000	-3500	-1100	300	-10000	-7799	10000	10000	4000	5666	0	minecraft:savanna_plateau
2000	5500	-10000	-3500	300	10000	-10000	-7799	0	0	4000	5666	0	minecraft:stony_peaks
2000	5500	-10000	-3500	300	10000	-10000	-7799	10000	10000	4000	5666	0	minecraft:stony_peaks
2000	5500	-10000	-3500	-1100	300	-7799	-3750	0	0	4000	5666	0	minecraft:savanna
2000	5500	-10000	-3500	-1100	300	-7799	-3750	10000	10000	4000	5666	0	minecraft:savanna
2000	5500	-10000	-3500	300	10000	-7799	-3750	0	0	4000	5666	0	minecraft:savanna_plateau
2000	5500	-10000	-3500	300	10000	-7799	-3750	10000	10000	4000	5666	0	minecraft:savanna_plateau
2000	5500	-10000	-3500	-1900	300	-3750	500	0	0	4000	5666	0	minecraft:savanna
2000	5500	-10000	-3500	-1900	300	-3750	500	10000	10000	4000	5666	0	minecraft:savanna
2000	5500	-10000	-3500	300	10000	-3750	-2225	0	0	4000	5666	0	minecraft:savanna_plateau
2000	5500	-10000	-3500	300	10000	-3750	-2225	10000	10000	4000	5666	0	minecraft:savanna_plateau
2000	5500	-10000	-3500	300	3000	-2225	500	0	0	4000	5666	0	minecraft:savanna
2000	5500	-10000	-3500	300	3000	-2225	500	10000	10000	4000	5666	0	minecraft:savanna
2000	5500	-10000	-3500	3000	10000	-2225	500	0	0	4000	5666	0	minecraft:savanna_plateau
2000	5500	-10000	-3500	3000	10000	-2225	500	10000	10000	4000	5666	0	minecraft:savanna_plateau
2000	5500	-10000	-3500	-1900	10000	500	4500	0	0	4000	5666	0	minecraft:savanna
2000	5500	-10000	-3500	-1900	10000	500	4500	10000	10000	4000	5666	0	minecraft:savanna
2000	5500	-10000	-3500	-1900	300	4500	5500	0	0	4000	5666	0	minecraft:windswept_savanna
2000	5500	-10000	-3500	-1900	300	4500	5500	10000	10000	4000	5666	0	minecraft:windswept_savanna
2000	5500	-10000	-3500	300	10000	4500	5500	0	0	4000	5666	0	minecraft:savanna
2000	5500	-10000	-3500	300	10000	4500	5500	10000	10000	4000	5666	0	minecraft:savanna
2000	5500	-10000	-3500	-1900	10000	5500	10000	0	0	4000	5666	0	minecraft:savanna
2000	5500	-10000	-3500	-1900	10000	5500	10000	10000	10000	4000	5666	0	minecraft:savanna
2000	5500	-3500	-1000	-1900	-1100	-10000	-3750	0	0	4000	5666	0	minecraft:savanna
2000	5500	-3500	-1000	-1900	-1100	-10000	-3750	10000	10000	4000	5666	0	minecraft:savanna
2000	5500	-3500	-1000	-1100	300	-10000	-7799	0	0	4000	5666	0	minecraft:savanna_plateau
2000	5500	-3500	-1000	-1100	300	-10000	-7799	10000	10000	4000	5666	0	minecraft:savanna_plateau
2000	5500	-3500	-1000	300	10000	-10000	-7799	0	0	4000	5666	0	minecraft:stony_peaks
2000	5500	-3500	-1000	300	10000	-10000	-7799	10000	10000	4000	5666	0	minecraft:stony_peaks
2000	5500	-3500	-1000	-1100	300	-7799	-3750	0	0	4000	5666	0	minecraft:savanna
2000	5500	-3500	-1000	-1100	300	-7799	-3750	10000	10000	4000	5666	0	minecraft:savanna
2000	5500	-3500	-1000	300	10000	-7799	-3750	0	0	4000	5666	0	minecraft:savanna_plateau
2000	5500	-3500	-1000	300	10000	-7799	-3750	10000	10000	4000	5666	0	minecraft:savanna_plateau
2000	5500	-3500	-1000	-1900	300	-3750	500	0	0	4000	5666	0	minecraft:savanna
2000	5500	-3500	-1000	-1900	300	-3750	500	10000	10000	4000	5666	0	minecraft:savanna
2000	5500	-3500	-1000	300	10000	-3750	-2225	0	0	4000	5666	0	minecraft:savanna_plateau
2000	5500	-3500	-1000	300	10000	-3750	-2225	10000	10000	4000	5666	0	minecraft:savanna_plateau
2000	5500	-3500	-1000	300	3000	-2225	500	0	0	4000	5666	0	minecraft:savanna
2000	5500	-3500	-1000	300	3000	-2225	500	10000	10000	4000	5666	0	minecraft:savanna
2000	5500	-3500	-1000	3000	10000	-2225	500	0	0	4000	5666	0	minecraft:savanna_plateau
2000	5500	-3500	-1000	3000	10000	-2225	500	10000	10000	4000	5666	0	minecraft:savanna_plateau
2000	5500	-3500	-1000	-1900	10000	500	4500	0	0	4000	5666	0	minecraft:savanna
2000	5500	-3500	-1000	-1900	10000	500	4500	10000	10000	4000	5666	0	minecraft:savanna
2000	5500	-3500	-1000	-1900	300	4500	5500	0	0	4000	5666	0	minecraft:windswept_savanna
2000	5500	-3500	-1000	-1900	300	4500	5500	10000	10000	4000	5666	0	minecraft:windswept_savanna
2000	5500	-3500	-1000	300	10000	4500	5500	0	0	4000	5666	0	minecraft:savanna
2000	5500	-3500	-1000	300	10000	4500	5500	10000	10000	4000	5666	0	minecraft:savanna
2000	5500	-3500	-1000	-1900	10000	5500	10000	0	0	4000	5666	0	minecraft:savanna
2000	5500	-3500	-1000	-1900	10000	5500	10000	10000	10000	4000	5666	0	minecraft:savanna
2000	5500	-1000	1000	-1900	-1100	-10000	-3750	0	0	4000	5666	0	minecraft:plains
2000	5500	-1000	1000	-1900	-1100	-10000	-3750	10000	10000	4000	5666	0	minecraft:plains
2000	5500	-1000	1000	-1100	300	-10000	-7799	0	0	4000	5666	0	minecraft:forest
2000	5500	-1000	1000	-1100	300	-10000	-7799	10000	10000	4000	5666	0	minecraft:forest
2000	5500	-1000	1000	300	10000	-10000	-7799	0	0	4000	5666	0	minecraft:stony_peaks
2000	5500	-1000	1000	300	10000	-10000	-7799	10000	10000	4000	5666	0	minecraft:stony_peaks
2000	5500	-1000	1000	-1100	300	-7799	-3750	0	0	4000	5666	0	minecraft:plains
2000	5500	-1000	1000	-1100	300	-7799	-3750	10000	10000	4000	5666	0	minecraft:plains
2000	5500	-1000	1000	300	10000	-7799	-3750	0	0	4000	5666	0	minecraft:forest
2000	5500	-1000	1000	300	10000	-7799	-3750	10000	10000	4000	5666	0	minecraft:forest
2000	5500	-1000	1000	-1900	300	-3750	500	0	0	4000	5666	0	minecraft:plains
2000	5500	-1000	1000	-1900	300	-3750	500	10000	10000	4000	5666	0	minecraft:plains
2000	5500	-1000	1000	300	10000	-3750	-2225	0	0	4000	5666	0	minecraft:forest
2000	5500	-1000	1000	300	10000	-3750	-2225	10000	10000	4000	5666	0	minecraft:forest
2000	5500	-1000	1000	300	3000	-2225	500	0	0	4000	5666	0	minecraft:plains
2000	5500	-1000	1000	300	3000	-2225	500	10000	10000	4000	5666	0	minecraft:plains
2000	5500	-1000	1000	3000	10000	-2225	500	0	0	4000	5666	0	minecraft:forest
2000	5500	-1000	1000	3000	10000	-2225	500	10000	10000	4000	5666	0	minecraft:forest
2000	5500	-1000	1000	-1900	10000	500	4500	0	0	4000	5666	0	minecraft:plains
2000	5500	-1000	1000	-1900	10000	500	4500	10000	10000	4000	5666	0	minecraft:plains
2000	5500	-1000	1000	-1900	300	4500	5500	0	0	4000	5666	0	minecraft:windswept_savanna
2000	5500	-1000	1000	-1900	300	4500	5500	10000	10000	4000	5666	0	minecraft:windswept_savanna
2000	5500	-1000	1000	300	10000	4500	5500	0	0	4000	5666	0	minecraft:plains
2000	5500	-1000	1000	300	10000	4500	5500	10000	10000	4000	5666	0	minecraft:plains
2000	5500	-1000	1000	-1900	10000	5500	10000	0	0	4000	5666	0	minecraft:plains
2000	5500	-1000	1000	-1900	10000	5500	10000	10000	10000	4000	5666	0	minecraft:plains
2000	5500	1000	3000	-1900	-1100	-10000	-3750	0	0	4000	5666	0	minecraft:sparse_jungle
2000	5500	1000	3000	-1900	-1100	-10000	-3750	10000	10000	4000	5666	0	minecraft:sparse_jungle
2000	5500	1000	3000	-1100	300	-10000	-7799	0	0	4000	5666	0	minecraft:forest
2000	5500	1000	3000	-1100	300	-10000	-7799	10000	10000	4000	5666	0	minecraft:forest
2000	5500	1000	3000	300	10000	-10000	-7799	0	0	4000	5666	0	minecraft:stony_peaks
2000	5500	1000	3000	300	10000	-10000	-7799	10000	10000	4000	5666	0	minecraft:stony_peaks
2000	5500	1000	3000	-1100	300	-7799	-3750	0	0	4000	5666	0	minecraft:sparse_jungle
2000	5500	1000	3000	-1100	300	-7799	-3750	10000	10000	4000	5666	0	minecraft:sparse_jungle
2000	5500	1000	3000	300	10000	-7799	-3750	0	0	4000	5666	0	minecraft:forest
2000	5500	1000	3000	300	10000	-7799	-3750	10000	10000	4000	5666	0	minecraft:forest
2000	5500	1000	3000	-1900	300	-3750	500	0	0	4000	5666	0	minecraft:sparse_jungle
2000	5500	1000	3000	-1900	300	-3750	500	10000	10000	4000	5666	0	minecraft:sparse_jungle
2000	5500	1000	3000	300	10000	-3750	-2225	0	0	4000	5666	0	minecraft:forest
2000	5500	1000	3000	300	10000	-3750	-2225	10000	10000	4000	5666	0	minecraft:forest
2000	5500	1000	3000	300	3000	-2225	500	0	0	4000	5666	0	minecraft:sparse_jungle
2000	5500	1000	3000	300	3000	-2225	500	10000	10000	4000	5666	0	minecraft:sparse_jungle
2000	5500	1000	3000	3000	10000	-2225	500	0	0	4000	5666	0	minecraft:forest
2000	5500	1000	3000	3000	10000	-2225	500	10000	10000	4000	5666	0	minecraft:forest
2000	5500	1000	3000	-1900	10000	500	4500	0	0	4000	5666	0	minecraft:sparse_jungle
2000	5500	1000	3000	-1900	10000	500	4500	10000	10000	4000	5666	0	minecraft:sparse_jungle
2000	5500	1000	3000	-1900	300	4500	5500	0	0	4000	5666	0	minecraft:windswept_savanna
2000	5500	1000	3000	-1900	300	4500	5500	10000	10000	4000	5666	0	minecraft:windswept_savanna
2000	5500	1000	3000	300	10000	4500	5500	0	0	4000	5666	0	minecraft:sparse_jungle
2000	5500	1000	3000	300	10000	4500	5500	10000	10000	4000	5666	0	minecraft:sparse_jungle
2000	5500	1000	3000	-1900	10000	5500	10000	0	0	4000	5666	0	minecraft:sparse_jungle
2000	5500	1000	3000	-1900	10000	5500	10000	10000	10000	4000	5666	0	minecraft:sparse_jungle
2000	5500	3000	10000	-1900	-1100	-10000	-3750	0	0	4000	5666	0	minecraft:bamboo_jungle
2000	5500	3000	10000	-1900	-1100	-10000	-3750	10000	10000	4000	5666	0	minecraft:bamboo_jungle
2000	5500	3000	10000	-1100	300	-10000	-7799	0	0	4000	5666	0	minecraft:jungle
2000	5500	3000	10000	-1100	300	-10000	-7799	10000	10000	4000	5666	0	minecraft:jungle
2000	5500	3000	10000	300	10000	-10000	-7799	0	0	4000	5666	0	minecraft:stony_peaks
2000	5500	3000	10000	300	10000	-10000	-7799	10000	10000	4000	5666	0	minecraft:stony_peaks
2000	5500	3000	10000	-1100	300	-7799	-3750	0	0	4000	5666	0	minecraft:bamboo_jungle
2000	5500	3000	10000	-1100	300	-7799	-3750	10000	10000	4000	5666	0	minecraft:bamboo_jungle
2000	5500	3000	10000	300	10000	-7799	-3750	0	0	4000	5666	0	minecraft:jungle
2000	5500	3000	10000	300	10000	-7799	-3750	10000	10000	4000	5666	0	minecraft:jungle
2000	5500	3000	10000	-1900	300	-3750	500	0	0	4000	5666	0	minecraft:bamboo_jungle
2000	5500	3000	10000	-1900	300	-3750	500	10000	10000	4000	5666	0	minecraft:bamboo_jungle
2000	5500	3000	10000	300	10000	-3750	-2225	0	0	4000	5666	0	minecraft:jungle
2000	5500	3000	10000	300	10000	-3750	-2225	10000	10000	4000	5666	0	minecraft:jungle
2000	5500	3000	10000	300	3000	-2225	500	0	0	4000	5666	0	minecraft:bamboo_jungle
2000	5500	3000	10000	300	3000	-2225	500	10000	10000	4000	5666	0	minecraft:bamboo_jungle
2000	5500	3000	10000	3000	10000	-2225	500	0	0	4000	5666	0	minecraft:jungle
2000	5500	3000	10000	3000	10000	-2225	500	10000	10000	4000	5666	0	minecraft:jungle
2000	5500	3000	10000	-1900	10000	500	4500	0	0	4000	5666	0	minecraft:bamboo_jungle
2000	5500	3000	10000	-1900	10000	500	4500	10000	10000	4000	5666	0	minecraft:bamboo_jungle
2000	5500	3000	10000	-1900	300	4500	5500	0	0	4000	5666	0	minecraft:bamboo_jungle
2000	5500	3000	10000	-1900	300	4500	5500	10000	10000	4000	5666	0	minecraft:bamboo_jungle
2000	5500	3000	10000	300	10000	4500	5500	0	0	4000	5666	0	minecraft:bamboo_jungle
2000	5500	3000	10000	300	10000	4500	5500	10000	10000	4000	5666	0	minecraft:bamboo_jungle
2000	5500	3000	10000	-1900	10000	5500	10000	0	0	4000	5666	0	minecraft:bamboo_jungle
2000	5500	3000	10000	-1900	10000	5500	10000	10000	10000	4000	5666	0	minecraft:bamboo_jungle
5500	10000	-10000	-3500	-1900	-1100	-10000	-3750	0	0	4000	5666	0	minecraft:desert
5500	10000	-10000	-3500	-1900	-1100	-10000	-3750	10000	10000	4000	5666	0	minecraft:desert
5500	10000	-10000	-3500	-1100	300	-10000	-7799	0	0	4000	5666	0	minecraft:eroded_badlands
5500	10000	-10000	-3500	-1100	300	-10000	-7799	10000	10000	4000	5666	0	minecraft:eroded_badlands
5500	10000	-10000	-3500	300	10000	-10000	-7799	0	0	4000	5666	0	minecraft:eroded_badlands
5500	10000	-10000	-3500	300	10000	-10000	-7799	10000	10000	4000	5666	0	minecraft:eroded_badlands
5500	10000	-10000	-3500	-1100	300	-7799	-3750	0	0	4000	5666	0	minecraft:eroded_badlands
5500	10000	-10000	-3500	-1100	300	-7799	-3750	10000	10000	4000	5666	0	minecraft:eroded_badlands
5500	10000	-10000	-3500	300	10000	-7799	-3750	0	0	4000	5666	0	minecraft:eroded_badlands
5500	10000	-10000	-3500	300	10000	-7799	-3750	10000	10000	4000	5666	0	minecraft:eroded_badlands
5500	10000	-10000	-3500	-1900	300	-3750	500	0	0	4000	5666	0	minecraft:desert
5500	10000	-10000	-3500	-1900	300	-3750	500	10000	10000	4000	5666	0	minecraft:desert
5500	10000	-10000	-3500	300	10000	-3750	-2225	0	0	4000	5666	0	minecraft:eroded_badlands
5500	10000	-10000	-3500	300	10000	-3750	-2225	10000	10000	4000	5666	0	minecraft:eroded_badlands
5500	10000	-10000	-3500	300	3000	-2225	500	0	0	4000	5666	0	minecraft:eroded_badlands
5500	10000	-10000	-3500	300	3000	-2225	500	10000	10000	4000	5666	0	minecraft:eroded_badlands
5500	10000	-10000	-3500	3000	10000	-2225	500	0	0	4000	5666	0	minecraft:eroded_badlands
5500	10000	-10000	-3500	3000	10000	-2225	500	10000	10000	4000	5666	0	minecraft:eroded_badlands
5500	10000	-10000	-3500	-1900	10000	500	4500	0	0	4000	5666	0	minecraft:desert
5500	10000	-10000	-3500	-1900	10000	500	4500	10000	10000	4000	5666	0	minecraft:desert
5500	10000	-10000	-3500	-1900	300	4500	5500	0	0	4000	5666	0	minecraft:windswept_savanna
5500	10000	-10000	-3500	-1900	300	4500	5500	10000	10000	4000	5666	0	minecraft:windswept_savanna
5500	10000	-10000	-3500	300	10000	4500	5500	0	0	4000	5666	0	minecraft:desert
5500	10000	-10000	-3500	300	10000	4500	5500	10000	10000	4000	5666	0	minecraft:desert
5500	10000	-10000	-3500	-1900	10000	5500	10000	0	0	4000	5666	0	minecraft:desert
5500	10000	-10000	-3500	-1900	10000	5500	10000	10000	10000	4000	5666	0	minecraft:desert
5500	10000	-3500	-1000	-1900	-1100	-10000	-3750	0	0	4000	5666	0	minecraft:desert
5500	10000	-3500	-1000	-1900	-1100	-10000	-3750	10000	10000	4000	5666	0	minecraft:desert
5500	10000	-3500	-1000	-1100	300	-10000	-7799	0	0	4000	5666	0	minecraft:eroded_badlands
5500	10000	-3500	-1000	-1100	300	-10000	-7799	10000	10000	4000	5666	0	minecraft:eroded_badlands
5500	10000	-3500	-1000	300	10000	-10000	-7799	0	0	4000	5666	0	minecraft:eroded_badlands
5500	10000	-3500	-1000	300	10000	-10000	-7799	10000	10000	4000	5666	0	minecraft:eroded_badlands
5500	10000	-3500	-1000	-1100	300	-7799	-3750	0	0	4000	5666	0	minecraft:eroded_badlands
5500	10000	-3500	-1000	-1100	300	-7799	-3750	10000	10000	4000	5666	0	minecraft:eroded_badlands
5500	10000	-3500	-1000	300	10000	-7799	-3750	0	0	4000	5666	0	minecraft:eroded_badlands
5500	10000	-3500	-1000	300	10000	-7799	-3750	10000	10000	4000	5666	0	minecraft:eroded_badlands
5500	10000	-3500	-1000	-1900	300	-3750	500	0	0	4000	5666	0	minecraft:desert
5500	10000	-3500	-1000	-1900	300	-3750	500	10000	10000	4000	5666	0	minecraft:desert
5500	10000	-3500	-1000	300	10000	-3750	-2225	0	0	4000	5666	0	minecraft:eroded_badlands
5500	10000	-3500	-1000	300	10000	-3750	-2225	10000	10000	4000	5666	0	minecraft:eroded_badlands
5500	10000	-3500	-1000	300	3000	-2225	500	0	0	4000	5666	0	minecraft:eroded_badlands
5500	10000	-3500	-1000	300	3000	-2225	500	10000	10000	4000	5666	0	minecraft:eroded_badlands
5500	10000	-3500	-1000	3000	10000	-2225	500	0	0	4000	5666	0	minecraft:eroded_badlands
5500	10000	-3500	-1000	3000	10000	-2225	500	10000	10000	4000	5666	0	minecraft:eroded_badlands
5500	10000	-3500	-1000	-1900	10000	500	4500	0	0	4000	5666	0	minecraft:desert
5500	10000	-3500	-1000	-1900	10000	500	4500	10000	10000	4000	5666	0	minecraft:desert
5500	10000	-3500	-1000	-1900	300	4500	5500	0	0	4000	5666	0	minecraft:windswept_savanna
5500	10000	-3500	-1000	-1900	300	4500	5500	10000	10000	4000	5666	0	minecraft:windswept_savanna
5500	10000	-3500	-1000	300	10000	4500	5500	0	0	4000	5666	0	minecraft:desert
5500	10000	-3500	-1000	300	10000	4500	5500	10000	10000	4000	5666	0	minecraft:desert
5500	10000	-3500	-1000	-1900	10000	5500	10000	0	0	4000	5666	0	minecraft:desert
5500	10000	-3500	-1000	-1900	10000	5500	10000	10000	10000	4000	5666	0	minecraft:desert
5500	10000	-1000	1000	-1900	-1100	-10000	-3750	0	0	4000	5666	0	minecraft:desert
5500	10000	-1000	1000	-1900	-1100	-10000	-3750	10000	10000	4000	5666	0	minecraft:desert
5500	10000	-1000	1000	-1100	300	-10000	-7799	0	0	4000	5666	0	minecraft:badlands
5500	10000	-1000	1000	-1100	300	-10000	-7799	10000	10000	4000	5666	0	minecraft:badlands
5500	10000	-1000	1000	300	10000	-10000	-7799	0	0	4000	5666	0	minecraft:badlands
5500	10000	-1000	1000	300	10000	-10000	-7799	10000	10000	4000	5666	0	minecraft:badlands
5500	10000	-1000	1000	-1100	300	-7799	-3750	0	0	4000	5666	0	minecraft:badlands
5500	10000	-1000	1000	-1100	300	-7799	-3750	10000	10000	4000	5666	0	minecraft:badlands
5500	10000	-1000	1000	300	10000	-7799	-3750	0	0	4000	5666	0	minecraft:badlands
5500	10000	-1000	1000	300	10000	-7799	-3750	10000	10000	4000	5666	0	minecraft:badlands
5500	10000	-1000	1000	-1900	300	-3750	500	0	0	4000	5666	0	minecraft:desert
5500	10000	-1000	1000	-1900	300	-3750	500	10000	10000	4000	5666	0	minecraft:desert
5500	10000	-1000	1000	300	10000	-3750	-2225	0	0	4000	5666	0	minecraft:badlands
5500	10000	-1000	1000	300	10000	-3750	-2225	10000	10000	4000	5666	0	minecraft:badlands
5500	10000	-1000	1000	300	3000	-2225	500	0	0	4000	5666	0	minecraft:badlands
5500	10000	-1000	1000	300	3000	-2225	500	10000	10000	4000	5666	0	minecraft:badlands
5500	10000	-1000	1000	3000	10000	-2225	500	0	0	4000	5666	0	minecraft:badlands
5500	10000	-1000	1000	3000	10000	-2225	500	10000	10000	4000	5666	0	minecraft:badlands
5500	10000	-1000	1000	-1900	10000	500	4500	0	0	4000	5666	0	minecraft:desert
5500	10000	-1000	1000	-1900	10000	500	4500	10000	10000	4000	5666	0	minecraft:desert
5500	10000	-1000	1000	-1900	300	4500	5500	0	0	4000	5666	0	minecraft:windswept_savanna
5500	10000	-1000	1000	-1900	300	4500	5500	10000	10000	4000	5666	0	minecraft:windswept_savanna
5500	10000	-1000	1000	300	10000	4500	5500	0	0	4000	5666	0	minecraft:desert
5500	10000	-1000	1000	300	10000	4500	5500	10000	10000	4000	5666	0	minecraft:desert
5500	10000	-1000	1000	-1900	10000	5500	10000	0	0	4000	5666	0	minecraft:desert
5500	10000	-1000	1000	-1900	10000	5500	10000	10000	10000	4000	5666	0	minecraft:desert
5500	10000	1000	3000	-1900	-1100	-10000	-3750	0	0	4000	5666	0	minecraft:desert
5500	10000	1000	3000	-1900	-1100	-10000	-3750	10000	10000	4000	5666	0	minecraft:desert
5500	10000	1000	3000	-1100	300	-10000	-7799	0	0	4000	5666	0	minecraft:wooded_badlands
5500	10000	1000	3000	-1100	300	-10000	-7799	10000	10000	4000	5666	0	minecraft:wooded_badlands
5500	10000	1000	3000	300	10000	-10000	-7799	0	0	4000	5666	0	minecraft:wooded_badlands
5500	10000	1000	3000	300	10000	-10000	-7799	10000	10000	4000	5666	0	minecraft:wooded_badlands
5500	10000	1000	3000	-1100	300	-7799	-3750	0	0	4000	5666	0	minecraft:wooded_badlands
5500	10000	1000	3000	-1100	300	-7799	-3750	10000	10000	4000	5666	0	minecraft:wooded_badlands
5500	10000	1000	3000	300	10000	-7799	-3750	0	0	4000	5666	0	minecraft:wooded_badlands
5500	10000	1000	3000	300	10000	-7799	-3750	10000	10000	4000	5666	0	minecraft:wooded_badlands
5500	10000	1000	3000	-1900	300	-3750	500	0	0	4000	5666	0	minecraft:desert
5500	10000	1000	3000	-1900	300	-3750	500	10000	10000	4000	5666	0	minecraft:desert
5500	10000	1000	3000	300	10000	-3750	-2225	0	0	4000	5666	0	minecraft:wooded_badlands
5500	10000	1000	3000	300	10000	-3750	-2225	10000	10000	4000	5666	0	minecraft:wooded_badlands
5500	10000	1000	3000	300	3000	-2225	500	0	0	4000	5666	0	minecraft:wooded_badlands
5500	10000	1000	3000	300	3000	-2225	500	10000	10000	4000	5666	0	minecraft:wooded_badlands
5500	10000	1000	3000	3000	10000	-2225	500	0	0	4000	5666	0	minecraft:wooded_badlands
5500	10000	1000	3000	3000	10000	-2225	500	10000	10000	4000	5666	0	minecraft:wooded_badlands
5500	10000	1000	3000	-1900	10000	500	4500	0	0	4000	5666	0	minecraft:desert
5500	10000	1000	3000	-1900	10000	500	4500	10000	10000	4000	5666	0	minecraft:desert
5500	10000	1000	3000	-1900	300	4500	5500	0	0	4000	5666	0	minecraft:windswept_savanna
5500	10000	1000	3000	-1900	300	4500	5500	10000	10000	4000	5666	0	minecraft:windswept_savanna
5500	10000	1000	3000	300	10000	4500	5500	0	0	4000	5666	0	minecraft:desert
5500	10000	1000	3000	300	10000	4500	5500	10000	10000	4000	5666	0	minecraft:desert
5500	10000	1000	3000	-1900	10000	5500	10000	0	0	4000	5666	0	minecraft:desert
5500	10000	1000	3000	-1900	10000	5500	10000	10000	10000	4000	5666	0	minecraft:desert
5500	10000	3000	10000	-1900	-1100	-10000	-3750	0	0	4000	5666	0	minecraft:desert
5500	10000	3000	10000	-1900	-1100	-10000	-3750	10000	10000	4000	5666	0	minecraft:desert
5500	10000	3000	10000	-1100	300	-10000	-7799	0	0	4000	5666	0	minecraft:wooded_badlands
5500	10000	3000	10000	-1100	300	-10000	-7799	10000	10000	4000	5666	0	minecraft:wooded_badlands
5500	10000	3000	10000	300	10000	-10000	-7799	0	0	4000	5666	0	minecraft:wooded_badlands
5500	10000	3000	10000	300	10000	-10000	-7799	10000	10000	4000	5666	0	minecraft:wooded_badlands
5500	10000	3000	10000	-1100	300	-7799	-3750	0	0	4000	5666	0	minecraft:wooded_badlands
5500	10000	3000	10000	-1100	300	-7799	-3750	10000	10000	4000	5666	0	minecraft:wooded_badlands
5500	10000	3000	10000	300	10000	-7799	-3750	0	0	4000	5666	0	minecraft:wooded_badlands
5500	10000	3000	10000	300	10000	-7799	-3750	10000	10000	4000	5666	0	minecraft:wooded_badlands
5500	10000	3000	10000	-1900	300	-3750	500	0	0	4000	5666	0	minecraft:desert
5500	10000	3000	10000	-1900	300	-3750	500	10000	10000	4000	5666	0	minecraft:desert
5500	10000	3000	10000	300	10000	-3750	-2225	0	0	4000	5666	0	minecraft:wooded_badlands
5500	10000	3000	10000	300	10000	-3750	-2225	10000	10000	4000	5666	0	minecraft:wooded_badlands
5500	10000	3000	10000	300	3000	-2225	500	0	0	4000	5666	0	minecraft:wooded_badlands
5500	10000	3000	10000	300	3000	-2225	500	10000	10000	4000	5666	0	minecraft:wooded_badlands
5500	10000	3000	10000	3000	10000	-2225	500	0	0	4000	5666	0	minecraft:wooded_badlands
5500	10000	3000	10000	3000	10000	-2225	500	10000	10000	4000	5666	0	minecraft:wooded_badlands
5500	10000	3000	10000	-1900	10000	500	4500	0	0	4000	5666	0	minecraft:desert
5500	10000	3000	10000	-1900	10000	500	4500	10000	10000	4000	5666	0	minecraft:desert
5500	10000	3000	10000	-1900	300	4500	5500	0	0	4000	5666	0	minecraft:desert
5500	10000	3000	10000	-1900	300	4500	5500	10000	10000	4000	5666	0	minecraft:desert
5500	10000	3000	10000	300	10000	4500	5500	0	0	4000	5666	0	minecraft:desert
5500	10000	3000	10000	300	10000	4500	5500	10000	10000	4000	5666	0	minecraft:desert
5500	10000	3000	10000	-1900	10000	5500	10000	0	0	4000	5666	0	minecraft:desert
5500	10000	3000	10000	-1900	10000	5500	10000	10000	10000	4000	5666	0	minecraft:desert
-10000	-4500	-10000	-3500	-1900	10000	-10000	-7799	0	0	5666	7666	0	minecraft:frozen_peaks
-10000	-4500	-10000	-3500	-1900	10000	-10000	-7799	10000	10000	5666	7666	0	minecraft:frozen_peaks
-10000	-4500	-10000	-3500	-1900	300	-7799	-3750	0	0	5666	7666	0	minecraft:snowy_slopes
-10000	-4500	-10000	-3500	-1900	300	-7799	-3750	10000	10000	5666	7666	0	minecraft:snowy_slopes
-10000	-4500	-10000	-3500	300	10000	-7799	-3750	0	0	5666	7666	0	minecraft:frozen_peaks
-10000	-4500	-10000	-3500	300	10000	-7799	-3750	10000	10000	5666	7666	0	minecraft:frozen_peaks
-10000	-4500	-10000	-3500	-1900	300	-3750	500	0	0	5666	7666	0	minecraft:ice_spikes
-10000	-4500	-10000	-3500	-1900	300	-3750	500	10000	10000	5666	7666	0	minecraft:ice_spikes
-10000	-4500	-10000	-3500	300	10000	-3750	-2225	0	0	5666	7666	0	minecraft:ice_spikes
-10000	-4500	-10000	-3500	300	10000	-3750	-2225	10000	10000	5666	7666	0	minecraft:ice_spikes
-10000	-4500	-10000	-3500	300	3000	-2225	500	0	0	5666	7666	0	minecraft:ice_spikes
-10000	-4500	-10000	-3500	300	3000	-2225	500	10000	10000	5666	7666	0	minecraft:ice_spikes
-10000	-4500	-10000	-3500	3000	10000	-2225	500	0	0	5666	7666	0	minecraft:ice_spikes
-10000	-4500	-10000	-3500	3000	10000	-2225	500	10000	10000	5666	7666	0	minecraft:ice_spikes
-10000	-4500	-10000	-3500	-1900	10000	500	4500	0	0	5666	7666	0	minecraft:ice_spikes
-10000	-4500	-10000	-3500	-1900	10000	500	4500	10000	10000	5666	7666	0	minecraft:ice_spikes
-10000	-4500	-10000	-3500	-1900	300	4500	5500	0	0	5666	7666	0	minecraft:windswept_gravelly_hills
-10000	-4500	-10000	-3500	-1900	300	4500	5500	10000	10000	5666	7666	0	minecraft:windswept_gravelly_hills
-10000	-4500	-10000	-3500	300	10000	4500	5500	0	0	5666	7666	0	minecraft:windswept_gravelly_hills
-10000	-4500	-10000	-3500	300	10000	4500	5500	10000	10000	5666	7666	0	minecraft:windswept_gravelly_hills
-10000	-4500	-10000	-3500	-1900	10000	5500	10000	0	0	5666	7666	0	minecraft:ice_spikes
-10000	-4500	-10000	-3500	-1900	10000	5500	10000	10000	10000	5666	7666	0	minecraft:ice_spikes
-10000	-4500	-3500	-1000	-1900	10000	-10000	-7799	0	0	5666	7666	0	minecraft:frozen_peaks
-10000	-4500	-3500	-1000	-1900	10000	-10000	-7799	10000	10000	5666	7666	0	minecraft:frozen_peaks
-10000	-4500	-3500	-1000	-1900	300	-7799	-3750	0	0	5666	7666	0	minecraft:snowy_slopes
-10000	-4500	-3500	-1000	-1900	300	-7799	-3750	10000	10000	5666	7666	0	minecraft:snowy_slopes
-10000	-4500	-3500	-1000	300	10000	-7799	-3750	0	0	5666	7666	0	minecraft:frozen_peaks
-10000	-4500	-3500	-1000	300	10000	-7799	-3750	10000	10000	5666	7666	0	minecraft:frozen_peaks
-10000	-4500	-3500	-1000	-1900	300	-3750	500	0	0	5666	7666	0	minecraft:snowy_plains
-10000	-4500	-3500	-1000	-1900	300	-3750	500	10000	10000	5666	7666	0	minecraft:snowy_plains
-10000	-4500	-3500	-1000	300	10000	-3750	-2225	0	0	5666	7666	0	minecraft:snowy_plains
-10000	-4500	-3500	-1000	300	10000	-3750	-2225	10000	10000	5666	7666	0	minecraft:snowy_plains
-10000	-4500	-3500	-1000	300	3000	-2225	500	0	0	5666	7666	0	minecraft:snowy_plains
-10000	-4500	-3500	-1000	300	3000	-2225	500	10000	10000	5666	7666	0	minecraft:snowy_plains
-10000	-4500	-3500	-1000	3000	10000	-2225	500	0	0	5666	7666	0	minecraft:snowy_plains
-10000	-4500	-3500	-1000	3000	10000	-2225	500	10000	10000	5666	7666	0	minecraft:snowy_plains
-10000	-4500	-3500	-1000	-1900	10000	500	4500	0	0	5666	7666	0	minecraft:snowy_plains
-10000	-4500	-3500	-1000	-1900	10000	500	4500	10000	10000	5666	7666	0	minecraft:snowy_plains
-10000	-4500	-3500	-1000	-1900	300	4500	5500	0	0	5666	7666	0	minecraft:windswept_gravelly_hills
-10000	-4500	-3500	-1000	-1900	300	4500	5500	10000	10000	5666	7666	0	minecraft:windswept_gravelly_hills
-10000	-4500	-3500	-1000	300	10000	4500	5500	0	0	5666	7666	0	minecraft:windswept_gravelly_hills
-10000	-4500	-3500	-1000	300	10000	4500	5500	10000	10000	5666	7666	0	minecraft:windswept_gravelly_hills
-10000	-4500	-3500	-1000	-1900	10000	5500	10000	0	0	5666	7666	0	minecraft:snowy_plains
-10000	-4500	-3500	-1000	-1900	10000	5500	10000	10000	10000	5666	7666	0	minecraft:snowy_plains
-10000	-4500	-1000	1000	-1900	10000	-10000	-7799	0	0	5666	7666	0	minecraft:frozen_peaks
-10000	-4500	-1000	1000	-1900	10000	-10000	-7799	10000	10000	5666	7666	0	minecraft:frozen_peaks
-10000	-4500	-1000	1000	-1900	300	-7799	-3750	0	0	5666	7666	0	minecraft:grove
-10000	-4500	-1000	1000	-1900	300	-7799	-3750	10000	10000	5666	7666	0	minecraft:grove
-10000	-4500	-1000	1000	300	10000	-7799	-3750	0	0	5666	7666	0	minecraft:frozen_peaks
-10000	-4500	-1000	1000	300	10000	-7799	-3750	10000	10000	5666	7666	0	minecraft:frozen_peaks
-10000	-4500	-1000	1000	-1900	300	-3750	500	0	0	5666	7666	0	minecraft:snowy_taiga
-10000	-4500	-1000	1000	-1900	300	-3750	500	10000	10000	5666	7666	0	minecraft:snowy_taiga
-10000	-4500	-1000	1000	300	10000	-3750	-2225	0	0	5666	7666	0	minecraft:snowy_plains
-10000	-4500	-1000	1000	300	10000	-3750	-2225	10000	10000	5666	7666	0	minecraft:snowy_plains
-10000	-4500	-1000	1000	300	3000	-2225	500	0	0	5666	7666	0	minecraft:snowy_taiga
-10000	-4500	-1000	1000	300	3000	-2225	500	10000	10000	5666	7666	0	minecraft:snowy_taiga
-10000	-4500	-1000	1000	3000	10000	-2225	500	0	0	5666	7666	0	minecraft:snowy_plains
-10000	-4500	-1000	1000	3000	10000	-2225	500	10000	10000	5666	7666	0	minecraft:snowy_plains
-10000	-4500	-1000	1000	-1900	10000	500	4500	0	0	5666	7666	0	minecraft:snowy_taiga
-10000	-4500	-1000	1000	-1900	10000	500	4500	10000	10000	5666	7666	0	minecraft:snowy_taiga
-10000	-4500	-1000	1000	-1900	300	4500	5500	0	0	5666	7666	0	minecraft:windswept_hills
-10000	-4500	-1000	1000	-1900	300	4500	5500	10000	10000	5666	7666	0	minecraft:windswept_hills
-10000	-4500	-1000	1000	300	10000	4500	5500	0	0	5666	7666	0	minecraft:windswept_hills
-10000	-4500	-1000	1000	300	10000	4500	5500	10000	10000	5666	7666	0	minecraft:windswept_hills
-10000	-4500	-1000	1000	-1900	10000	5500	10000	0	0	5666	7666	0	minecraft:snowy_taiga
-10000	-4500	-1000	1000	-1900	10000	5500	10000	10000	10000	5666	7666	0	minecraft:snowy_taiga
-10000	-4500	1000	3000	-1900	10000	-10000	-7799	0	0	5666	7666	0	minecraft:frozen_peaks
-10000	-4500	1000	3000	-1900	10000	-10000	-7799	10000	10000	5666	7666	0	minecraft:frozen_peaks
-10000	-4500	1000	3000	-1900	300	-7799	-3750	0	0	5666	7666	0	minecraft:grove
-10000	-4500	1000	3000	-1900	300	-7799	-3750	10000	10000	5666	7666	0	minecraft:grove
-10000	-4500	1000	3000	300	10000	-7799	-3750	0	0	5666	7666	0	minecraft:frozen_peaks
-10000	-4500	1000	3000	300	10000	-7799	-3750	10000	10000	5666	7666	0	minecraft:frozen_peaks
-10000	-4500	1000	3000	-1900	300	-3750	500	0	0	5666	7666	0	minecraft:snowy_taiga
-10000	-4500	1000	3000	-1900	300	-3750	500	10000	10000	5666	7666	0	minecraft:snowy_taiga
-10000	-4500	1000	3000	300	10000	-3750	-2225	0	0	5666	7666	0	minecraft:snowy_taiga
-10000	-4500	1000	3000	300	10000	-3750	-2225	10000	10000	5666	7666	0	minecraft:snowy_taiga
-10000	-4500	1000	3000	300	3000	-2225	500	0	0	5666	7666	0	minecraft:snowy_taiga
-10000	-4500	1000	3000	300	3000	-2225	500	10000	10000	5666	7666	0	minecraft:snowy_taiga
-10000	-4500	1000	3000	3000	10000	-2225	500	0	0	5666	7666	0	minecraft:snowy_taiga
-10000	-4500	1000	3000	3000	10000	-2225	500	10000	10000	5666	7666	0	minecraft:snowy_taiga
-10000	-4500	1000	3000	-1900	10000	500	4500	0	0	5666	7666	0	minecraft:snowy_taiga
-10000	-4500	1000	3000	-1900	10000	500	4500	10000	10000	5666	7666	0	minecraft:snowy_taiga
-10000	-4500	1000	3000	-1900	300	4500	5500	0	0	5666	7666	0	minecraft:windswept_forest
-10000	-4500	1000	3000	-1900	300	4500	5500	10000	10000	5666	7666	0	minecraft:windswept_forest
-10000	-4500	1000	3000	300	10000	4500	5500	0	0	5666	7666	0	minecraft:windswept_forest
-10000	-4500	1000	3000	300	10000	4500	5500	10000	10000	5666	7666	0	minecraft:windswept_forest
-10000	-4500	1000	3000	-1900	10000	5500	10000	0	0	5666	7666	0	minecraft:snowy_taiga
-10000	-4500	1000	3000	-1900	10000	5500	10000	10000	10000	5666	7666	0	minecraft:snowy_taiga
-10000	-4500	3000	10000	-1900	10000	-10000	-7799	0	0	5666	7666	0	minecraft:frozen_peaks
-10000	-4500	3000	10000	-1900	10000	-10000	-7799	10000	10000	5666	7666	0	minecraft:frozen_peaks
-10000	-4500	3000	10000	-1900	300	-7799	-3750	0	0	5666	7666	0	minecraft:grove
-10000	-4500	3000	10000	-1900	300	-7799	-3750	10000	10000	5666	7666	0	minecraft:grove
-10000	-4500	3000	10000	300	10000	-7799	-3750	0	0	5666	7666	0	minecraft:frozen_peaks
-10000	-4500	3000	10000	300	10000	-7799	-3750	10000	10000	5666	7666	0	minecraft:frozen_peaks
-10000	-4500	3000	10000	-1900	300	-3750	500	0	0	5666	7666	0	minecraft:taiga
-10000	-4500	3000	10000	-1900	300	-3750	500	10000	10000	5666	7666	0	minecraft:taiga
-10000	-4500	3000	10000	300	10000	-3750	-2225	0	0	5666	7666	0	minecraft:snowy_taiga
-10000	-4500	3000	10000	300	10000	-3750	-2225	10000	10000	5666	7666	0	minecraft:snowy_taiga
-10000	-4500	3000	10000	300	3000	-2225	500	0	0	5666	7666	0	minecraft:taiga
-10000	-4500	3000	10000	300	3000	-2225	500	10000	10000	5666	7666	0	minecraft:taiga
-10000	-4500	3000	10000	3000	10000	-2225	500	0	0	5666	7666	0	minecraft:snowy_taiga
-10000	-4500	3000	10000	3000	10000	-2225	500	10000	10000	5666	7666	0	minecraft:snowy_taiga
-10000	-4500	3000	10000	-1900	10000	500	4500	0	0	5666	7666	0	minecraft:taiga
-10000	-4500	3000	10000	-1900	10000	500	4500	10000	10000	5666	7666	0	minecraft:taiga
-10000	-4500	3000	10000	-1900	300	4500	5500	0	0	5666	7666	0	minecraft:windswept_forest
-10000	-4500	3000	10000	-1900	300	4500	5500	10000	10000	5666	7666	0	minecraft:windswept_forest
-10000	-4500	3000	10000	300	10000	4500	5500	0	0	5666	7666	0	minecraft:windswept_forest
-10000	-4500	3000	10000	300	10000	4500	5500	10000	10000	5666	7666	0	minecraft:windswept_forest
-10000	-4500	3000	10000	-1900	10000	5500	10000	0	0	5666	7666	0	minecraft:taiga
-10000	-4500	3000	10000	-1900	10000	5500	10000	10000	10000	5666	7666	0	minecraft:taiga
-4500	-1500	-10000	-3500	-1900	10000	-10000	-7799	0	0	5666	7666	0	minecraft:frozen_peaks
-4500	-1500	-10000	-3500	-1900	10000	-10000	-7799	10000	10000	5666	7666	0	minecraft:frozen_peaks
-4500	-1500	-10000	-3500	-1900	300	-7799	-3750	0	0	5666	7666	0	minecraft:plains
-4500	-1500	-10000	-3500	-1900	300	-7799	-3750	10000	10000	5666	7666	0	minecraft:plains
-4500	-1500	-10000	-3500	300	10000	-7799	-3750	0	0	5666	7666	0	minecraft:frozen_peaks
-4500	-1500	-10000	-3500	300	10000	-7799	-3750	10000	10000	5666	7666	0	minecraft:frozen_peaks
-4500	-1500	-10000	-3500	-1900	300	-3750	500	0	0	5666	7666	0	minecraft:plains
-4500	-1500	-10000	-3500	-1900	300	-3750	500	10000	10000	5666	7666	0	minecraft:plains
-4500	-1500	-10000	-3500	300	10000	-3750	-2225	0	0	5666	7666	0	minecraft:cherry_grove
-4500	-1500	-10000	-3500	300	10000	-3750	-2225	10000	10000	5666	7666	0	minecraft:cherry_grove
-4500	-1500	-10000	-3500	300	3000	-2225	500	0	0	5666	7666	0	minecraft:plains
-4500	-1500	-10000	-3500	300	3000	-2225	500	10000	10000	5666	7666	0	minecraft:plains
-4500	-1500	-10000	-3500	3000	10000	-2225	500	0	0	5666	7666	0	minecraft:cherry_grove
-4500	-1500	-10000	-3500	3000	10000	-2225	500	10000	10000	5666	7666	0	minecraft:cherry_grove
-4500	-1500	-10000	-3500	-1900	10000	500	4500	0	0	5666	7666	0	minecraft:plains
-4500	-1500	-10000	-3500	-1900	10000	500	4500	10000	10000	5666	7666	0	minecraft:plains
-4500	-1500	-10000	-3500	-1900	300	4500	5500	0	0	5666	7666	0	minecraft:windswept_gravelly_hills
-4500	-1500	-10000	-3500	-1900	300	4500	5500	10000	10000	5666	7666	0	minecraft:windswept_gravelly_hills
-4500	-1500	-10000	-3500	300	10000	4500	5500	0	0	5666	7666	0	minecraft:windswept_gravelly_hills
-4500	-1500	-10000	-3500	300	10000	4500	5500	10000	10000	5666	7666	0	minecraft:windswept_gravelly_hills
-4500	-1500	-10000	-3500	-1900	10000	5500	10000	0	0	5666	7666	0	minecraft:plains
-4500	-1500	-10000	-3500	-1900	10000	5500	10000	10000	10000	5666	7666	0	minecraft:plains
-4500	-1500	-3500	-1000	-1900	10000	-10000	-7799	0	0	5666	7666	0	minecraft:frozen_peaks
-4500	-1500	-3500	-1000	-1900	10000	-10000	-7799	10000	10000	5666	7666	0	minecraft:frozen_peaks
-4500	-1500	-3500	-1000	-1900	300	-7799	-3750	0	0	5666	7666	0	minecraft:plains
-4500	-1500	-3500	-1000	-1900	300	-7799	-3750	10000	10000	5666	7666	0	minecraft:plains
-4500	-1500	-3500	-1000	300	10000	-7799	-3750	0	0	5666	7666	0	minecraft:frozen_peaks
-4500	-1500	-3500	-1000	300	10000	-7799	-3750	10000	10000	5666	7666	0	minecraft:frozen_peaks
-4500	-1500	-3500	-1000	-1900	300	-3750	500	0	0	5666	7666	0	minecraft:plains
-4500	-1500	-3500	-1000	-1900	300	-3750	500	10000	10000	5666	7666	0	minecraft:plains
-4500	-1500	-3500	-1000	300	10000	-3750	-2225	0	0	5666	7666	0	minecraft:meadow
-4500	-1500	-3500	-1000	300	10000	-3750	-2225	10000	10000	5666	7666	0	minecraft:meadow
-4500	-1500	-3500	-1000	300	3000	-2225	500	0	0	5666	7666	0	minecraft:plains
-4500	-1500	-3500	-1000	300	3000	-2225	500	10000	10000	5666	7666	0	minecraft:plains
-4500	-1500	-3500	-1000	3000	10000	-2225	500	0	0	5666	7666	0	minecraft:meadow
-4500	-1500	-3500	-1000	3000	10000	-2225	500	10000	10000	5666	7666	0	minecraft:meadow
-4500	-1500	-3500	-1000	-1900	10000	500	4500	0	0	5666	7666	0	minecraft:plains
-4500	-1500	-3500	-1000	-1900	10000	500	4500	10000	10000	5666	7666	0	minecraft:plains
-4500	-1500	-3500	-1000	-1900	300	4500	5500	0	0	5666	7666	0	minecraft:windswept_gravelly_hills
-4500	-1500	-3500	-1000	-1900	300	4500	5500	10000	10000	5666	7666	0	minecraft:windswept_gravelly_hills
-4500	-1500	-3500	-1000	300	10000	4500	5500	0	0	5666	7666	0	minecraft:windswept_gravelly_hills
-4500	-1500	-3500	-1000	300	10000	4500	5500	10000	10000	5666	7666	0	minecraft:windswept_gravelly_hills
-4500	-1500	-3500	-1000	-1900	10000	5500	10000	0	0	5666	7666	0	minecraft:plains
-4500	-1500	-3500	-1000	-1900	10000	5500	10000	10000	10000	5666	7666	0	minecraft:plains
-4500	-1500	-1000	1000	-1900	10000	-10000	-7799	0	0	5666	7666	0	minecraft:frozen_peaks
-4500	-1500	-1000	1000	-1900	10000	-10000	-7799	10000	10000	5666	7666	0	minecraft:frozen_peaks
-4500	-1500	-1000	1000	-1900	300	-7799	-3750	0	0	5666	7666	0	minecraft:forest
-4500	-1500	-1000	1000	-1900	300	-7799	-3750	10000	10000	5666	7666	0	minecraft:forest
-4500	-1500	-1000	1000	300	10000	-7799	-3750	0	0	5666	7666	0	minecraft:frozen_peaks
-4500	-1500	-1000	1000	300	10000	-7799	-3750	10000	10000	5666	7666	0	minecraft:frozen_peaks
-4500	-1500	-1000	1000	-1900	300	-3750	500	0	0	5666	7666	0	minecraft:forest
-4500	-1500	-1000	1000	-1900	300	-3750	500	10000	10000	5666	7666	0	minecraft:forest
-4500	-1500	-1000	1000	300	10000	-3750	-2225	0	0	5666	7666	0	minecraft:meadow
-4500	-1500	-1000	1000	300	10000	-3750	-2225	10000	10000	5666	7666	0	minecraft:meadow
-4500	-1500	-1000	1000	300	3000	-2225	500	0	0	5666	7666	0	minecraft:forest
-4500	-1500	-1000	1000	300	3000	-2225	500	10000	10000	5666	7666	0	minecraft:forest
-4500	-1500	-1000	1000	3000	10000	-2225	500	0	0	5666	7666	0	minecraft:meadow
-4500	-1500	-1000	1000	3000	10000	-2225	500	10000	10000	5666	7666	0	minecraft:meadow
-4500	-1500	-1000	1000	-1900	10000	500	4500	0	0	5666	7666	0	minecraft:forest
-4500	-1500	-1000	1000	-1900	10000	500	4500	10000	10000	5666	7666	0	minecraft:forest
-4500	-1500	-1000	1000	-1900	300	4500	5500	0	0	5666	7666	0	minecraft:windswept_hills
-4500	-1500	-1000	1000	-1900	300	4500	5500	10000	10000	5666	7666	0	minecraft:windswept_hills
-4500	-1500	-1000	1000	300	10000	4500	5500	0	0	5666	7666	0	minecraft:windswept_hills
-4500	-1500	-1000	1000	300	10000	4500	5500	10000	10000	5666	7666	0	minecraft:windswept_hills
-4500	-1500	-1000	1000	-1900	10000	5500	10000	0	0	5666	7666	0	minecraft:forest
-4500	-1500	-1000	1000	-1900	10000	5500	10000	10000	10000	5666	7666	0	minecraft:forest
-4500	-1500	1000	3000	-1900	10000	-10000	-7799	0	0	5666	7666	0	minecraft:frozen_peaks
-4500	-1500	1000	3000	-1900	10000	-10000	-7799	10000	10000	5666	7666	0	minecraft:frozen_peaks
-4500	-1500	1000	3000	-1900	300	-7799	-3750	0	0	5666	7666	0	minecraft:taiga
-4500	-1500	1000	3000	-1900	300	-7799	-3750	10000	10000	5666	7666	0	minecraft:taiga
-4500	-1500	1000	3000	300	10000	-7799	-3750	0	0	5666	7666	0	minecraft:frozen_peaks
-4500	-1500	1000	3000	300	10000	-7799	-3750	10000	10000	5666	7666	0	minecraft:frozen_peaks
-4500	-1500	1000	3000	-1900	300	-3750	500	0	0	5666	7666	0	minecraft:taiga
-4500	-1500	1000	3000	-1900	300	-3750	500	10000	10000	5666	7666	0	minecraft:taiga
-4500	-1500	1000	3000	300	10000	-3750	-2225	0	0	5666	7666	0	minecraft:meadow
-4500	-1500	1000	3000	300	10000	-3750	-2225	10000	10000	5666	7666	0	minecraft:meadow
-4500	-1500	1000	3000	300	3000	-2225	500	0	0	5666	7666	0	minecraft:taiga
-4500	-1500	1000	3000	300	3000	-2225	500	10000	10000	5666	7666	0	minecraft:taiga
-4500	-1500	1000	3000	3000	10000	-2225	500	0	0	5666	7666	0	minecraft:meadow
-4500	-1500	1000	3000	3000	10000	-2225	500	10000	10000	5666	7666	0	minecraft:meadow
-4500	-1500	1000	3000	-1900	10000	500	4500	0	0	5666	7666	0	minecraft:taiga
-4500	-1500	1000	3000	-1900	10000	500	4500	10000	10000	5666	7666	0	minecraft:taiga
-4500	-1500	1000	3000	-1900	300	4500	5500	0	0	5666	7666	0	minecraft:windswept_forest
-4500	-1500	1000	3000	-1900	300	4500	5500	10000	10000	5666	7666	0	minecraft:windswept_forest
-4500	-1500	1000	3000	300	10000	4500	5500	0	0	5666	7666	0	minecraft:windswept_forest
-4500	-1500	1000	3000	300	10000	4500	5500	10000	10000	5666	7666	0	minecraft:windswept_forest
-4500	-1500	1000	3000	-1900	10000	5500	10000	0	0	5666	7666	0	minecraft:taiga
-4500	-1500	1000	3000	-1900	10000	5500	10000	10000	10000	5666	7666	0	minecraft:taiga
-4500	-1500	3000	10000	-1900	10000	-10000	-7799	0	0	5666	7666	0	minecraft:frozen_peaks
-4500	-1500	3000	10000	-1900	10000	-10000	-7799	10000	10000	5666	7666	0	minecraft:frozen_peaks
-4500	-1500	3000	10000	-1900	300	-7799	-3750	0	0	5666	7666	0	minecraft:old_growth_pine_taiga
-4500	-1500	3000	10000	-1900	300	-7799	-3750	10000	10000	5666	7666	0	minecraft:old_growth_pine_taiga
-4500	-1500	3000	10000	300	10000	-7799	-3750	0	0	5666	7666	0	minecraft:frozen_peaks
-4500	-1500	3000	10000	300	10000	-7799	-3750	10000	10000	5666	7666	0	minecraft:frozen_peaks
-4500	-1500	3000	10000	-1900	300	-3750	500	0	0	5666	7666	0	minecraft:old_growth_pine_taiga
-4500	-1500	3000	10000	-1900	300	-3750	500	10000	10000	5666	7666	0	minecraft:old_growth_pine_taiga
-4500	-1500	3000	10000	300	10000	-3750	-2225	0	0	5666	7666	0	minecraft:old_growth_pine_taiga
-4500	-1500	3000	10000	300	10000	-3750	-2225	10000	10000	5666	7666	0	minecraft:old_growth_pine_taiga
-4500	-1500	3000	10000	300	3000	-2225	500	0	0	5666	7666	0	minecraft:old_growth_pine_taiga
-4500	-1500	3000	10000	300	3000	-2225	500	10000	10000	5666	7666	0	minecraft:old_growth_pine_taiga
-4500	-1500	3000	10000	3000	10000	-2225	500	0	0	5666	7666	0	minecraft:old_growth_pine_taiga
-4500	-1500	3000	10000	3000	10000	-2225	500	10000	10000	5666	7666	0	minecraft:old_growth_pine_taiga
-4500	-1500	3000	10000	-1900	10000	500	4500	0	0	5666	7666	0	minecraft:old_growth_pine_taiga
-4500	-1500	3000	10000	-1900	10000	500	4500	10000	10000	5666	7666	0	minecraft:old_growth_pine_taiga
-4500	-1500	3000	10000	-1900	300	4500	5500	0	0	5666	7666	0	minecraft:windswept_forest
-4500	-1500	3000	10000	-1900	300	4500	5500	10000	10000	5666	7666	0	minecraft:windswept_forest
-4500	-1500	3000	10000	300	10000	4500	5500	0	0	5666	7666	0	minecraft:windswept_forest
-4500	-1500	3000	10000	300	10000	4500	5500	10000	10000	5666	7666	0	minecraft:windswept_forest
-4500	-1500	3000	10000	-1900	10000	5500	10000	0	0	5666	7666	0	minecraft:old_growth_pine_taiga
-4500	-1500	3000	10000	-1900	10000	5500	10000	10000	10000	5666	7666	0	minecraft:old_growth_pine_taiga
-1500	2000	-10000	-3500	-1900	10000	-10000	-7799	0	0	5666	7666	0	minecraft:frozen_peaks
-1500	2000	-10000	-3500	-1900	10000	-10000	-7799	10000	10000	5666	7666	0	minecraft:frozen_peaks
-1500	2000	-10000	-3500	-1900	300	-7799	-3750	0	0	5666	7666	0	minecraft:sunflower_plains
-1500	2000	-10000	-3500	-1900	300	-7799	-3750	10000	10000	5666	7666	0	minecraft:sunflower_plains
-1500	2000	-10000	-3500	300	10000	-7799	-3750	0	0	5666	7666	0	minecraft:frozen_peaks
-1500	2000	-10000	-3500	300	10000	-7799	-3750	10000	10000	5666	7666	0	minecraft:frozen_peaks
-1500	2000	-10000	-3500	-1900	300	-3750	500	0	0	5666	7666	0	minecraft:sunflower_plains
-1500	2000	-10000	-3500	-1900	300	-3750	500	10000	10000	5666	7666	0	minecraft:sunflower_plains
-1500	2000	-10000	-3500	300	10000	-3750	-2225	0	0	5666	7666	0	minecraft:cherry_grove
-1500	2000	-10000	-3500	300	10000	-3750	-2225	10000	10000	5666	7666	0	minecraft:cherry_grove
-1500	2000	-10000	-3500	300	3000	-2225	500	0	0	5666	7666	0	minecraft:sunflower_plains
-1500	2000	-10000	-3500	300	3000	-2225	500	10000	10000	5666	7666	0	minecraft:sunflower_plains
-1500	2000	-10000	-3500	3000	10000	-2225	500	0	0	5666	7666	0	minecraft:cherry_grove
-1500	2000	-10000	-3500	3000	10000	-2225	500	10000	10000	5666	7666	0	minecraft:cherry_grove
-1500	2000	-10000	-3500	-1900	10000	500	4500	0	0	5666	7666	0	minecraft:sunflower_plains
-1500	2000	-10000	-3500	-1900	10000	500	4500	10000	10000	5666	7666	0	minecraft:sunflower_plains
-1500	2000	-10000	-3500	-1900	300	4500	5500	0	0	5666	7666	0	minecraft:windswept_savanna
-1500	2000	-10000	-3500	-1900	300	4500	5500	10000	10000	5666	7666	0	minecraft:windswept_savanna
-1500	2000	-10000	-3500	300	10000	4500	5500	0	0	5666	7666	0	minecraft:windswept_hills
-1500	2000	-10000	-3500	300	10000	4500	5500	10000	10000	5666	7666	0	minecraft:windswept_hills
-1500	2000	-10000	-3500	-1900	10000	5500	10000	0	0	5666	7666	0	minecraft:sunflower_plains
-1500	2000	-10000	-3500	-1900	10000	5500	10000	10000	10000	5666	7666	0	minecraft:sunflower_plains
-1500	2000	-3500	-1000	-1900	10000	-10000	-7799	0	0	5666	7666	0	minecraft:frozen_peaks
-1500	2000	-3500	-1000	-1900	10000	-10000	-7799	10000	10000	5666	7666	0	minecraft:frozen_peaks
-1500	2000	-3500	-1000	-1900	300	-7799	-3750	0	0	5666	7666	0	minecraft:plains
-1500	2000	-3500	-1000	-1900	300	-7799	-3750	10000	10000	5666	7666	0	minecraft:plains
-1500	2000	-3500	-1000	300	10000	-7799	-3750	0	0	5666	7666	0	minecraft:frozen_peaks
-1500	2000	-3500	-1000	300	10000	-7799	-3750	10000	10000	5666	7666	0	minecraft:frozen_peaks
-1500	2000	-3500	-1000	-1900	300	-3750	500	0	0	5666	7666	0	minecraft:plains
-1500	2000	-3500	-1000	-1900	300	-3750	500	10000	10000	5666	7666	0	minecraft:plains
-1500	2000	-3500	-1000	300	10000	-3750	-2225	0	0	5666	7666	0	minecraft:cherry_grove
-1500	2000	-3500	-1000	300	10000	-3750	-2225	10000	10000	5666	7666	0	minecraft:cherry_grove
-1500	2000	-3500	-1000	300	3000	-2225	500	0	0	5666	7666	0	minecraft:plains
-1500	2000	-3500	-1000	300	3000	-2225	500	10000	10000	5666	7666	0	minecraft:plains
-1500	2000	-3500	-1000	3000	10000	-2225	500	0	0	5666	7666	0	minecraft:cherry_grove
-1500	2000	-3500	-1000	3000	10000	-2225	500	10000	10000	5666	7666	0	minecraft:cherry_grove
-1500	2000	-3500	-1000	-1900	10000	500	4500	0	0	5666	7666	0	minecraft:plains
-1500	2000	-3500	-1000	-1900	10000	500	4500	10000	10000	5666	7666	0	minecraft:plains
-1500	2000	-3500	-1000	-1900	300	4500	5500	0	0	5666	7666	0	minecraft:windswept_savanna
-1500	2000	-3500	-1000	-1900	300	4500	5500	10000	10000	5666	7666	0	minecraft:windswept_savanna
-1500	2000	-3500	-1000	300	10000	4500	5500	0	0	5666	7666	0	minecraft:windswept_hills
-1500	2000	-3500	-1000	300	10000	4500	5500	10000	10000	5666	7666	0	minecraft:windswept_hills
-1500	2000	-3500	-1000	-1900	10000	5500	10000	0	0	5666	7666	0	minecraft:plains
-1500	2000	-3500	-1000	-1900	10000	5500	10000	10000	10000	5666	7666	0	minecraft:plains
-1500	2000	-1000	1000	-1900	10000	-10000	-7799	0	0	5666	7666	0	minecraft:frozen_peaks
-1500	2000	-1000	1000	-1900	10000	-10000	-7799	10000	10000	5666	7666	0	minecraft:frozen_peaks
-1500	2000	-1000	1000	-1900	300	-7799	-3750	0	0	5666	7666	0	minecraft:forest
-1500	2000	-1000	1000	-1900	300	-7799	-3750	10000	10000	5666	7666	0	minecraft:forest
-1500	2000	-1000	1000	300	10000	-7799	-3750	0	0	5666	7666	0	minecraft:frozen_peaks
-1500	2000	-1000	1000	300	10000	-7799	-3750	10000	10000	5666	7666	0	minecraft:frozen_peaks
-1500	2000	-1000	1000	-1900	300	-3750	500	0	0	5666	7666	0	minecraft:forest
-1500	2000	-1000	1000	-1900	300	-3750	500	10000	10000	5666	7666	0	minecraft:forest
-1500	2000	-1000	1000	300	10000	-3750	-2225	0	0	5666	7666	0	minecraft:forest
-1500	2000	-1000	1000	300	10000	-3750	-2225	10000	10000	5666	7666	0	minecraft:forest
-1500	2000	-1000	1000	300	3000	-2225	500	0	0	5666	7666	0	minecraft:forest
-1500	2000	-1000	1000	300	3000	-2225	500	10000	10000	5666	7666	0	minecraft:forest
-1500	2000	-1000	1000	3000	10000	-2225	500	0	0	5666	7666	0	minecraft:forest
-1500	2000	-1000	1000	3000	10000	-2225	500	10000	10000	5666	7666	0	minecraft:forest
-1500	2000	-1000	1000	-1900	10000	500	4500	0	0	5666	7666	0	minecraft:forest
-1500	2000	-1000	1000	-1900	10000	500	4500	10000	10000	5666	7666	0	minecraft:forest
-1500	2000	-1000	1000	-1900	300	4500	5500	0	0	5666	7666	0	minecraft:windswept_savanna
-1500	2000	-1000	1000	-1900	300	4500	5500	10000	10000	5666	7666	0	minecraft:windswept_savanna
-1500	2000	-1000	1000	300	10000	4500	5500	0	0	5666	7666	0	minecraft:windswept_hills
-1500	2000	-1000	1000	300	10000	4500	5500	10000	10000	5666	7666	0	minecraft:windswept_hills
-1500	2000	-1000	1000	-1900	10000	5500	10000	0	0	5666	7666	0	minecraft:forest
-1500	2000	-1000	1000	-1900	10000	5500	10000	10000	10000	5666	7666	0	minecraft:forest
-1500	2000	1000	3000	-1900	10000	-10000	-7799	0	0	5666	7666	0	minecraft:frozen_peaks
-1500	2000	1000	3000	-1900	10000	-10000	-7799	10000	10000	5666	7666	0	minecraft:frozen_peaks
-1500	2000	1000	3000	-1900	300	-7799	-3750	0	0	5666	7666	0	minecraft:old_growth_birch_forest
-1500	2000	1000	3000	-1900	300	-7799	-3750	10000	10000	5666	7666	0	minecraft:old_growth_birch_forest
-1500	2000	1000	3000	300	10000	-7799	-3750	0	0	5666	7666	0	minecraft:frozen_peaks
-1500	2000	1000	3000	300	10000	-7799	-3750	10000	10000	5666	7666	0	minecraft:frozen_peaks
-1500	2000	1000	3000	-1900	300	-3750	500	0	0	5666	7666	0	minecraft:old_growth_birch_forest
-1500	2000	1000	3000	-1900	300	-3750	500	10000	10000	5666	7666	0	minecraft:old_growth_birch_forest
-1500	2000	1000	3000	300	10000	-3750	-2225	0	0	5666	7666	0	minecraft:birch_forest
-1500	2000	1000	3000	300	10000	-3750	-2225	10000	10000	5666	7666	0	minecraft:birch_forest
-1500	2000	1000	3000	300	3000	-2225	500	0	0	5666	7666	0	minecraft:old_growth_birch_forest
-1500	2000	1000	3000	300	3000	-2225	500	10000	10000	5666	7666	0	minecraft:old_growth_birch_forest
-1500	2000	1000	3000	3000	10000	-2225	500	0	0	5666	7666	0	minecraft:birch_forest
-1500	2000	1000	3000	3000	10000	-2225	500	10000	10000	5666	7666	0	minecraft:birch_forest
-1500	2000	1000	3000	-1900	10000	500	4500	0	0	5666	7666	0	minecraft:old_growth_birch_forest
-1500	2000	1000	3000	-1900	10000	500	4500	10000	10000	5666	7666	0	minecraft:old_growth_birch_forest
-1500	2000	1000	3000	-1900	300	4500	5500	0	0	5666	7666	0	minecraft:windswept_savanna
-1500	2000	1000	3000	-1900	300	4500	5500	10000	10000	5666	7666	0	minecraft:windswept_savanna
-1500	2000	1000	3000	300	10000	4500	5500	0	0	5666	7666	0	minecraft:windswept_forest
-1500	2000	1000	3000	300	10000	4500	5500	10000	10000	5666	7666	0	minecraft:windswept_forest
-1500	2000	1000	3000	-1900	10000	5500	10000	0	0	5666	7666	0	minecraft:old_growth_birch_forest
-1500	2000	1000	3000	-1900	10000	5500	10000	10000	10000	5666	7666	0	minecraft:old_growth_birch_forest
-1500	2000	3000	10000	-1900	10000	-10000	-7799	0	0	5666	7666	0	minecraft:frozen_peaks
-1500	2000	3000	10000	-1900	10000	-10000	-7799	10000	10000	5666	7666	0	minecraft:frozen_peaks
-1500	2000	3000	10000	-1900	300	-7799	-3750	0	0	5666	7666	0	minecraft:dark_forest
-1500	2000	3000	10000	-1900	300	-7799	-3750	10000	10000	5666	7666	0	minecraft:dark_forest
-1500	2000	3000	10000	300	10000	-7799	-3750	0	0	5666	7666	0	minecraft:frozen_peaks
-1500	2000	3000	10000	300	10000	-7799	-3750	10000	10000	5666	7666	0	minecraft:frozen_peaks
-1500	2000	3000	10000	-1900	300	-3750	500	0	0	5666	7666	0	minecraft:dark_forest
-1500	2000	3000	10000	-1900	300	-3750	500	10000	10000	5666	7666	0	minecraft:dark_forest
-1500	2000	3000	10000	300	10000	-3750	-2225	0	0	5666	7666	0	minecraft:pale_garden
-1500	2000	3000	10000	300	10000	-3750	-2225	10000	10000	5666	7666	0	minecraft:pale_garden
-1500	2000	3000	10000	300	3000	-2225	500	0	0	5666	7666	0	minecraft:dark_forest
-1500	2000	3000	10000	300	3000	-2225	500	10000	10000	5666	7666	0	minecraft:dark_forest
-1500	2000	3000	10000	3000	10000	-2225	500	0	0	5666	7666	0	minecraft:pale_garden
-1500	2000	3000	10000	3000	10000	-2225	500	10000	10000	5666	7666	0	minecraft:pale_garden
-1500	2000	3000	10000	-1900	10000	500	4500	0	0	5666	7666	0	minecraft:dark_forest
-1500	2000	3000	10000	-1900	10000	500	4500	10000	10000	5666	7666	0	minecraft:dark_forest
-1500	2000	3000	10000	-1900	300	4500	5500	0	0	5666	7666	0	minecraft:windswept_forest
-1500	2000	3000	10000	-1900	300	4500	5500	10000	10000	5666	7666	0	minecraft:windswept_forest
-1500	2000	3000	10000	300	10000	4500	5500	0	0	5666	7666	0	minecraft:windswept_forest
-1500	2000	3000	10000	300	10000	4500	5500	10000	10000	5666	7666	0	minecraft:windswept_forest
-1500	2000	3000	10000	-1900	10000	5500	10000	0	0	5666	7666	0	minecraft:dark_forest
-1500	2000	3000	10000	-1900	10000	5500	10000	10000	10000	5666	7666	0	minecraft:dark_forest
2000	5500	-10000	-3500	-1900	10000	-10000	-7799	0	0	5666	7666	0	minecraft:stony_peaks
2000	5500	-10000	-3500	-1900	10000	-10000	-7799	10000	10000	5666	7666	0	minecraft:stony_peaks
2000	5500	-10000	-3500	-1900	300	-7799	-3750	0	0	5666	7666	0	minecraft:savanna
2000	5500	-10000	-3500	-1900	300	-7799	-3750	10000	10000	5666	7666	0	minecraft:savanna
2000	5500	-10000	-3500	300	10000	-7799	-3750	0	0	5666	7666	0	minecraft:stony_peaks
2000	5500	-10000	-3500	300	10000	-7799	-3750	10000	10000	5666	7666	0	minecraft:stony_peaks
2000	5500	-10000	-3500	-1900	300	-3750	500	0	0	5666	7666	0	minecraft:savanna
2000	5500	-10000	-3500	-1900	300	-3750	500	10000	10000	5666	7666	0	minecraft:savanna
2000	5500	-10000	-3500	300	10000	-3750	-2225	0	0	5666	7666	0	minecraft:savanna_plateau
2000	5500	-10000	-3500	300	10000	-3750	-2225	10000	10000	5666	7666	0	minecraft:savanna_plateau
2000	5500	-10000	-3500	300	3000	-2225	500	0	0	5666	7666	0	minecraft:savanna
2000	5500	-10000	-3500	300	3000	-2225	500	10000	10000	5666	7666	0	minecraft:savanna
2000	5500	-10000	-3500	3000	10000	-2225	500	0	0	5666	7666	0	minecraft:savanna_plateau
2000	5500	-10000	-3500	3000	10000	-2225	500	10000	10000	5666	7666	0	minecraft:savanna_plateau
2000	5500	-10000	-3500	-1900	10000	500	4500	0	0	5666	7666	0	minecraft:savanna
2000	5500	-10000	-3500	-1900	10000	500	4500	10000	10000	5666	7666	0	minecraft:savanna
2000	5500	-10000	-3500	-1900	300	4500	5500	0	0	5666	7666	0	minecraft:windswept_savanna
2000	5500	-10000	-3500	-1900	300	4500	5500	10000	10000	5666	7666	0	minecraft:windswept_savanna
2000	5500	-10000	-3500	300	10000	4500	5500	0	0	5666	7666	0	minecraft:savanna
2000	5500	-10000	-3500	300	10000	4500	5500	10000	10000	5666	7666	0	minecraft:savanna
2000	5500	-10000	-3500	-1900	10000	5500	10000	0	0	5666	7666	0	minecraft:savanna
2000	5500	-10000	-3500	-1900	10000	5500	10000	10000	10000	5666	7666	0	minecraft:savanna
2000	5500	-3500	-1000	-1900	10000	-10000	-7799	0	0	5666	7666	0	minecraft:stony_peaks
2000	5500	-3500	-1000	-1900	10000	-10000	-7799	10000	10000	5666	7666	0	minecraft:stony_peaks
2000	5500	-3500	-1000	-1900	300	-7799	-3750	0	0	5666	7666	0	minecraft:savanna
2000	5500	-3500	-1000	-1900	300	-7799	-3750	10000	10000	5666	7666	0	minecraft:savanna
2000	5500	-3500	-1000	300	10000	-7799	-3750	0	0	5666	7666	0	minecraft:stony_peaks
2000	5500	-3500	-1000	300	10000	-7799	-3750	10000	10000	5666	7666	0	minecraft:stony_peaks
2000	5500	-3500	-1000	-1900	300	-3750	500	0	0	5666	7666	0	minecraft:savanna
2000	5500	-3500	-1000	-1900	300	-3750	500	10000	10000	5666	7666	0	minecraft:savanna
2000	5500	-3500	-1000	300	10000	-3750	-2225	0	0	5666	7666	0	minecraft:savanna_plateau
2000	5500	-3500	-1000	300	10000	-3750	-2225	10000	10000	5666	7666	0	minecraft:savanna_plateau
2000	5500	-3500	-1000	300	3000	-2225	500	0	0	5666	7666	0	minecraft:savanna
2000	5500	-3500	-1000	300	3000	-2225	500	10000	10000	5666	7666	0	minecraft:savanna
2000	5500	-3500	-1000	3000	10000	-2225	500	0	0	5666	7666	0	minecraft:savanna_plateau
2000	5500	-3500	-1000	3000	10000	-2225	500	10000	10000	5666	7666	0	minecraft:savanna_plateau
2000	5500	-3500	-1000	-1900	10000	500	4500	0	0	5666	7666	0	minecraft:savanna
2000	5500	-3500	-1000	-1900	10000	500	4500	10000	10000	5666	7666	0	minecraft:savanna
2000	5500	-3500	-1000	-1900	300	4500	5500	0	0	5666	7666	0	minecraft:windswept_savanna
2000	5500	-3500	-1000	-1900	300	4500	5500	10000	10000	5666	7666	0	minecraft:windswept_savanna
2000	5500	-3500	-1000	300	10000	4500	5500	0	0	5666	7666	0	minecraft:savanna
2000	5500	-3500	-1000	300	10000	4500	5500	10000	10000	5666	7666	0	minecraft:savanna
2000	5500	-3500	-1000	-1900	10000	5500	10000	0	0	5666	7666	0	minecraft:savanna
2000	5500	-3500	-1000	-1900	10000	5500	10000	10000	10000	5666	7666	0	minecraft:savanna
2000	5500	-1000	1000	-1900	10000	-10000	-7799	0	0	5666	7666	0	minecraft:stony_peaks
2000	5500	-1000	1000	-1900	10000	-10000	-7799	10000	10000	5666	7666	0	minecraft:stony_peaks
2000	5500	-1000	1000	-1900	300	-7799	-3750	0	0	5666	7666	0	minecraft:plains
2000	5500	-1000	1000	-1900	300	-7799	-3750	10000	10000	5666	7666	0	minecraft:plains
2000	5500	-1000	1000	300	10000	-7799	-3750	0	0	5666	7666	0	minecraft:stony_peaks
2000	5500	-1000	1000	300	10000	-7799	-3750	10000	10000	5666	7666	0	minecraft:stony_peaks
2000	5500	-1000	1000	-1900	300	-3750	500	0	0	5666	7666	0	minecraft:plains
2000	5500	-1000	1000	-1900	300	-3750	500	10000	10000	5666	7666	0	minecraft:plains
2000	5500	-1000	1000	300	10000	-3750	-2225	0	0	5666	7666	0	minecraft:forest
2000	5500	-1000	1000	300	10000	-3750	-2225	10000	10000	5666	7666	0	minecraft:forest
2000	5500	-1000	1000	300	3000	-2225	500	0	0	5666	7666	0	minecraft:plains
2000	5500	-1000	1000	300	3000	-2225	500	10000	10000	5666	7666	0	minecraft:plains
2000	5500	-1000	1000	3000	10000	-2225	500	0	0	5666	7666	0	minecraft:forest
2000	5500	-1000	1000	3000	10000	-2225	500	10000	10000	5666	7666	0	minecraft:forest
2000	5500	-1000	1000	-1900	10000	500	4500	0	0	5666	7666	0	minecraft:plains
2000	5500	-1000	1000	-1900	10000	500	4500	10000	10000	5666	7666	0	minecraft:plains
2000	5500	-1000	1000	-1900	300	4500	5500	0	0	5666	7666	0	minecraft:windswept_savanna
2000	5500	-1000	1000	-1900	300	4500	5500	10000	10000	5666	7666	0	minecraft:windswept_savanna
2000	5500	-1000	1000	300	10000	4500	5500	0	0	5666	7666	0	minecraft:plains
2000	5500	-1000	1000	300	10000	4500	5500	10000	10000	5666	7666	0	minecraft:plains
2000	5500	-1000	1000	-1900	10000	5500	10000	0	0	5666	7666	0	minecraft:plains
2000	5500	-1000	1000	-1900	10000	5500	10000	10000	10000	5666	7666	0	minecraft:plains
2000	5500	1000	3000	-1900	10000	-10000	-7799	0	0	5666	7666	0	minecraft:stony_peaks
2000	5500	1000	3000	-1900	10000	-10000	-7799	10000	10000	5666	7666	0	minecraft:stony_peaks
2000	5500	1000	3000	-1900	300	-7799	-3750	0	0	5666	7666	0	minecraft:sparse_jungle
2000	5500	1000	3000	-1900	300	-7799	-3750	10000	10000	5666	7666	0	minecraft:sparse_jungle
2000	5500	1000	3000	300	10000	-7799	-3750	0	0	5666	7666	0	minecraft:stony_peaks
2000	5500	1000	3000	300	10000	-7799	-3750	10000	10000	5666	7666	0	minecraft:stony_peaks
2000	5500	1000	3000	-1900	300	-3750	500	0	0	5666	7666	0	minecraft:sparse_jungle
2000	5500	1000	3000	-1900	300	-3750	500	10000	10000	5666	7666	0	minecraft:sparse_jungle
2000	5500	1000	3000	300	10000	-3750	-2225	0	0	5666	7666	0	minecraft:forest
2000	5500	1000	3000	300	10000	-3750	-2225	10000	10000	5666	7666	0	minecraft:forest
2000	5500	1000	3000	300	3000	-2225	500	0	0	5666	7666	0	minecraft:sparse_jungle
2000	5500	1000	3000	300	3000	-2225	500	10000	10000	5666	7666	0	minecraft:sparse_jungle
2000	5500	1000	3000	3000	10000	-2225	500	0	0	5666	7666	0	minecraft:forest
2000	5500	1000	3000	3000	10000	-2225	500	10000	10000	5666	7666	0	minecraft:forest
2000	5500	1000	3000	-1900	10000	500	4500	0	0	5666	7666	0	minecraft:sparse_jungle
2000	5500	1000	3000	-1900	10000	500	4500	10000	10000	5666	7666	0	minecraft:sparse_jungle
2000	5500	1000	3000	-1900	300	4500	5500	0	0	5666	7666	0	minecraft:windswept_savanna
2000	5500	1000	3000	-1900	300	4500	5500	10000	10000	5666	7666	0	minecraft:windswept_savanna
2000	5500	1000	3000	300	10000	4500	5500	0	0	5666	7666	0	minecraft:sparse_jungle
2000	5500	1000	3000	300	10000	4500	5500	10000	10000	5666	7666	0	minecraft:sparse_jungle
2000	5500	1000	3000	-1900	10000	5500	10000	0	0	5666	7666	0	minecraft:sparse_jungle
2000	5500	1000	3000	-1900	10000	5500	10000	10000	10000	5666	7666	0	minecraft:sparse_jungle
2000	5500	3000	10000	-1900	10000	-10000	-7799	0	0	5666	7666	0	minecraft:stony_peaks
2000	5500	3000	10000	-1900	10000	-10000	-7799	10000	10000	5666	7666	0	minecraft:stony_peaks
2000	5500	3000	10000	-1900	300	-7799	-3750	0	0	5666	7666	0	minecraft:bamboo_jungle
2000	5500	3000	10000	-1900	300	-7799	-3750	10000	10000	5666	7666	0	minecraft:bamboo_jungle
2000	5500	3000	10000	300	10000	-7799	-3750	0	0	5666	7666	0	minecraft:stony_peaks
2000	5500	3000	10000	300	10000	-7799	-3750	10000	10000	5666	7666	0	minecraft:stony_peaks
2000	5500	3000	10000	-1900	300	-3750	500	0	0	5666	7666	0	minecraft:bamboo_jungle
2000	5500	3000	10000	-1900	300	-3750	500	10000	10000	5666	7666	0	minecraft:bamboo_jungle
2000	5500	3000	10000	300	10000	-3750	-2225	0	0	5666	7666	0	minecraft:jungle
2000	5500	3000	10000	300	10000	-3750	-2225	10000	10000	5666	7666	0	minecraft:jungle
2000	5500	3000	10000	300	3000	-2225	500	0	0	5666	7666	0	minecraft:bamboo_jungle
2000	5500	3000	10000	300	3000	-2225	500	10000	10000	5666	7666	0	minecraft:bamboo_jungle
2000	5500	3000	10000	3000	10000	-2225	500	0	0	5666	7666	0	minecraft:jungle
2000	5500	3000	10000	3000	10000	-2225	500	10000	10000	5666	7666	0	minecraft:jungle
2000	5500	3000	10000	-1900	10000	500	4500	0	0	5666	7666	0	minecraft:bamboo_jungle
2000	5500	3000	10000	-1900	10000	500	4500	10000	10000	5666	7666	0	minecraft:bamboo_jungle
2000	5500	3000	10000	-1900	300	4500	5500	0	0	5666	7666	0	minecraft:bamboo_jungle
2000	5500	3000	10000	-1900	300	4500	5500	10000	10000	5666	7666	0	minecraft:bamboo_jungle
2000	5500	3000	10000	300	10000	4500	5500	0	0	5666	7666	0	minecraft:bamboo_jungle
2000	5500	3000	10000	300	10000	4500	5500	10000	10000	5666	7666	0	minecraft:bamboo_jungle
2000	5500	3000	10000	-1900	10000	5500	10000	0	0	5666	7666	0	minecraft:bamboo_jungle
2000	5500	3000	10000	-1900	10000	5500	10000	10000	10000	5666	7666	0	minecraft:bamboo_jungle
5500	10000	-10000	-3500	-1900	10000	-10000	-7799	0	0	5666	7666	0	minecraft:eroded_badlands
5500	10000	-10000	-3500	-1900	10000	-10000	-7799	10000	10000	5666	7666	0	minecraft:eroded_badlands
5500	10000	-10000	-3500	-1900	300	-7799	-3750	0	0	5666	7666	0	minecraft:eroded_badlands
5500	10000	-10000	-3500	-1900	300	-7799	-3750	10000	10000	5666	7666	0	minecraft:eroded_badlands
5500	10000	-10000	-3500	300	10000	-7799	-3750	0	0	5666	7666	0	minecraft:eroded_badlands
5500	10000	-10000	-3500	300	10000	-7799	-3750	10000	10000	5666	7666	0	minecraft:eroded_badlands
5500	10000	-10000	-3500	-1900	300	-3750	500	0	0	5666	7666	0	minecraft:desert
5500	10000	-10000	-3500	-1900	300	-3750	500	10000	10000	5666	7666	0	minecraft:desert
5500	10000	-10000	-3500	300	10000	-3750	-2225	0	0	5666	7666	0	minecraft:eroded_badlands
5500	10000	-10000	-3500	300	10000	-3750	-2225	10000	10000	5666	7666	0	minecraft:eroded_badlands
5500	10000	-10000	-3500	300	3000	-2225	500	0	0	5666	7666	0	minecraft:eroded_badlands
5500	10000	-10000	-3500	300	3000	-2225	500	10000	10000	5666	7666	0	minecraft:eroded_badlands
5500	10000	-10000	-3500	3000	10000	-2225	500	0	0	5666	7666	0	minecraft:eroded_badlands
5500	10000	-10000	-3500	3000	10000	-2225	500	10000	10000	5666	7666	0	minecraft:eroded_badlands
5500	10000	-10000	-3500	-1900	10000	500	4500	0	0	5666	7666	0	minecraft:desert
5500	10000	-10000	-3500	-1900	10000	500	4500	10000	10000	5666	7666	0	minecraft:desert
5500	10000	-10000	-3500	-1900	300	4500	5500	0	0	5666	7666	0	minecraft:windswept_savanna
5500	10000	-10000	-3500	-1900	300	4500	5500	10000	10000	5666	7666	0	minecraft:windswept_savanna
5500	10000	-10000	-3500	300	10000	4500	5500	0	0	5666	7666	0	minecraft:desert
5500	10000	-10000	-3500	300	10000	4500	5500	10000	10000	5666	7666	0	minecraft:desert
5500	10000	-10000	-3500	-1900	10000	5500	10000	0	0	5666	7666	0	minecraft:desert
5500	10000	-10000	-3500	-1900	10000	5500	10000	10000	10000	5666	7666	0	minecraft:desert
5500	10000	-3500	-1000	-1900	10000	-10000	-7799	0	0	5666	7666	0	minecraft:eroded_badlands
5500	10000	-3500	-1000	-1900	10000	-10000	-7799	10000	10000	5666	7666	0	minecraft:eroded_badlands
5500	10000	-3500	-1000	-1900	300	-7799	-3750	0	0	5666	7666	0	minecraft:eroded_badlands
5500	10000	-3500	-1000	-1900	300	-7799	-3750	10000	10000	5666	7666	0	minecraft:eroded_badlands
5500	10000	-3500	-1000	300	10000	-7799	-3750	0	0	5666	7666	0	minecraft:eroded_badlands
5500	10000	-3500	-1000	300	10000	-7799	-3750	10000	10000	5666	7666	0	minecraft:eroded_badlands
5500	10000	-3500	-1000	-1900	300	-3750	500	0	0	5666	7666	0	minecraft:desert
5500	10000	-3500	-1000	-1900	300	-3750	500	10000	10000	5666	7666	0	minecraft:desert
5500	10000	-3500	-1000	300	10000	-3750	-2225	0	0	5666	7666	0	minecraft:eroded_badlands
5500	10000	-3500	-1000	300	10000	-3750	-2225	10000	10000	5666	7666	0	minecraft:eroded_badlands
5500	10000	-3500	-1000	300	3000	-2225	500	0	0	5666	7666	0	minecraft:eroded_badlands
5500	10000	-3500	-1000	300	3000	-2225	500	10000	10000	5666	7666	0	minecraft:eroded_badlands
5500	10000	-3500	-1000	3000	10000	-2225	500	0	0	5666	7666	0	minecraft:eroded_badlands
5500	10000	-3500	-1000	3000	10000	-2225	500	10000	10000	5666	7666	0	minecraft:eroded_badlands
5500	10000	-3500	-1000	-1900	10000	500	4500	0	0	5666	7666	0	minecraft:desert
5500	10000	-3500	-1000	-1900	10000	500	4500	10000	10000	5666	7666	0	minecraft:desert
5500	10000	-3500	-1000	-1900	300	4500	5500	0	0	5666	7666	0	minecraft:windswept_savanna
5500	10000	-3500	-1000	-1900	300	4500	5500	10000	10000	5666	7666	0	minecraft:windswept_savanna
5500	10000	-3500	-1000	300	10000	4500	5500	0	0	5666	7666	0	minecraft:desert
5500	10000	-3500	-1000	300	10000	4500	5500	10000	10000	5666	7666	0	minecraft:desert
5500	10000	-3500	-1000	-1900	10000	5500	10000	0	0	5666	7666	0	minecraft:desert
5500	10000	-3500	-1000	-1900	10000	5500	10000	10000	10000	5666	7666	0	minecraft:desert
5500	10000	-1000	1000	-1900	10000	-10000	-7799	0	0	5666	7666	0	minecraft:badlands
5500	10000	-1000	1000	-1900	10000	-10000	-7799	10000	10000	5666	7666	0	minecraft:badlands
5500	10000	-1000	1000	-1900	300	-7799	-3750	0	0	5666	7666	0	minecraft:badlands
5500	10000	-1000	1000	-1900	300	-7799	-3750	10000	10000	5666	7666	0	minecraft:badlands
5500	10000	-1000	1000	300	10000	-7799	-3750	0	0	5666	7666	0	minecraft:badlands
5500	10000	-1000	1000	300	10000	-7799	-3750	10000	10000	5666	7666	0	minecraft:badlands
5500	10000	-1000	1000	-1900	300	-3750	500	0	0	5666	7666	0	minecraft:desert
5500	10000	-1000	1000	-1900	300	-3750	500	10000	10000	5666	7666	0	minecraft:desert
5500	10000	-1000	1000	300	10000	-3750	-2225	0	0	5666	7666	0	minecraft:badlands
5500	10000	-1000	1000	300	10000	-3750	-2225	10000	10000	5666	7666	0	minecraft:badlands
5500	10000	-1000	1000	300	3000	-2225	500	0	0	5666	7666	0	minecraft:badlands
5500	10000	-1000	1000	300	3000	-2225	500	10000	10000	5666	7666	0	minecraft:badlands
5500	10000	-1000	1000	3000	10000	-2225	500	0	0	5666	7666	0	minecraft:badlands
5500	10000	-1000	1000	3000	10000	-2225	500	10000	10000	5666	7666	0	minecraft:badlands
5500	10000	-1000	1000	-1900	10000	500	4500	0	0	5666	7666	0	minecraft:desert
5500	10000	-1000	1000	-1900	10000	500	4500	10000	10000	5666	7666	0	minecraft:desert
5500	10000	-1000	1000	-1900	300	4500	5500	0	0	5666	7666	0	minecraft:windswept_savanna
5500	10000	-1000	1000	-1900	300	4500	5500	10000	10000	5666	7666	0	minecraft:windswept_savanna
5500	10000	-1000	1000	300	10000	4500	5500	0	0	5666	7666	0	minecraft:desert
5500	10000	-1000	1000	300	10000	4500	5500	10000	10000	5666	7666	0	minecraft:desert
5500	10000	-1000	1000	-1900	10000	5500	10000	0	0	5666	7666	0	minecraft:desert
5500	10000	-1000	1000	-1900	10000	5500	10000	10000	10000	5666	7666	0	minecraft:desert
5500	10000	1000	3000	-1900	10000	-10000	-7799	0	0	5666	7666	0	minecraft:wooded_badlands
5500	10000	1000	3000	-1900	10000	-10000	-7799	10000	10000	5666	7666	0	minecraft:wooded_badlands
5500	10000	1000	3000	-1900	300	-7799	-3750	0	0	5666	7666	0	minecraft:wooded_badlands
5500	10000	1000	3000	-1900	300	-7799	-3750	10000	10000	5666	7666	0	minecraft:wooded_badlands
5500	10000	1000	3000	300	10000	-7799	-3750	0	0	5666	7666	0	minecraft:wooded_badlands
5500	10000	1000	3000	300	10000	-7799	-3750	10000	10000	5666	7666	0	minecraft:wooded_badlands
5500	10000	1000	3000	-1900	300	-3750	500	0	0	5666	7666	0	minecraft:desert
5500	10000	1000	3000	-1900	300	-3750	500	10000	10000	5666	7666	0	minecraft:desert
5500	10000	1000	3000	300	10000	-3750	-2225	0	0	5666	7666	0	minecraft:wooded_badlands
5500	10000	1000	3000	300	10000	-3750	-2225	10000	10000	5666	7666	0	minecraft:wooded_badlands
5500	10000	1000	3000	300	3000	-2225	500	0	0	5666	7666	0	minecraft:wooded_badlands
5500	10000	1000	3000	300	3000	-2225	500	10000	10000	5666	7666	0	minecraft:wooded_badlands
5500	10000	1000	3000	3000	10000	-2225	500	0	0	5666	7666	0	minecraft:wooded_badlands
5500	10000	1000	3000	3000	10000	-2225	500	10000	10000	5666	7666	0	minecraft:wooded_badlands
5500	10000	1000	3000	-1900	10000	500	4500	0	0	5666	7666	0	minecraft:desert
5500	10000	1000	3000	-1900	10000	500	4500	10000	10000	5666	7666	0	minecraft:desert
5500	10000	1000	3000	-1900	300	4500	5500	0	0	5666	7666	0	minecraft:windswept_savanna
5500	10000	1000	3000	-1900	300	4500	5500	10000	10000	5666	7666	0	minecraft:windswept_savanna
5500	10000	1000	3000	300	10000	4500	5500	0	0	5666	7666	0	minecraft:desert
5500	10000	1000	3000	300	10000	4500	5500	10000	10000	5666	7666	0	minecraft:desert
5500	10000	1000	3000	-1900	10000	5500	10000	0	0	5666	7666	0	minecraft:desert
5500	10000	1000	3000	-1900	10000	5500	10000	10000	10000	5666	7666	0	minecraft:desert
5500	10000	3000	10000	-1900	10000	-10000	-7799	0	0	5666	7666	0	minecraft:wooded_badlands
5500	10000	3000	10000	-1900	10000	-10000	-7799	10000	10000	5666	7666	0	minecraft:wooded_badlands
5500	10000	3000	10000	-1900	300	-7799	-3750	0	0	5666	7666	0	minecraft:wooded_badlands
5500	10000	3000	10000	-1900	300	-7799	-3750	10000	10000	5666	7666	0	minecraft:wooded_badlands
5500	10000	3000	10000	300	10000	-7799	-3750	0	0	5666	7666	0	minecraft:wooded_badlands
5500	10000	3000	10000	300	10000	-7799	-3750	10000	10000	5666	7666	0	minecraft:wooded_badlands
5500	10000	3000	10000	-1900	300	-3750	500	0	0	5666	7666	0	minecraft:desert
5500	10000	3000	10000	-1900	300	-3750	500	10000	10000	5666	7666	0	minecraft:desert
5500	10000	3000	10000	300	10000	-3750	-2225	0	0	5666	7666	0	minecraft:wooded_badlands
5500	10000	3000	10000	300	10000	-3750	-2225	10000	10000	5666	7666	0	minecraft:wooded_badlands
5500	10000	3000	10000	300	3000	-2225	500	0	0	5666	7666	0	minecraft:wooded_badlands
5500	10000	3000	10000	300	3000	-2225	500	10000	10000	5666	7666	0	minecraft:wooded_badlands
5500	10000	3000	10000	3000	10000	-2225	500	0	0	5666	7666	0	minecraft:wooded_badlands
5500	10000	3000	10000	3000	10000	-2225	500	10000	10000	5666	7666	0	minecraft:wooded_badlands
5500	10000	3000	10000	-1900	10000	500	4500	0	0	5666	7666	0	minecraft:desert
5500	10000	3000	10000	-1900	10000	500	4500	10000	10000	5666	7666	0	minecraft:desert
5500	10000	3000	10000	-1900	300	4500	5500	0	0	5666	7666	0	minecraft:desert
5500	10000	3000	10000	-1900	300	4500	5500	10000	10000	5666	7666	0	minecraft:desert
5500	10000	3000	10000	300	10000	4500	5500	0	0	5666	7666	0	minecraft:desert
5500	10000	3000	10000	300	10000	4500	5500	10000	10000	5666	7666	0	minecraft:desert
5500	10000	3000	10000	-1900	10000	5500	10000	0	0	5666	7666	0	minecraft:desert
5500	10000	3000	10000	-1900	10000	5500	10000	10000	10000	5666	7666	0	minecraft:desert
-10000	-4500	-10000	-3500	-1900	-1100	-10000	-3750	0	0	7666	9333	0	minecraft:ice_spikes
-10000	-4500	-10000	-3500	-1900	-1100	-10000	-3750	10000	10000	7666	9333	0	minecraft:ice_spikes
-10000	-4500	-10000	-3500	-1100	300	-10000	-7799	0	0	7666	9333	0	minecraft:snowy_slopes
-10000	-4500	-10000	-3500	-1100	300	-10000	-7799	10000	10000	7666	9333	0	minecraft:snowy_slopes
-10000	-4500	-10000	-3500	300	10000	-10000	-7799	0	0	7666	9333	0	minecraft:frozen_peaks
-10000	-4500	-10000	-3500	300	10000	-10000	-7799	10000	10000	7666	9333	0	minecraft:frozen_peaks
-10000	-4500	-10000	-3500	-1100	300	-7799	-3750	0	0	7666	9333	0	minecraft:snowy_slopes
-10000	-4500	-10000	-3500	-1100	300	-7799	-3750	10000	10000	7666	9333	0	minecraft:snowy_slopes
-10000	-4500	-10000	-3500	300	10000	-7799	-3750	0	0	7666	9333	0	minecraft:snowy_slopes
-10000	-4500	-10000	-3500	300	10000	-7799	-3750	10000	10000	7666	9333	0	minecraft:snowy_slopes
-10000	-4500	-10000	-3500	-1900	300	-3750	500	0	0	7666	9333	0	minecraft:ice_spikes
-10000	-4500	-10000	-3500	-1900	300	-3750	500	10000	10000	7666	9333	0	minecraft:ice_spikes
-10000	-4500	-10000	-3500	300	10000	-3750	-2225	0	0	7666	9333	0	minecraft:ice_spikes
-10000	-4500	-10000	-3500	300	10000	-3750	-2225	10000	10000	7666	9333	0	minecraft:ice_spikes
-10000	-4500	-10000	-3500	300	3000	-2225	500	0	0	7666	9333	0	minecraft:ice_spikes
-10000	-4500	-10000	-3500	300	3000	-2225	500	10000	10000	7666	9333	0	minecraft:ice_spikes
-10000	-4500	-10000	-3500	3000	10000	-2225	500	0	0	7666	9333	0	minecraft:ice_spikes
-10000	-4500	-10000	-3500	3000	10000	-2225	500	10000	10000	7666	9333	0	minecraft:ice_spikes
-10000	-4500	-10000	-3500	-1900	10000	500	4500	0	0	7666	9333	0	minecraft:ice_spikes
-10000	-4500	-10000	-3500	-1900	10000	500	4500	10000	10000	7666	9333	0	minecraft:ice_spikes
-10000	-4500	-10000	-3500	-1900	300	4500	5500	0	0	7666	9333	0	minecraft:ice_spikes
-10000	-4500	-10000	-3500	-1900	300	4500	5500	10000	10000	7666	9333	0	minecraft:ice_spikes
-10000	-4500	-10000	-3500	300	10000	4500	5500	0	0	7666	9333	0	minecraft:windswept_gravelly_hills
-10000	-4500	-10000	-3500	300	10000	4500	5500	10000	10000	7666	9333	0	minecraft:windswept_gravelly_hills
-10000	-4500	-10000	-3500	-1900	10000	5500	10000	0	0	7666	9333	0	minecraft:ice_spikes
-10000	-4500	-10000	-3500	-1900	10000	5500	10000	10000	10000	7666	9333	0	minecraft:ice_spikes
-10000	-4500	-3500	-1000	-1900	-1100	-10000	-3750	0	0	7666	9333	0	minecraft:snowy_plains
-10000	-4500	-3500	-1000	-1900	-1100	-10000	-3750	10000	10000	7666	9333	0	minecraft:snowy_plains
-10000	-4500	-3500	-1000	-1100	300	-10000	-7799	0	0	7666	9333	0	minecraft:snowy_slopes
-10000	-4500	-3500	-1000	-1100	300	-10000	-7799	10000	10000	7666	9333	0	minecraft:snowy_slopes
-10000	-4500	-3500	-1000	300	10000	-10000	-7799	0	0	7666	9333	0	minecraft:frozen_peaks
-10000	-4500	-3500	-1000	300	10000	-10000	-7799	10000	10000	7666	9333	0	minecraft:frozen_peaks
-10000	-4500	-3500	-1000	-1100	300	-7799	-3750	0	0	7666	9333	0	minecraft:snowy_slopes
-10000	-4500	-3500	-1000	-1100	300	-7799	-3750	10000	10000	7666	9333	0	minecraft:snowy_slopes
-10000	-4500	-3500	-1000	300	10000	-7799	-3750	0	0	7666	9333	0	minecraft:snowy_slopes
-10000	-4500	-3500	-1000	300	10000	-7799	-3750	10000	10000	7666	9333	0	minecraft:snowy_slopes
-10000	-4500	-3500	-1000	-1900	300	-3750	500	0	0	7666	9333	0	minecraft:snowy_plains
-10000	-4500	-3500	-1000	-1900	300	-3750	500	10000	10000	7666	9333	0	minecraft:snowy_plains
-10000	-4500	-3500	-1000	300	10000	-3750	-2225	0	0	7666	9333	0	minecraft:snowy_plains
-10000	-4500	-3500	-1000	300	10000	-3750	-2225	10000	10000	7666	9333	0	minecraft:snowy_plains
-10000	-4500	-3500	-1000	300	3000	-2225	500	0	0	7666	9333	0	minecraft:snowy_plains
-10000	-4500	-3500	-1000	300	3000	-2225	500	10000	10000	7666	9333	0	minecraft:snowy_plains
-10000	-4500	-3500	-1000	3000	10000	-2225	500	0	0	7666	9333	0	minecraft:snowy_plains
-10000	-4500	-3500	-1000	3000	10000	-2225	500	10000	10000	7666	9333	0	minecraft:snowy_plains
-10000	-4500	-3500	-1000	-1900	10000	500	4500	0	0	7666	9333	0	minecraft:snowy_plains
-10000	-4500	-3500	-1000	-1900	10000	500	4500	10000	10000	7666	9333	0	minecraft:snowy_plains
-10000	-4500	-3500	-1000	-1900	300	4500	5500	0	0	7666	9333	0	minecraft:snowy_plains
-10000	-4500	-3500	-1000	-1900	300	4500	5500	10000	10000	7666	9333	0	minecraft:snowy_plains
-10000	-4500	-3500	-1000	300	10000	4500	5500	0	0	7666	9333	0	minecraft:windswept_gravelly_hills
-10000	-4500	-3500	-1000	300	10000	4500	5500	10000	10000	7666	9333	0	minecraft:windswept_gravelly_hills
-10000	-4500	-3500	-1000	-1900	10000	5500	10000	0	0	7666	9333	0	minecraft:snowy_plains
-10000	-4500	-3500	-1000	-1900	10000	5500	10000	10000	10000	7666	9333	0	minecraft:snowy_plains
-10000	-4500	-1000	1000	-1900	-1100	-10000	-3750	0	0	7666	9333	0	minecraft:snowy_taiga
-10000	-4500	-1000	1000	-1900	-1100	-10000	-3750	10000	10000	7666	9333	0	minecraft:snowy_taiga
-10000	-4500	-1000	1000	-1100	300	-10000	-7799	0	0	7666	9333	0	minecraft:grove
-10000	-4500	-1000	1000	-1100	300	-10000	-7799	10000	10000	7666	9333	0	minecraft:grove
-10000	-4500	-1000	1000	300	10000	-10000	-7799	0	0	7666	9333	0	minecraft:frozen_peaks
-10000	-4500	-1000	1000	300	10000	-10000	-7799	10000	10000	7666	9333	0	minecraft:frozen_peaks
-10000	-4500	-1000	1000	-1100	300	-7799	-3750	0	0	7666	9333	0	minecraft:grove
-10000	-4500	-1000	1000	-1100	300	-7799	-3750	10000	10000	7666	9333	0	minecraft:grove
-10000	-4500	-1000	1000	300	10000	-7799	-3750	0	0	7666	9333	0	minecraft:grove
-10000	-4500	-1000	1000	300	10000	-7799	-3750	10000	10000	7666	9333	0	minecraft:grove
-10000	-4500	-1000	1000	-1900	300	-3750	500	0	0	7666	9333	0	minecraft:snowy_taiga
-10000	-4500	-1000	1000	-1900	300	-3750	500	10000	10000	7666	9333	0	minecraft:snowy_taiga
-10000	-4500	-1000	1000	300	10000	-3750	-2225	0	0	7666	9333	0	minecraft:snowy_plains
-10000	-4500	-1000	1000	300	10000	-3750	-2225	10000	10000	7666	9333	0	minecraft:snowy_plains
-10000	-4500	-1000	1000	300	3000	-2225	500	0	0	7666	9333	0	minecraft:snowy_taiga
-10000	-4500	-1000	1000	300	3000	-2225	500	10000	10000	7666	9333	0	minecraft:snowy_taiga
-10000	-4500	-1000	1000	3000	10000	-2225	500	0	0	7666	9333	0	minecraft:snowy_plains
-10000	-4500	-1000	1000	3000	10000	-2225	500	10000	10000	7666	9333	0	minecraft:snowy_plains
-10000	-4500	-1000	1000	-1900	10000	500	4500	0	0	7666	9333	0	minecraft:snowy_taiga
-10000	-4500	-1000	1000	-1900	10000	500	4500	10000	10000	7666	9333	0	minecraft:snowy_taiga
-10000	-4500	-1000	1000	-1900	300	4500	5500	0	0	7666	9333	0	minecraft:snowy_taiga
-10000	-4500	-1000	1000	-1900	300	4500	5500	10000	10000	7666	9333	0	minecraft:snowy_taiga
-10000	-4500	-1000	1000	300	10000	4500	5500	0	0	7666	9333	0	minecraft:windswept_hills
-10000	-4500	-1000	1000	300	10000	4500	5500	10000	10000	7666	9333	0	minecraft:windswept_hills
-10000	-4500	-1000	1000	-1900	10000	5500	10000	0	0	7666	9333	0	minecraft:snowy_taiga
-10000	-4500	-1000	1000	-1900	10000	5500	10000	10000	10000	7666	9333	0	minecraft:snowy_taiga
-10000	-4500	1000	3000	-1900	-1100	-10000	-3750	0	0	7666	9333	0	minecraft:snowy_taiga
-10000	-4500	1000	3000	-1900	-1100	-10000	-3750	10000	10000	7666	9333	0	minecraft:snowy_taiga
-10000	-4500	1000	3000	-1100	300	-10000	-7799	0	0	7666	9333	0	minecraft:grove
-10000	-4500	1000	3000	-1100	300	-10000	-7799	10000	10000	7666	9333	0	minecraft:grove
-10000	-4500	1000	3000	300	10000	-10000	-7799	0	0	7666	9333	0	minecraft:frozen_peaks
-10000	-4500	1000	3000	300	10000	-10000	-7799	10000	10000	7666	9333	0	minecraft:frozen_peaks
-10000	-4500	1000	3000	-1100	300	-7799	-3750	0	0	7666	9333	0	minecraft:grove
-10000	-4500	1000	3000	-1100	300	-7799	-3750	10000	10000	7666	9333	0	minecraft:grove
-10000	-4500	1000	3000	300	10000	-7799	-3750	0	0	7666	9333	0	minecraft:grove
-10000	-4500	1000	3000	300	10000	-7799	-3750	10000	10000	7666	9333	0	minecraft:grove
-10000	-4500	1000	3000	-1900	300	-3750	500	0	0	7666	9333	0	minecraft:snowy_taiga
-10000	-4500	1000	3000	-1900	300	-3750	500	10000	10000	7666	9333	0	minecraft:snowy_taiga
-10000	-4500	1000	3000	300	10000	-3750	-2225	0	0	7666	9333	0	minecraft:snowy_taiga
-10000	-4500	1000	3000	300	10000	-3750	-2225	10000	10000	7666	9333	0	minecraft:snowy_taiga
-10000	-4500	1000	3000	300	3000	-2225	500	0	0	7666	9333	0	minecraft:snowy_taiga
-10000	-4500	1000	3000	300	3000	-2225	500	10000	10000	7666	9333	0	minecraft:snowy_taiga
-10000	-4500	1000	3000	3000	10000	-2225	500	0	0	7666	9333	0	minecraft:snowy_taiga
-10000	-4500	1000	3000	3000	10000	-2225	500	10000	10000	7666	9333	0	minecraft:snowy_taiga
-10000	-4500	1000	3000	-1900	10000	500	4500	0	0	7666	9333	0	minecraft:snowy_taiga
-10000	-4500	1000	3000	-1900	10000	500	4500	10000	10000	7666	9333	0	minecraft:snowy_taiga
-10000	-4500	1000	3000	-1900	300	4500	5500	0	0	7666	9333	0	minecraft:snowy_taiga
-10000	-4500	1000	3000	-1900	300	4500	5500	10000	10000	7666	9333	0	minecraft:snowy_taiga
-10000	-4500	1000	3000	300	10000	4500	5500	0	0	7666	9333	0	minecraft:windswept_forest
-10000	-4500	1000	3000	300	10000	4500	5500	10000	10000	7666	9333	0	minecraft:windswept_forest
-10000	-4500	1000	3000	-1900	10000	5500	10000	0	0	7666	9333	0	minecraft:snowy_taiga
-10000	-4500	1000	3000	-1900	10000	5500	10000	10000	10000	7666	9333	0	minecraft:snowy_taiga
-10000	-4500	3000	10000	-1900	-1100	-10000	-3750	0	0	7666	9333	0	minecraft:taiga
-10000	-4500	3000	10000	-1900	-1100	-10000	-3750	10000	10000	7666	9333	0	minecraft:taiga
-10000	-4500	3000	10000	-1100	300	-10000	-7799	0	0	7666	9333	0	minecraft:grove
-10000	-4500	3000	10000	-1100	300	-10000	-7799	10000	10000	7666	9333	0	minecraft:grove
-10000	-4500	3000	10000	300	10000	-10000	-7799	0	0	7666	9333	0	minecraft:frozen_peaks
-10000	-4500	3000	10000	300	10000	-10000	-7799	10000	10000	7666	9333	0	minecraft:frozen_peaks
-10000	-4500	3000	10000	-1100	300	-7799	-3750	0	0	7666	9333	0	minecraft:grove
-10000	-4500	3000	10000	-1100	300	-7799	-3750	10000	10000	7666	9333	0	minecraft:grove
-10000	-4500	3000	10000	300	10000	-7799	-3750	0	0	7666	9333	0	minecraft:grove
-10000	-4500	3000	10000	300	10000	-7799	-3750	10000	10000	7666	9333	0	minecraft:grove
-10000	-4500	3000	10000	-1900	300	-3750	500	0	0	7666	9333	0	minecraft:taiga
-10000	-4500	3000	10000	-1900	300	-3750	500	10000	10000	7666	9333	0	minecraft:taiga
-10000	-4500	3000	10000	300	10000	-3750	-2225	0	0	7666	9333	0	minecraft:snowy_taiga
-10000	-4500	3000	10000	300	10000	-3750	-2225	10000	10000	7666	9333	0	minecraft:snowy_taiga
-10000	-4500	3000	10000	300	3000	-2225	500	0	0	7666	9333	0	minecraft:taiga
-10000	-4500	3000	10000	300	3000	-2225	500	10000	10000	7666	9333	0	minecraft:taiga
-10000	-4500	3000	10000	3000	10000	-2225	500	0	0	7666	9333	0	minecraft:snowy_taiga
-10000	-4500	3000	10000	3000	10000	-2225	500	10000	10000	7666	9333	0	minecraft:snowy_taiga
-10000	-4500	3000	10000	-1900	10000	500	4500	0	0	7666	9333	0	minecraft:taiga
-10000	-4500	3000	10000	-1900	10000	500	4500	10000	10000	7666	9333	0	minecraft:taiga
-10000	-4500	3000	10000	-1900	300	4500	5500	0	0	7666	9333	0	minecraft:taiga
-10000	-4500	3000	10000	-1900	300	4500	5500	10000	10000	7666	9333	0	minecraft:taiga
-10000	-4500	3000	10000	300	10000	4500	5500	0	0	7666	9333	0	minecraft:windswept_forest
-10000	-4500	3000	10000	300	10000	4500	5500	10000	10000	7666	9333	0	minecraft:windswept_forest
-10000	-4500	3000	10000	-1900	10000	5500	10000	0	0	7666	9333	0	minecraft:taiga
-10000	-4500	3000	10000	-1900	10000	5500	10000	10000	10000	7666	9333	0	minecraft:taiga
-4500	-1500	-10000	-3500	-1900	-1100	-10000	-3750	0	0	7666	9333	0	minecraft:plains
-4500	-1500	-10000	-3500	-1900	-1100	-10000	-3750	10000	10000	7666	9333	0	minecraft:plains
-4500	-1500	-10000	-3500	-1100	300	-10000	-7799	0	0	7666	9333	0	minecraft:snowy_slopes
-4500	-1500	-10000	-3500	-1100	300	-10000	-7799	10000	10000	7666	9333	0	minecraft:snowy_slopes
-4500	-1500	-10000	-3500	300	10000	-10000	-7799	0	0	7666	9333	0	minecraft:frozen_peaks
-4500	-1500	-10000	-3500	300	10000	-10000	-7799	10000	10000	7666	9333	0	minecraft:frozen_peaks
-4500	-1500	-10000	-3500	-1100	300	-7799	-3750	0	0	7666	9333	0	minecraft:plains
-4500	-1500	-10000	-3500	-1100	300	-7799	-3750	10000	10000	7666	9333	0	minecraft:plains
-4500	-1500	-10000	-3500	300	10000	-7799	-3750	0	0	7666	9333	0	minecraft:snowy_slopes
-4500	-1500	-10000	-3500	300	10000	-7799	-3750	10000	10000	7666	9333	0	minecraft:snowy_slopes
-4500	-1500	-10000	-3500	-1900	300	-3750	500	0	0	7666	9333	0	minecraft:plains
-4500	-1500	-10000	-3500	-1900	300	-3750	500	10000	10000	7666	9333	0	minecraft:plains
-4500	-1500	-10000	-3500	300	10000	-3750	-2225	0	0	7666	9333	0	minecraft:cherry_grove
-4500	-1500	-10000	-3500	300	10000	-3750	-2225	10000	10000	7666	9333	0	minecraft:cherry_grove
-4500	-1500	-10000	-3500	300	3000	-2225	500	0	0	7666	9333	0	minecraft:plains
-4500	-1500	-10000	-3500	300	3000	-2225	500	10000	10000	7666	9333	0	minecraft:plains
-4500	-1500	-10000	-3500	3000	10000	-2225	500	0	0	7666	9333	0	minecraft:cherry_grove
-4500	-1500	-10000	-3500	3000	10000	-2225	500	10000	10000	7666	9333	0	minecraft:cherry_grove
-4500	-1500	-10000	-3500	-1900	10000	500	4500	0	0	7666	9333	0	minecraft:plains
-4500	-1500	-10000	-3500	-1900	10000	500	4500	10000	10000	7666	9333	0	minecraft:plains
-4500	-1500	-10000	-3500	-1900	300	4500	5500	0	0	7666	9333	0	minecraft:plains
-4500	-1500	-10000	-3500	-1900	300	4500	5500	10000	10000	7666	9333	0	minecraft:plains
-4500	-1500	-10000	-3500	300	10000	4500	5500	0	0	7666	9333	0	minecraft:windswept_gravelly_hills
-4500	-1500	-10000	-3500	300	10000	4500	5500	10000	10000	7666	9333	0	minecraft:windswept_gravelly_hills
-4500	-1500	-10000	-3500	-1900	10000	5500	10000	0	0	7666	9333	0	minecraft:plains
-4500	-1500	-10000	-3500	-1900	10000	5500	10000	10000	10000	7666	9333	0	minecraft:plains
-4500	-1500	-3500	-1000	-1900	-1100	-10000	-3750	0	0	7666	9333	0	minecraft:plains
-4500	-1500	-3500	-1000	-1900	-1100	-10000	-3750	10000	10000	7666	9333	0	minecraft:plains
-4500	-1500	-3500	-1000	-1100	300	-10000	-7799	0	0	7666	9333	0	minecraft:snowy_slopes
-4500	-1500	-3500	-1000	-1100	300	-10000	-7799	10000	10000	7666	9333	0	minecraft:snowy_slopes
-4500	-1500	-3500	-1000	300	10000	-10000	-7799	0	0	7666	9333	0	minecraft:frozen_peaks
-4500	-1500	-3500	-1000	300	10000	-10000	-7799	10000	10000	7666	9333	0	minecraft:frozen_peaks
-4500	-1500	-3500	-1000	-1100	300	-7799	-3750	0	0	7666	9333	0	minecraft:plains
-4500	-1500	-3500	-1000	-1100	300	-7799	-3750	10000	10000	7666	9333	0	minecraft:plains
-4500	-1500	-3500	-1000	300	10000	-7799	-3750	0	0	7666	9333	0	minecraft:snowy_slopes
-4500	-1500	-3500	-1000	300	10000	-7799	-3750	10000	10000	7666	9333	0	minecraft:snowy_slopes
-4500	-1500	-3500	-1000	-1900	300	-3750	500	0	0	7666	9333	0	minecraft:plains
-4500	-1500	-3500	-1000	-1900	300	-3750	500	10000	10000	7666	9333	0	minecraft:plains
-4500	-1500	-3500	-1000	300	10000	-3750	-2225	0	0	7666	9333	0	minecraft:meadow
-4500	-1500	-3500	-1000	300	10000	-3750	-2225	10000	10000	7666	9333	0	minecraft:meadow
-4500	-1500	-3500	-1000	300	3000	-2225	500	0	0	7666	9333	0	minecraft:plains
-4500	-1500	-3500	-1000	300	3000	-2225	500	10000	10000	7666	9333	0	minecraft:plains
-4500	-1500	-3500	-1000	3000	10000	-2225	500	0	0	7666	9333	0	minecraft:meadow
-4500	-1500	-3500	-1000	3000	10000	-2225	500	10000	10000	7666	9333	0	minecraft:meadow
-4500	-1500	-3500	-1000	-1900	10000	500	4500	0	0	7666	9333	0	minecraft:plains
-4500	-1500	-3500	-1000	-1900	10000	500	4500	10000	10000	7666	9333	0	minecraft:plains
-4500	-1500	-3500	-1000	-1900	300	4500	5500	0	0	7666	9333	0	minecraft:plains
-4500	-1500	-3500	-1000	-1900	300	4500	5500	10000	10000	7666	9333	0	minecraft:plains
-4500	-1500	-3500	-1000	300	10000	4500	5500	0	0	7666	9333	0	minecraft:windswept_gravelly_hills
-4500	-1500	-3500	-1000	300	10000	4500	5500	10000	10000	7666	9333	0	minecraft:windswept_gravelly_hills
-4500	-1500	-3500	-1000	-1900	10000	5500	10000	0	0	7666	9333	0	minecraft:plains
-4500	-1500	-3500	-1000	-1900	10000	5500	10000	10000	10000	7666	9333	0	minecraft:plains
-4500	-1500	-1000	1000	-1900	-1100	-10000	-3750	0	0	7666	9333	0	minecraft:forest
-4500	-1500	-1000	1000	-1900	-1100	-10000	-3750	10000	10000	7666	9333	0	minecraft:forest
-4500	-1500	-1000	1000	-1100	300	-10000	-7799	0	0	7666	9333	0	minecraft:grove
-4500	-1500	-1000	1000	-1100	300	-10000	-7799	10000	10000	7666	9333	0	minecraft:grove
-4500	-1500	-1000	1000	300	10000	-10000	-7799	0	0	7666	9333	0	minecraft:frozen_peaks
-4500	-1500	-1000	1000	300	10000	-10000	-7799	10000	10000	7666	9333	0	minecraft:frozen_peaks
-4500	-1500	-1000	1000	-1100	300	-7799	-3750	0	0	7666	9333	0	minecraft:forest
-4500	-1500	-1000	1000	-1100	300	-7799	-3750	10000	10000	7666	9333	0	minecraft:forest
-4500	-1500	-1000	1000	300	10000	-7799	-3750	0	0	7666	9333	0	minecraft:grove
-4500	-1500	-1000	1000	300	10000	-7799	-3750	10000	10000	7666	9333	0	minecraft:grove
-4500	-1500	-1000	1000	-1900	300	-3750	500	0	0	7666	9333	0	minecraft:forest
-4500	-1500	-1000	1000	-1900	300	-3750	500	10000	10000	7666	9333	0	minecraft:forest
-4500	-1500	-1000	1000	300	10000	-3750	-2225	0	0	7666	9333	0	minecraft:meadow
-4500	-1500	-1000	1000	300	10000	-3750	-2225	10000	10000	7666	9333	0	minecraft:meadow
-4500	-1500	-1000	1000	300	3000	-2225	500	0	0	7666	9333	0	minecraft:forest
-4500	-1500	-1000	1000	300	3000	-2225	500	10000	10000	7666	9333	0	minecraft:forest
-4500	-1500	-1000	1000	3000	10000	-2225	500	0	0	7666	9333	0	minecraft:meadow
-4500	-1500	-1000	1000	3000	10000	-2225	500	10000	10000	7666	9333	0	minecraft:meadow
-4500	-1500	-1000	1000	-1900	10000	500	4500	0	0	7666	9333	0	minecraft:forest
-4500	-1500	-1000	1000	-1900	10000	500	4500	10000	10000	7666	9333	0	minecraft:forest
-4500	-1500	-1000	1000	-1900	300	4500	5500	0	0	7666	9333	0	minecraft:forest
-4500	-1500	-1000	1000	-1900	300	4500	5500	10000	10000	7666	9333	0	minecraft:forest
-4500	-1500	-1000	1000	300	10000	4500	5500	0	0	7666	9333	0	minecraft:windswept_hills
-4500	-1500	-1000	1000	300	10000	4500	5500	10000	10000	7666	9333	0	minecraft:windswept_hills
-4500	-1500	-1000	1000	-1900	10000	5500	10000	0	0	7666	9333	0	minecraft:forest
-4500	-1500	-1000	1000	-1900	10000	5500	10000	10000	10000	7666	9333	0	minecraft:forest
-4500	-1500	1000	3000	-1900	-1100	-10000	-3750	0	0	7666	9333	0	minecraft:taiga
-4500	-1500	1000	3000	-1900	-1100	-10000	-3750	10000	10000	7666	9333	0	minecraft:taiga
-4500	-1500	1000	3000	-1100	300	-10000	-7799	0	0	7666	9333	0	minecraft:grove
-4500	-1500	1000	3000	-1100	300	-10000	-7799	10000	10000	7666	9333	0	minecraft:grove
-4500	-1500	1000	3000	300	10000	-10000	-7799	0	0	7666	9333	0	minecraft:frozen_peaks
-4500	-1500	1000	3000	300	10000	-10000	-7799	10000	10000	7666	9333	0	minecraft:frozen_peaks
-4500	-1500	1000	3000	-1100	300	-7799	-3750	0	0	7666	9333	0	minecraft:taiga
-4500	-1500	1000	3000	-1100	300	-7799	-3750	10000	10000	7666	9333	0	minecraft:taiga
-4500	-1500	1000	3000	300	10000	-7799	-3750	0	0	7666	9333	0	minecraft:grove
-4500	-1500	1000	3000	300	10000	-7799	-3750	10000	10000	7666	9333	0	minecraft:grove
-4500	-1500	1000	3000	-1900	300	-3750	500	0	0	7666	9333	0	minecraft:taiga
-4500	-1500	1000	3000	-1900	300	-3750	500	10000	10000	7666	9333	0	minecraft:taiga
-4500	-1500	1000	3000	300	10000	-3750	-2225	0	0	7666	9333	0	minecraft:meadow
-4500	-1500	1000	3000	300	10000	-3750	-2225	10000	10000	7666	9333	0	minecraft:meadow
-4500	-1500	1000	3000	300	3000	-2225	500	0	0	7666	9333	0	minecraft:taiga
-4500	-1500	1000	3000	300	3000	-2225	500	10000	10000	7666	9333	0	minecraft:taiga
-4500	-1500	1000	3000	3000	10000	-2225	500	0	0	7666	9333	0	minecraft:meadow
-4500	-1500	1000	3000	3000	10000	-2225	500	10000	10000	7666	9333	0	minecraft:meadow
-4500	-1500	1000	3000	-1900	10000	500	4500	0	0	7666	9333	0	minecraft:taiga
-4500	-1500	1000	3000	-1900	10000	500	4500	10000	10000	7666	9333	0	minecraft:taiga
-4500	-1500	1000	3000	-1900	300	4500	5500	0	0	7666	9333	0	minecraft:taiga
-4500	-1500	1000	3000	-1900	300	4500	5500	10000	10000	7666	9333	0	minecraft:taiga
-4500	-1500	1000	3000	300	10000	4500	5500	0	0	7666	9333	0	minecraft:windswept_forest
-4500	-1500	1000	3000	300	10000	4500	5500	10000	10000	7666	9333	0	minecraft:windswept_forest
-4500	-1500	1000	3000	-1900	10000	5500	10000	0	0	7666	9333	0	minecraft:taiga
-4500	-1500	1000	3000	-1900	10000	5500	10000	10000	10000	7666	9333	0	minecraft:taiga
-4500	-1500	3000	10000	-1900	-1100	-10000	-3750	0	0	7666	9333	0	minecraft:old_growth_pine_taiga
-4500	-1500	3000	10000	-1900	-1100	-10000	-3750	10000	10000	7666	9333	0	minecraft:old_growth_pine_taiga
-4500	-1500	3000	10000	-1100	300	-10000	-7799	0	0	7666	9333	0	minecraft:grove
-4500	-1500	3000	10000	-1100	300	-10000	-7799	10000	10000	7666	9333	0	minecraft:grove
-4500	-1500	3000	10000	300	10000	-10000	-7799	0	0	7666	9333	0	minecraft:frozen_peaks
-4500	-1500	3000	10000	300	10000	-10000	-7799	10000	10000	7666	9333	0	minecraft:frozen_peaks
-4500	-1500	3000	10000	-1100	300	-7799	-3750	0	0	7666	9333	0	minecraft:old_growth_pine_taiga
-4500	-1500	3000	10000	-1100	300	-7799	-3750	10000	10000	7666	9333	0	minecraft:old_growth_pine_taiga
-4500	-1500	3000	10000	300	10000	-7799	-3750	0	0	7666	9333	0	minecraft:grove
-4500	-1500	3000	10000	300	10000	-7799	-3750	10000	10000	7666	9333	0	minecraft:grove
-4500	-1500	3000	10000	-1900	300	-3750	500	0	0	7666	9333	0	minecraft:old_growth_pine_taiga
-4500	-1500	3000	10000	-1900	300	-3750	500	10000	10000	7666	9333	0	minecraft:old_growth_pine_taiga
-4500	-1500	3000	10000	300	10000	-3750	-2225	0	0	7666	9333	0	minecraft:old_growth_pine_taiga
-4500	-1500	3000	10000	300	10000	-3750	-2225	10000	10000	7666	9333	0	minecraft:old_growth_pine_taiga
-4500	-1500	3000	10000	300	3000	-2225	500	0	0	7666	9333	0	minecraft:old_growth_pine_taiga
-4500	-1500	3000	10000	300	3000	-2225	500	10000	10000	7666	9333	0	minecraft:old_growth_pine_taiga
-4500	-1500	3000	10000	3000	10000	-2225	500	0	0	7666	9333	0	minecraft:old_growth_pine_taiga
-4500	-1500	3000	10000	3000	10000	-2225	500	10000	10000	7666	9333	0	minecraft:old_growth_pine_taiga
-4500	-1500	3000	10000	-1900	10000	500	4500	0	0	7666	9333	0	minecraft:old_growth_pine_taiga
-4500	-1500	3000	10000	-1900	10000	500	4500	10000	10000	7666	9333	0	minecraft:old_growth_pine_taiga
-4500	-1500	3000	10000	-1900	300	4500	5500	0	0	7666	9333	0	minecraft:old_growth_pine_taiga
-4500	-1500	3000	10000	-1900	300	4500	5500	10000	10000	7666	9333	0	minecraft:old_growth_pine_taiga
-4500	-1500	3000	10000	300	10000	4500	5500	0	0	7666	9333	0	minecraft:windswept_forest
-4500	-1500	3000	10000	300	10000	4500	5500	10000	10000	7666	9333	0	minecraft:windswept_forest
-4500	-1500	3000	10000	-1900	10000	5500	10000	0	0	7666	9333	0	minecraft:old_growth_pine_taiga
-4500	-1500	3000	10000	-1900	10000	5500	10000	10000	10000	7666	9333	0	minecraft:old_growth_pine_taiga
-1500	2000	-10000	-3500	-1900	-1100	-10000	-3750	0	0	7666	9333	0	minecraft:sunflower_plains
-1500	2000	-10000	-3500	-1900	-1100	-10000	-3750	10000	10000	7666	9333	0	minecraft:sunflower_plains
-1500	2000	-10000	-3500	-1100	300	-10000	-7799	0	0	7666	9333	0	minecraft:snowy_slopes
-1500	2000	-10000	-3500	-1100	300	-10000	-7799	10000	10000	7666	9333	0	minecraft:snowy_slopes
-1500	2000	-10000	-3500	300	10000	-10000	-7799	0	0	7666	9333	0	minecraft:frozen_peaks
-1500	2000	-10000	-3500	300	10000	-10000	-7799	10000	10000	7666	9333	0	minecraft:frozen_peaks
-1500	2000	-10000	-3500	-1100	300	-7799	-3750	0	0	7666	9333	0	minecraft:sunflower_plains
-1500	2000	-10000	-3500	-1100	300	-7799	-3750	10000	10000	7666	9333	0	minecraft:sunflower_plains
-1500	2000	-10000	-3500	300	10000	-7799	-3750	0	0	7666	9333	0	minecraft:snowy_slopes
-1500	2000	-10000	-3500	300	10000	-7799	-3750	10000	10000	7666	9333	0	minecraft:snowy_slopes
-1500	2000	-10000	-3500	-1900	300	-3750	500	0	0	7666	9333	0	minecraft:sunflower_plains
-1500	2000	-10000	-3500	-1900	300	-3750	500	10000	10000	7666	9333	0	minecraft:sunflower_plains
-1500	2000	-10000	-3500	300	10000	-3750	-2225	0	0	7666	9333	0	minecraft:cherry_grove
-1500	2000	-10000	-3500	300	10000	-3750	-2225	10000	10000	7666	9333	0	minecraft:cherry_grove
-1500	2000	-10000	-3500	300	3000	-2225	500	0	0	7666	9333	0	minecraft:sunflower_plains
-1500	2000	-10000	-3500	300	3000	-2225	500	10000	10000	7666	9333	0	minecraft:sunflower_plains
-1500	2000	-10000	-3500	3000	10000	-2225	500	0	0	7666	9333	0	minecraft:cherry_grove
-1500	2000	-10000	-3500	3000	10000	-2225	500	10000	10000	7666	9333	0	minecraft:cherry_grove
-1500	2000	-10000	-3500	-1900	10000	500	4500	0	0	7666	9333	0	minecraft:sunflower_plains
-1500	2000	-10000	-3500	-1900	10000	500	4500	10000	10000	7666	9333	0	minecraft:sunflower_plains
-1500	2000	-10000	-3500	-1900	300	4500	5500	0	0	7666	9333	0	minecraft:windswept_savanna
-1500	2000	-10000	-3500	-1900	300	4500	5500	10000	10000	7666	9333	0	minecraft:windswept_savanna
-1500	2000	-10000	-3500	300	10000	4500	5500	0	0	7666	9333	0	minecraft:windswept_hills
-1500	2000	-10000	-3500	300	10000	4500	5500	10000	10000	7666	9333	0	minecraft:windswept_hills
-1500	2000	-10000	-3500	-1900	10000	5500	10000	0	0	7666	9333	0	minecraft:sunflower_plains
-1500	2000	-10000	-3500	-1900	10000	5500	10000	10000	10000	7666	9333	0	minecraft:sunflower_plains
-1500	2000	-3500	-1000	-1900	-1100	-10000	-3750	0	0	7666	9333	0	minecraft:plains
-1500	2000	-3500	-1000	-1900	-1100	-10000	-3750	10000	10000	7666	9333	0	minecraft:plains
-1500	2000	-3500	-1000	-1100	300	-10000	-7799	0	0	7666	9333	0	minecraft:snowy_slopes
-1500	2000	-3500	-1000	-1100	300	-10000	-7799	10000	10000	7666	9333	0	minecraft:snowy_slopes
-1500	2000	-3500	-1000	300	10000	-10000	-7799	0	0	7666	9333	0	minecraft:frozen_peaks
-1500	2000	-3500	-1000	300	10000	-10000	-7799	10000	10000	7666	9333	0	minecraft:frozen_peaks
-1500	2000	-3500	-1000	-1100	300	-7799	-3750	0	0	7666	9333	0	minecraft:plains
-1500	2000	-3500	-1000	-1100	300	-7799	-3750	10000	10000	7666	9333	0	minecraft:plains
-1500	2000	-3500	-1000	300	10000	-7799	-3750	0	0	7666	9333	0	minecraft:snowy_slopes
-1500	2000	-3500	-1000	300	10000	-7799	-3750	10000	10000	7666	9333	0	minecraft:snowy_slopes
-1500	2000	-3500	-1000	-1900	300	-3750	500	0	0	7666	9333	0	minecraft:plains
-1500	2000	-3500	-1000	-1900	300	-3750	500	10000	10000	7666	9333	0	minecraft:plains
-1500	2000	-3500	-1000	300	10000	-3750	-2225	0	0	7666	9333	0	minecraft:cherry_grove
-1500	2000	-3500	-1000	300	10000	-3750	-2225	10000	10000	7666	9333	0	minecraft:cherry_grove
-1500	2000	-3500	-1000	300	3000	-2225	500	0	0	7666	9333	0	minecraft:plains
-1500	2000	-3500	-1000	300	3000	-2225	500	10000	10000	7666	9333	0	minecraft:plains
-1500	2000	-3500	-1000	3000	10000	-2225	500	0	0	7666	9333	0	minecraft:cherry_grove
-1500	2000	-3500	-1000	3000	10000	-2225	500	10000	10000	7666	9333	0	minecraft:cherry_grove
-1500	2000	-3500	-1000	-1900	10000	500	4500	0	0	7666	9333	0	minecraft:plains
-1500	2000	-3500	-1000	-1900	10000	500	4500	10000	10000	7666	9333	0	minecraft:plains
-1500	2000	-3500	-1000	-1900	300	4500	5500	0	0	7666	9333	0	minecraft:windswept_savanna
-1500	2000	-3500	-1000	-1900	300	4500	5500	10000	10000	7666	9333	0	minecraft:windswept_savanna
-1500	2000	-3500	-1000	300	10000	4500	5500	0	0	7666	9333	0	minecraft:windswept_hills
-1500	2000	-3500	-1000	300	10000	4500	5500	10000	10000	7666	9333	0	minecraft:windswept_hills
-1500	2000	-3500	-1000	-1900	10000	5500	10000	0	0	7666	9333	0	minecraft:plains
-1500	2000	-3500	-1000	-1900	10000	5500	10000	10000	10000	7666	9333	0	minecraft:plains
-1500	2000	-1000	1000	-1900	-1100	-10000	-3750	0	0	7666	9333	0	minecraft:forest
-1500	2000	-1000	1000	-1900	-1100	-10000	-3750	10000	10000	7666	9333	0	minecraft:forest
-1500	2000	-1000	1000	-1100	300	-10000	-7799	0	0	7666	9333	0	minecraft:grove
-1500	2000	-1000	1000	-1100	300	-10000	-7799	10000	10000	7666	9333	0	minecraft:grove
-1500	2000	-1000	1000	300	10000	-10000	-7799	0	0	7666	9333	0	minecraft:frozen_peaks
-1500	2000	-1000	1000	300	10000	-10000	-7799	10000	10000	7666	9333	0	minecraft:frozen_peaks
-1500	2000	-1000	1000	-1100	300	-7799	-3750	0	0	7666	9333	0	minecraft:forest
-1500	2000	-1000	1000	-1100	300	-7799	-3750	10000	10000	7666	9333	0	minecraft:forest
-1500	2000	-1000	1000	300	10000	-7799	-3750	0	0	7666	9333	0	minecraft:grove
-1500	2000	-1000	1000	300	10000	-7799	-3750	10000	10000	7666	9333	0	minecraft:grove
-1500	2000	-1000	1000	-1900	300	-3750	500	0	0	7666	9333	0	minecraft:forest
-1500	2000	-1000	1000	-1900	300	-3750	500	10000	10000	7666	9333	0	minecraft:forest
-1500	2000	-1000	1000	300	10000	-3750	-2225	0	0	7666	9333	0	minecraft:forest
-1500	2000	-1000	1000	300	10000	-3750	-2225	10000	10000	7666	9333	0	minecraft:forest
-1500	2000	-1000	1000	300	3000	-2225	500	0	0	7666	9333	0	minecraft:forest
-1500	2000	-1000	1000	300	3000	-2225	500	10000	10000	7666	9333	0	minecraft:forest
-1500	2000	-1000	1000	3000	10000	-2225	500	0	0	7666	9333	0	minecraft:forest
-1500	2000	-1000	1000	3000	10000	-2225	500	10000	10000	7666	9333	0	minecraft:forest
-1500	2000	-1000	1000	-1900	10000	500	4500	0	0	7666	9333	0	minecraft:forest
-1500	2000	-1000	1000	-1900	10000	500	4500	10000	10000	7666	9333	0	minecraft:forest
-1500	2000	-1000	1000	-1900	300	4500	5500	0	0	7666	9333	0	minecraft:windswept_savanna
-1500	2000	-1000	1000	-1900	300	4500	5500	10000	10000	7666	9333	0	minecraft:windswept_savanna
-1500	2000	-1000	1000	300	10000	4500	5500	0	0	7666	9333	0	minecraft:windswept_hills
-1500	2000	-1000	1000	300	10000	4500	5500	10000	10000	7666	9333	0	minecraft:windswept_hills
-1500	2000	-1000	1000	-1900	10000	5500	10000	0	0	7666	9333	0	minecraft:forest
-1500	2000	-1000	1000	-1900	10000	5500	10000	10000	10000	7666	9333	0	minecraft:forest
-1500	2000	1000	3000	-1900	-1100	-10000	-3750	0	0	7666	9333	0	minecraft:old_growth_birch_forest
-1500	2000	1000	3000	-1900	-1100	-10000	-3750	10000	10000	7666	9333	0	minecraft:old_growth_birch_forest
-1500	2000	1000	3000	-1100	300	-10000	-7799	0	0	7666	9333	0	minecraft:grove
-1500	2000	1000	3000	-1100	300	-10000	-7799	10000	10000	7666	9333	0	minecraft:grove
-1500	2000	1000	3000	300	10000	-10000	-7799	0	0	7666	9333	0	minecraft:frozen_peaks
-1500	2000	1000	3000	300	10000	-10000	-7799	10000	10000	7666	9333	0	minecraft:frozen_peaks
-1500	2000	1000	3000	-1100	300	-7799	-3750	0	0	7666	9333	0	minecraft:old_growth_birch_forest
-1500	2000	1000	3000	-1100	300	-7799	-3750	10000	10000	7666	9333	0	minecraft:old_growth_birch_forest
-1500	2000	1000	3000	300	10000	-7799	-3750	0	0	7666	9333	0	minecraft:grove
-1500	2000	1000	3000	300	10000	-7799	-3750	10000	10000	7666	9333	0	minecraft:grove
-1500	2000	1000	3000	-1900	300	-3750	500	0	0	7666	9333	0	minecraft:old_growth_birch_forest
-1500	2000	1000	3000	-1900	300	-3750	500	10000	10000	7666	9333	0	minecraft:old_growth_birch_forest
-1500	2000	1000	3000	300	10000	-3750	-2225	0	0	7666	9333	0	minecraft:birch_forest
-1500	2000	1000	3000	300	10000	-3750	-2225	10000	10000	7666	9333	0	minecraft:birch_forest
-1500	2000	1000	3000	300	3000	-2225	500	0	0	7666	9333	0	minecraft:old_growth_birch_forest
-1500	2000	1000	3000	300	3000	-2225	500	10000	10000	7666	9333	0	minecraft:old_growth_birch_forest
-1500	2000	1000	3000	3000	10000	-2225	500	0	0	7666	9333	0	minecraft:birch_forest
-1500	2000	1000	3000	3000	10000	-2225	500	10000	10000	7666	9333	0	minecraft:birch_forest
-1500	2000	1000	3000	-1900	10000	500	4500	0	0	7666	9333	0	minecraft:old_growth_birch_forest
-1500	2000	1000	3000	-1900	10000	500	4500	10000	10000	7666	9333	0	minecraft:old_growth_birch_forest
-1500	2000	1000	3000	-1900	300	4500	5500	0	0	7666	9333	0	minecraft:windswept_savanna
-1500	2000	1000	3000	-1900	300	4500	5500	10000	10000	7666	9333	0	minecraft:windswept_savanna
-1500	2000	1000	3000	300	10000	4500	5500	0	0	7666	9333	0	minecraft:windswept_forest
-1500	2000	1000	3000	300	10000	4500	5500	10000	10000	7666	9333	0	minecraft:windswept_forest
-1500	2000	1000	3000	-1900	10000	5500	10000	0	0	7666	9333	0	minecraft:old_growth_birch_forest
-1500	2000	1000	3000	-1900	10000	5500	10000	10000	10000	7666	9333	0	minecraft:old_growth_birch_forest
-1500	2000	3000	10000	-1900	-1100	-10000	-3750	0	0	7666	9333	0	minecraft:dark_forest
-1500	2000	3000	10000	-1900	-1100	-10000	-3750	10000	10000	7666	9333	0	minecraft:dark_forest
-1500	2000	3000	10000	-1100	300	-10000	-7799	0	0	7666	9333	0	minecraft:grove
-1500	2000	3000	10000	-1100	300	-10000	-7799	10000	10000	7666	9333	0	minecraft:grove
-1500	2000	3000	10000	300	10000	-10000	-7799	0	0	7666	9333	0	minecraft:frozen_peaks
-1500	2000	3000	10000	300	10000	-10000	-7799	10000	10000	7666	9333	0	minecraft:frozen_peaks
-1500	2000	3000	10000	-1100	300	-7799	-3750	0	0	7666	9333	0	minecraft:dark_forest
-1500	2000	3000	10000	-1100	300	-7799	-3750	10000	10000	7666	9333	0	minecraft:dark_forest
-1500	2000	3000	10000	300	10000	-7799	-3750	0	0	7666	9333	0	minecraft:grove
-1500	2000	3000	10000	300	10000	-7799	-3750	10000	10000	7666	9333	0	minecraft:grove
-1500	2000	3000	10000	-1900	300	-3750	500	0	0	7666	9333	0	minecraft:dark_forest
-1500	2000	3000	10000	-1900	300	-3750	500	10000	10000	7666	9333	0	minecraft:dark_forest
-1500	2000	3000	10000	300	10000	-3750	-2225	0	0	7666	9333	0	minecraft:pale_garden
-1500	2000	3000	10000	300	10000	-3750	-2225	10000	10000	7666	9333	0	minecraft:pale_garden
-1500	2000	3000	10000	300	3000	-2225	500	0	0	7666	9333	0	minecraft:dark_forest
-1500	2000	3000	10000	300	3000	-2225	500	10000	10000	7666	9333	0	minecraft:dark_forest
-1500	2000	3000	10000	3000	10000	-2225	500	0	0	7666	9333	0	minecraft:pale_garden
-1500	2000	3000	10000	3000	10000	-2225	500	10000	10000	7666	9333	0	minecraft:pale_garden
-1500	2000	3000	10000	-1900	10000	500	4500	0	0	7666	9333	0	minecraft:dark_forest
-1500	2000	3000	10000	-1900	10000	500	4500	10000	10000	7666	9333	0	minecraft:dark_forest
-1500	2000	3000	10000	-1900	300	4500	5500	0	0	7666	9333	0	minecraft:dark_forest
-1500	2000	3000	10000	-1900	300	4500	5500	10000	10000	7666	9333	0	minecraft:dark_forest
-1500	2000	3000	10000	300	10000	4500	5500	0	0	7666	9333	0	minecraft:windswept_forest
-1500	2000	3000	10000	300	10000	4500	5500	10000	10000	7666	9333	0	minecraft:windswept_forest
-1500	2000	3000	10000	-1900	10000	5500	10000	0	0	7666	9333	0	minecraft:dark_forest
-1500	2000	3000	10000	-1900	10000	5500	10000	10000	10000	7666	9333	0	minecraft:dark_forest
2000	5500	-10000	-3500	-1900	-1100	-10000	-3750	0	0	7666	9333	0	minecraft:savanna
2000	5500	-10000	-3500	-1900	-1100	-10000	-3750	10000	10000	7666	9333	0	minecraft:savanna
2000	5500	-10000	-3500	-1100	300	-10000	-7799	0	0	7666	9333	0	minecraft:savanna_plateau
2000	5500	-10000	-3500	-1100	300	-10000	-7799	10000	10000	7666	9333	0	minecraft:savanna_plateau
2000	5500	-10000	-3500	300	10000	-10000	-7799	0	0	7666	9333	0	minecraft:stony_peaks
2000	5500	-10000	-3500	300	10000	-10000	-7799	10000	10000	7666	9333	0	minecraft:stony_peaks
2000	5500	-10000	-3500	-1100	300	-7799	-3750	0	0	7666	9333	0	minecraft:savanna
2000	5500	-10000	-3500	-1100	300	-7799	-3750	10000	10000	7666	9333	0	minecraft:savanna
2000	5500	-10000	-3500	300	10000	-7799	-3750	0	0	7666	9333	0	minecraft:savanna_plateau
2000	5500	-10000	-3500	300	10000	-7799	-3750	10000	10000	7666	9333	0	minecraft:savanna_plateau
2000	5500	-10000	-3500	-1900	300	-3750	500	0	0	7666	9333	0	minecraft:savanna
2000	5500	-10000	-3500	-1900	300	-3750	500	10000	10000	7666	9333	0	minecraft:savanna
2000	5500	-10000	-3500	300	10000	-3750	-2225	0	0	7666	9333	0	minecraft:savanna_plateau
2000	5500	-10000	-3500	300	10000	-3750	-2225	10000	10000	7666	9333	0	minecraft:savanna_plateau
2000	5500	-10000	-3500	300	3000	-2225	500	0	0	7666	9333	0	minecraft:savanna
2000	5500	-10000	-3500	300	3000	-2225	500	10000	10000	7666	9333	0	minecraft:savanna
2000	5500	-10000	-3500	3000	10000	-2225	500	0	0	7666	9333	0	minecraft:savanna_plateau
2000	5500	-10000	-3500	3000	10000	-2225	500	10000	10000	7666	9333	0	minecraft:savanna_plateau
2000	5500	-10000	-3500	-1900	10000	500	4500	0	0	7666	9333	0	minecraft:savanna
2000	5500	-10000	-3500	-1900	10000	500	4500	10000	10000	7666	9333	0	minecraft:savanna
2000	5500	-10000	-3500	-1900	300	4500	5500	0	0	7666	9333	0	minecraft:windswept_savanna
2000	5500	-10000	-3500	-1900	300	4500	5500	10000	10000	7666	9333	0	minecraft:windswept_savanna
2000	5500	-10000	-3500	300	10000	4500	5500	0	0	7666	9333	0	minecraft:savanna
2000	5500	-10000	-3500	300	10000	4500	5500	10000	10000	7666	9333	0	minecraft:savanna
2000	5500	-10000	-3500	-1900	10000	5500	10000	0	0	7666	9333	0	minecraft:savanna
2000	5500	-10000	-3500	-1900	10000	5500	10000	10000	10000	7666	9333	0	minecraft:savanna
2000	5500	-3500	-1000	-1900	-1100	-10000	-3750	0	0	7666	9333	0	minecraft:savanna
2000	5500	-3500	-1000	-1900	-1100	-10000	-3750	10000	10000	7666	9333	0	minecraft:savanna
2000	5500	-3500	-1000	-1100	300	-10000	-7799	0	0	7666	9333	0	minecraft:savanna_plateau
2000	5500	-3500	-1000	-1100	300	-10000	-7799	10000	10000	7666	9333	0	minecraft:savanna_plateau
2000	5500	-3500	-1000	300	10000	-10000	-7799	0	0	7666	9333	0	minecraft:stony_peaks
2000	5500	-3500	-1000	300	10000	-10000	-7799	10000	10000	7666	9333	0	minecraft:stony_peaks
2000	5500	-3500	-1000	-1100	300	-7799	-3750	0	0	7666	9333	0	minecraft:savanna
2000	5500	-3500	-1000	-1100	300	-7799	-3750	10000	10000	7666	9333	0	minecraft:savanna
2000	5500	-3500	-1000	300	10000	-7799	-3750	0	0	7666	9333	0	minecraft:savanna_plateau
2000	5500	-3500	-1000	300	10000	-7799	-3750	10000	10000	7666	9333	0	minecraft:savanna_plateau
2000	5500	-3500	-1000	-1900	300	-3750	500	0	0	7666	9333	0	minecraft:savanna
2000	5500	-3500	-1000	-1900	300	-3750	500	10000	10000	7666	9333	0	minecraft:savanna
2000	5500	-3500	-1000	300	10000	-3750	-2225	0	0	7666	9333	0	minecraft:savanna_plateau
2000	5500	-3500	-1000	300	10000	-3750	-2225	10000	10000	7666	9333	0	minecraft:savanna_plateau
2000	5500	-3500	-1000	300	3000	-2225	500	0	0	7666	9333	0	minecraft:savanna
2000	5500	-3500	-1000	300	3000	-2225	500	10000	10000	7666	9333	0	minecraft:savanna
2000	5500	-3500	-1000	3000	10000	-2225	500	0	0	7666	9333	0	minecraft:savanna_plateau
2000	5500	-3500	-1000	3000	10000	-2225	500	10000	10000	7666	9333	0	minecraft:savanna_plateau
2000	5500	-3500	-1000	-1900	10000	500	4500	0	0	7666	9333	0	minecraft:savanna
2000	5500	-3500	-1000	-1900	10000	500	4500	10000	10000	7666	9333	0	minecraft:savanna
2000	5500	-3500	-1000	-1900	300	4500	5500	0	0	7666	9333	0	minecraft:windswept_savanna
2000	5500	-3500	-1000	-1900	300	4500	5500	10000	10000	7666	9333	0	minecraft:windswept_savanna
2000	5500	-3500	-1000	300	10000	4500	5500	0	0	7666	9333	0	minecraft:savanna
2000	5500	-3500	-1000	300	10000	4500	5500	10000	10000	7666	9333	0	minecraft:savanna
2000	5500	-3500	-1000	-1900	10000	5500	10000	0	0	7666	9333	0	minecraft:savanna
2000	5500	-3500	-1000	-1900	10000	5500	10000	10000	10000	7666	9333	0	minecraft:savanna
2000	5500	-1000	1000	-1900	-1100	-10000	-3750	0	0	7666	9333	0	minecraft:plains
2000	5500	-1000	1000	-1900	-1100	-10000	-3750	10000	10000	7666	9333	0	minecraft:plains
2000	5500	-1000	1000	-1100	300	-10000	-7799	0	0	7666	9333	0	minecraft:forest
2000	5500	-1000	1000	-1100	300	-10000	-7799	10000	10000	7666	9333	0	minecraft:forest
2000	5500	-1000	1000	300	10000	-10000	-7799	0	0	7666	9333	0	minecraft:stony_peaks
2000	5500	-1000	1000	300	10000	-10000	-7799	10000	10000	7666	9333	0	minecraft:stony_peaks
2000	5500	-1000	1000	-1100	300	-7799	-3750	0	0	7666	9333	0	minecraft:plains
2000	5500	-1000	1000	-1100	300	-7799	-3750	10000	10000	7666	9333	0	minecraft:plains
2000	5500	-1000	1000	300	10000	-7799	-3750	0	0	7666	9333	0	minecraft:forest
2000	5500	-1000	1000	300	10000	-7799	-3750	10000	10000	7666	9333	0	minecraft:forest
2000	5500	-1000	1000	-1900	300	-3750	500	0	0	7666	9333	0	minecraft:plains
2000	5500	-1000	1000	-1900	300	-3750	500	10000	10000	7666	9333	0	minecraft:plains
2000	5500	-1000	1000	300	10000	-3750	-2225	0	0	7666	9333	0	minecraft:forest
2000	5500	-1000	1000	300	10000	-3750	-2225	10000	10000	7666	9333	0	minecraft:forest
2000	5500	-1000	1000	300	3000	-2225	500	0	0	7666	9333	0	minecraft:plains
2000	5500	-1000	1000	300	3000	-2225	500	10000	10000	7666	9333	0	minecraft:plains
2000	5500	-1000	1000	3000	10000	-2225	500	0	0	7666	9333	0	minecraft:forest
2000	5500	-1000	1000	3000	10000	-2225	500	10000	10000	7666	9333	0	minecraft:forest
2000	5500	-1000	1000	-1900	10000	500	4500	0	0	7666	9333	0	minecraft:plains
2000	5500	-1000	1000	-1900	10000	500	4500	10000	10000	7666	9333	0	minecraft:plains
2000	5500	-1000	1000	-1900	300	4500	5500	0	0	7666	9333	0	minecraft:windswept_savanna
2000	5500	-1000	1000	-1900	300	4500	5500	10000	10000	7666	9333	0	minecraft:windswept_savanna
2000	5500	-1000	1000	300	10000	4500	5500	0	0	7666	9333	0	minecraft:plains
2000	5500	-1000	1000	300	10000	4500	5500	10000	10000	7666	9333	0	minecraft:plains
2000	5500	-1000	1000	-1900	10000	5500	10000	0	0	7666	9333	0	minecraft:plains
2000	5500	-1000	1000	-1900	10000	5500	10000	10000	10000	7666	9333	0	minecraft:plains
2000	5500	1000	3000	-1900	-1100	-10000	-3750	0	0	7666	9333	0	minecraft:sparse_jungle
2000	5500	1000	3000	-1900	-1100	-10000	-3750	10000	10000	7666	9333	0	minecraft:sparse_jungle
2000	5500	1000	3000	-1100	300	-10000	-7799	0	0	7666	9333	0	minecraft:forest
2000	5500	1000	3000	-1100	300	-10000	-7799	10000	10000	7666	9333	0	minecraft:forest
2000	5500	1000	3000	300	10000	-10000	-7799	0	0	7666	9333	0	minecraft:stony_peaks
2000	5500	1000	3000	300	10000	-10000	-7799	10000	10000	7666	9333	0	minecraft:stony_peaks
2000	5500	1000	3000	-1100	300	-7799	-3750	0	0	7666	9333	0	minecraft:sparse_jungle
2000	5500	1000	3000	-1100	300	-7799	-3750	10000	10000	7666	9333	0	minecraft:sparse_jungle
2000	5500	1000	3000	300	10000	-7799	-3750	0	0	7666	9333	0	minecraft:forest
2000	5500	1000	3000	300	10000	-7799	-3750	10000	10000	7666	9333	0	minecraft:forest
2000	5500	1000	3000	-1900	300	-3750	500	0	0	7666	9333	0	minecraft:sparse_jungle
2000	5500	1000	3000	-1900	300	-3750	500	10000	10000	7666	9333	0	minecraft:sparse_jungle
2000	5500	1000	3000	300	10000	-3750	-2225	0	0	7666	9333	0	minecraft:forest
2000	5500	1000	3000	300	10000	-3750	-2225	10000	10000	7666	9333	0	minecraft:forest
2000	5500	1000	3000	300	3000	-2225	500	0	0	7666	9333	0	minecraft:sparse_jungle
2000	5500	1000	3000	300	3000	-2225	500	10000	10000	7666	9333	0	minecraft:sparse_jungle
2000	5500	1000	3000	3000	10000	-2225	500	0	0	7666	9333	0	minecraft:forest
2000	5500	1000	3000	3000	10000	-2225	500	10000	10000	7666	9333	0	minecraft:forest
2000	5500	1000	3000	-1900	10000	500	4500	0	0	7666	9333	0	minecraft:sparse_jungle
2000	5500	1000	3000	-1900	10000	500	4500	10000	10000	7666	9333	0	minecraft:sparse_jungle
2000	5500	1000	3000	-1900	300	4500	5500	0	0	7666	9333	0	minecraft:windswept_savanna
2000	5500	1000	3000	-1900	300	4500	5500	10000	10000	7666	9333	0	minecraft:windswept_savanna
2000	5500	1000	3000	300	10000	4500	5500	0	0	7666	9333	0	minecraft:sparse_jungle
2000	5500	1000	3000	300	10000	4500	5500	10000	10000	7666	9333	0	minecraft:sparse_jungle
2000	5500	1000	3000	-1900	10000	5500	10000	0	0	7666	9333	0	minecraft:sparse_jungle
2000	5500	1000	3000	-1900	10000	5500	10000	10000	10000	7666	9333	0	minecraft:sparse_jungle
2000	5500	3000	10000	-1900	-1100	-10000	-3750	0	0	7666	9333	0	minecraft:bamboo_jungle
2000	5500	3000	10000	-1900	-1100	-10000	-3750	10000	10000	7666	9333	0	minecraft:bamboo_jungle
2000	5500	3000	10000	-1100	300	-10000	-7799	0	0	7666	9333	0	minecraft:jungle
2000	5500	3000	10000	-1100	300	-10000	-7799	10000	10000	7666	9333	0	minecraft:jungle
2000	5500	3000	10000	300	10000	-10000	-7799	0	0	7666	9333	0	minecraft:stony_peaks
2000	5500	3000	10000	300	10000	-10000	-7799	10000	10000	7666	9333	0	minecraft:stony_peaks
2000	5500	3000	10000	-1100	300	-7799	-3750	0	0	7666	9333	0	minecraft:bamboo_jungle
2000	5500	3000	10000	-1100	300	-7799	-3750	10000	10000	7666	9333	0	minecraft:bamboo_jungle
2000	5500	3000	10000	300	10000	-7799	-3750	0	0	7666	9333	0	minecraft:jungle
2000	5500	3000	10000	300	10000	-7799	-3750	10000	10000	7666	9333	0	minecraft:jungle
2000	5500	3000	10000	-1900	300	-3750	500	0	0	7666	9333	0	minecraft:bamboo_jungle
2000	5500	3000	10000	-1900	300	-3750	500	10000	10000	7666	9333	0	minecraft:bamboo_jungle
2000	5500	3000	10000	300	10000	-3750	-2225	0	0	7666	9333	0	minecraft:jungle
2000	5500	3000	10000	300	10000	-3750	-2225	10000	10000	7666	9333	0	minecraft:jungle
2000	5500	3000	10000	300	3000	-2225	500	0	0	7666	9333	0	minecraft:bamboo_jungle
2000	5500	3000	10000	300	3000	-2225	500	10000	10000	7666	9333	0	minecraft:bamboo_jungle
2000	5500	3000	10000	3000	10000	-2225	500	0	0	7666	9333	0	minecraft:jungle
2000	5500	3000	10000	3000	10000	-2225	500	10000	10000	7666	9333	0	minecraft:jungle
2000	5500	3000	10000	-1900	10000	500	4500	0	0	7666	9333	0	minecraft:bamboo_jungle
2000	5500	3000	10000	-1900	10000	500	4500	10000	10000	7666	9333	0	minecraft:bamboo_jungle
2000	5500	3000	10000	-1900	300	4500	5500	0	0	7666	9333	0	minecraft:bamboo_jungle
2000	5500	3000	10000	-1900	300	4500	5500	10000	10000	7666	9333	0	minecraft:bamboo_jungle
2000	5500	3000	10000	300	10000	4500	5500	0	0	7666	9333	0	minecraft:bamboo_jungle
2000	5500	3000	10000	300	10000	4500	5500	10000	10000	7666	9333	0	minecraft:bamboo_jungle
2000	5500	3000	10000	-1900	10000	5500	10000	0	0	7666	9333	0	minecraft:bamboo_jungle
2000	5500	3000	10000	-1900	10000	5500	10000	10000	10000	7666	9333	0	minecraft:bamboo_jungle
5500	10000	-10000	-3500	-1900	-1100	-10000	-3750	0	0	7666	9333	0	minecraft:desert
5500	10000	-10000	-3500	-1900	-1100	-10000	-3750	10000	10000	7666	9333	0	minecraft:desert
5500	10000	-10000	-3500	-1100	300	-10000	-7799	0	0	7666	9333	0	minecraft:eroded_badlands
5500	10000	-10000	-3500	-1100	300	-10000	-7799	10000	10000	7666	9333	0	minecraft:eroded_badlands
5500	10000	-10000	-3500	300	10000	-10000	-7799	0	0	7666	9333	0	minecraft:eroded_badlands
5500	10000	-10000	-3500	300	10000	-10000	-7799	10000	10000	7666	9333	0	minecraft:eroded_badlands
5500	10000	-10000	-3500	-1100	300	-7799	-3750	0	0	7666	9333	0	minecraft:eroded_badlands
5500	10000	-10000	-3500	-1100	300	-7799	-3750	10000	10000	7666	9333	0	minecraft:eroded_badlands
5500	10000	-10000	-3500	300	10000	-7799	-3750	0	0	7666	9333	0	minecraft:eroded_badlands
5500	10000	-10000	-3500	300	10000	-7799	-3750	10000	10000	7666	9333	0	minecraft:eroded_badlands
5500	10000	-10000	-3500	-1900	300	-3750	500	0	0	7666	9333	0	minecraft:desert
5500	10000	-10000	-3500	-1900	300	-3750	500	10000	10000	7666	9333	0	minecraft:desert
5500	10000	-10000	-3500	300	10000	-3750	-2225	0	0	7666	9333	0	minecraft:eroded_badlands
5500	10000	-10000	-3500	300	10000	-3750	-2225	10000	10000	7666	9333	0	minecraft:eroded_badlands
5500	10000	-10000	-3500	300	3000	-2225	500	0	0	7666	9333	0	minecraft:eroded_badlands
5500	10000	-10000	-3500	300	3000	-2225	500	10000	10000	7666	9333	0	minecraft:eroded_badlands
5500	10000	-10000	-3500	3000	10000	-2225	500	0	0	7666	9333	0	minecraft:eroded_badlands
5500	10000	-10000	-3500	3000	10000	-2225	500	10000	10000	7666	9333	0	minecraft:eroded_badlands
5500	10000	-10000	-3500	-1900	10000	500	4500	0	0	7666	9333	0	minecraft:desert
5500	10000	-10000	-3500	-1900	10000	500	4500	10000	10000	7666	9333	0	minecraft:desert
5500	10000	-10000	-3500	-1900	300	4500	5500	0	0	7666	9333	0	minecraft:windswept_savanna
5500	10000	-10000	-3500	-1900	300	4500	5500	10000	10000	7666	9333	0	minecraft:windswept_savanna
5500	10000	-10000	-3500	300	10000	4500	5500	0	0	7666	9333	0	minecraft:desert
5500	10000	-10000	-3500	300	10000	4500	5500	10000	10000	7666	9333	0	minecraft:desert
5500	10000	-10000	-3500	-1900	10000	5500	10000	0	0	7666	9333	0	minecraft:desert
5500	10000	-10000	-3500	-1900	10000	5500	10000	10000	10000	7666	9333	0	minecraft:desert
5500	10000	-3500	-1000	-1900	-1100	-10000	-3750	0	0	7666	9333	0	minecraft:desert
5500	10000	-3500	-1000	-1900	-1100	-10000	-3750	10000	10000	7666	9333	0	minecraft:desert
5500	10000	-3500	-1000	-1100	300	-10000	-7799	0	0	7666	9333	0	minecraft:eroded_badlands
5500	10000	-3500	-1000	-1100	300	-10000	-7799	10000	10000	7666	9333	0	minecraft:eroded_badlands
5500	10000	-3500	-1000	300	10000	-10000	-7799	0	0	7666	9333	0	minecraft:eroded_badlands
5500	10000	-3500	-1000	300	10000	-10000	-7799	10000	10000	7666	9333	0	minecraft:eroded_badlands
5500	10000	-3500	-1000	-1100	300	-7799	-3750	0	0	7666	9333	0	minecraft:eroded_badlands
5500	10000	-3500	-1000	-1100	300	-7799	-3750	10000	10000	7666	9333	0	minecraft:eroded_badlands
5500	10000	-3500	-1000	300	10000	-7799	-3750	0	0	7666	9333	0	minecraft:eroded_badlands
5500	10000	-3500	-1000	300	10000	-7799	-3750	10000	10000	7666	9333	0	minecraft:eroded_badlands
5500	10000	-3500	-1000	-1900	300	-3750	500	0	0	7666	9333	0	minecraft:desert
5500	10000	-3500	-1000	-1900	300	-3750	500	10000	10000	7666	9333	0	minecraft:desert
5500	10000	-3500	-1000	300	10000	-3750	-2225	0	0	7666	9333	0	minecraft:eroded_badlands
5500	10000	-3500	-1000	300	10000	-3750	-2225	10000	10000	7666	9333	0	minecraft:eroded_badlands
5500	10000	-3500	-1000	300	3000	-2225	500	0	0	7666	9333	0	minecraft:eroded_badlands
5500	10000	-3500	-1000	300	3000	-2225	500	10000	10000	7666	9333	0	minecraft:eroded_badlands
5500	10000	-3500	-1000	3000	10000	-2225	500	0	0	7666	9333	0	minecraft:eroded_badlands
5500	10000	-3500	-1000	3000	10000	-2225	500	10000	10000	7666	9333	0	minecraft:eroded_badlands
5500	10000	-3500	-1000	-1900	10000	500	4500	0	0	7666	9333	0	minecraft:desert
5500	10000	-3500	-1000	-1900	10000	500	4500	10000	10000	7666	9333	0	minecraft:desert
5500	10000	-3500	-1000	-1900	300	4500	5500	0	0	7666	9333	0	minecraft:windswept_savanna
5500	10000	-3500	-1000	-1900	300	4500	5500	10000	10000	7666	9333	0	minecraft:windswept_savanna
5500	10000	-3500	-1000	300	10000	4500	5500	0	0	7666	9333	0	minecraft:desert
5500	10000	-3500	-1000	300	10000	4500	5500	10000	10000	7666	9333	0	minecraft:desert
5500	10000	-3500	-1000	-1900	10000	5500	10000	0	0	7666	9333	0	minecraft:desert
5500	10000	-3500	-1000	-1900	10000	5500	10000	10000	10000	7666	9333	0	minecraft:desert
5500	10000	-1000	1000	-1900	-1100	-10000	-3750	0	0	7666	9333	0	minecraft:desert
5500	10000	-1000	1000	-1900	-1100	-10000	-3750	10000	10000	7666	9333	0	minecraft:desert
5500	10000	-1000	1000	-1100	300	-10000	-7799	0	0	7666	9333	0	minecraft:badlands
5500	10000	-1000	1000	-1100	300	-10000	-7799	10000	10000	7666	9333	0	minecraft:badlands
5500	10000	-1000	1000	300	10000	-10000	-7799	0	0	7666	9333	0	minecraft:badlands
5500	10000	-1000	1000	300	10000	-10000	-7799	10000	10000	7666	9333	0	minecraft:badlands
5500	10000	-1000	1000	-1100	300	-7799	-3750	0	0	7666	9333	0	minecraft:badlands
5500	10000	-1000	1000	-1100	300	-7799	-3750	10000	10000	7666	9333	0	minecraft:badlands
5500	10000	-1000	1000	300	10000	-7799	-3750	0	0	7666	9333	0	minecraft:badlands
5500	10000	-1000	1000	300	10000	-7799	-3750	10000	10000	7666	9333	0	minecraft:badlands
5500	10000	-1000	1000	-1900	300	-3750	500	0	0	7666	9333	0	minecraft:desert
5500	10000	-1000	1000	-1900	300	-3750	500	10000	10000	7666	9333	0	minecraft:desert
5500	10000	-1000	1000	300	10000	-3750	-2225	0	0	7666	9333	0	minecraft:badlands
5500	10000	-1000	1000	300	10000	-3750	-2225	10000	10000	7666	9333	0	minecraft:badlands
5500	10000	-1000	1000	300	3000	-2225	500	0	0	7666	9333	0	minecraft:badlands
5500	10000	-1000	1000	300	3000	-2225	500	10000	10000	7666	9333	0	minecraft:badlands
5500	10000	-1000	1000	3000	10000	-2225	500	0	0	7666	9333	0	minecraft:badlands
5500	10000	-1000	1000	3000	10000	-2225	500	10000	10000	7666	9333	0	minecraft:badlands
5500	10000	-1000	1000	-1900	10000	500	4500	0	0	7666	9333	0	minecraft:desert
5500	10000	-1000	1000	-1900	10000	500	4500	10000	10000	7666	9333	0	minecraft:desert
5500	10000	-1000	1000	-1900	300	4500	5500	0	0	7666	9333	0	minecraft:windswept_savanna
5500	10000	-1000	1000	-1900	300	4500	5500	10000	10000	7666	9333	0	minecraft:windswept_savanna
5500	10000	-1000	1000	300	10000	4500	5500	0	0	7666	9333	0	minecraft:desert
5500	10000	-1000	1000	300	10000	4500	5500	10000	10000	7666	9333	0	minecraft:desert
5500	10000	-1000	1000	-1900	10000	5500	10000	0	0	7666	9333	0	minecraft:desert
5500	10000	-1000	1000	-1900	10000	5500	10000	10000	10000	7666	9333	0	minecraft:desert
5500	10000	1000	3000	-1900	-1100	-10000	-3750	0	0	7666	9333	0	minecraft:desert
5500	10000	1000	3000	-1900	-1100	-10000	-3750	10000	10000	7666	9333	0	minecraft:desert
5500	10000	1000	3000	-1100	300	-10000	-7799	0	0	7666	9333	0	minecraft:wooded_badlands
5500	10000	1000	3000	-1100	300	-10000	-7799	10000	10000	7666	9333	0	minecraft:wooded_badlands
5500	10000	1000	3000	300	10000	-10000	-7799	0	0	7666	9333	0	minecraft:wooded_badlands
5500	10000	1000	3000	300	10000	-10000	-7799	10000	10000	7666	9333	0	minecraft:wooded_badlands
5500	10000	1000	3000	-1100	300	-7799	-3750	0	0	7666	9333	0	minecraft:wooded_badlands
5500	10000	1000	3000	-1100	300	-7799	-3750	10000	10000	7666	9333	0	minecraft:wooded_badlands
5500	10000	1000	3000	300	10000	-7799	-3750	0	0	7666	9333	0	minecraft:wooded_badlands
5500	10000	1000	3000	300	10000	-7799	-3750	10000	10000	7666	9333	0	minecraft:wooded_badlands
5500	10000	1000	3000	-1900	300	-3750	500	0	0	7666	9333	0	minecraft:desert
5500	10000	1000	3000	-1900	300	-3750	500	10000	10000	7666	9333	0	minecraft:desert
5500	10000	1000	3000	300	10000	-3750	-2225	0	0	7666	9333	0	minecraft:wooded_badlands
5500	10000	1000	3000	300	10000	-3750	-2225	10000	10000	7666	9333	0	minecraft:wooded_badlands
5500	10000	1000	3000	300	3000	-2225	500	0	0	7666	9333	0	minecraft:wooded_badlands
5500	10000	1000	3000	300	3000	-2225	500	10000	10000	7666	9333	0	minecraft:wooded_badlands
5500	10000	1000	3000	3000	10000	-2225	500	0	0	7666	9333	0	minecraft:wooded_badlands
5500	10000	1000	3000	3000	10000	-2225	500	10000	10000	7666	9333	0	minecraft:wooded_badlands
5500	10000	1000	3000	-1900	10000	500	4500	0	0	7666	9333	0	minecraft:desert
5500	10000	1000	3000	-1900	10000	500	4500	10000	10000	7666	9333	0	minecraft:desert
5500	10000	1000	3000	-1900	300	4500	5500	0	0	7666	9333	0	minecraft:windswept_savanna
5500	10000	1000	3000	-1900	300	4500	5500	10000	10000	7666	9333	0	minecraft:windswept_savanna
5500	10000	1000	3000	300	10000	4500	5500	0	0	7666	9333	0	minecraft:desert
5500	10000	1000	3000	300	10000	4500	5500	10000	10000	7666	9333	0	minecraft:desert
5500	10000	1000	3000	-1900	10000	5500	10000	0	0	7666	9333	0	minecraft:desert
5500	10000	1000	3000	-1900	10000	5500	10000	10000	10000	7666	9333	0	minecraft:desert
5500	10000	3000	10000	-1900	-1100	-10000	-3750	0	0	7666	9333	0	minecraft:desert
5500	10000	3000	10000	-1900	-1100	-10000	-3750	10000	10000	7666	9333	0	minecraft:desert
5500	10000	3000	10000	-1100	300	-10000	-7799	0	0	7666	9333	0	minecraft:wooded_badlands
5500	10000	3000	10000	-1100	300	-10000	-7799	10000	10000	7666	9333	0	minecraft:wooded_badlands
5500	10000	3000	10000	300	10000	-10000	-7799	0	0	7666	9333	0	minecraft:wooded_badlands
5500	10000	3000	10000	300	10000	-10000	-7799	10000	10000	7666	9333	0	minecraft:wooded_badlands
5500	10000	3000	10000	-1100	300	-7799	-3750	0	0	7666	9333	0	minecraft:wooded_badlands
5500	10000	3000	10000	-1100	300	-7799	-3750	10000	10000	7666	9333	0	minecraft:wooded_badlands
5500	10000	3000	10000	300	10000	-7799	-3750	0	0	7666	9333	0	minecraft:wooded_badlands
5500	10000	3000	10000	300	10000	-7799	-3750	10000	10000	7666	9333	0	minecraft:wooded_badlands
5500	10000	3000	10000	-1900	300	-3750	500	0	0	7666	9333	0	minecraft:desert
5500	10000	3000	10000	-1900	300	-3750	500	10000	10000	7666	9333	0	minecraft:desert
5500	10000	3000	10000	300	10000	-3750	-2225	0	0	7666	9333	0	minecraft:wooded_badlands
5500	10000	3000	10000	300	10000	-3750	-2225	10000	10000	7666	9333	0	minecraft:wooded_badlands
5500	10000	3000	10000	300	3000	-2225	500	0	0	7666	9333	0	minecraft:wooded_badlands
5500	10000	3000	10000	300	3000	-2225	500	10000	10000	7666	9333	0	minecraft:wooded_badlands
5500	10000	3000	10000	3000	10000	-2225	500	0	0	7666	9333	0	minecraft:wooded_badlands
5500	10000	3000	10000	3000	10000	-2225	500	10000	10000	7666	9333	0	minecraft:wooded_badlands
5500	10000	3000	10000	-1900	10000	500	4500	0	0	7666	9333	0	minecraft:desert
5500	10000	3000	10000	-1900	10000	500	4500	10000	10000	7666	9333	0	minecraft:desert
5500	10000	3000	10000	-1900	300	4500	5500	0	0	7666	9333	0	minecraft:desert
5500	10000	3000	10000	-1900	300	4500	5500	10000	10000	7666	9333	0	minecraft:desert
5500	10000	3000	10000	300	10000	4500	5500	0	0	7666	9333	0	minecraft:desert
5500	10000	3000	10000	300	10000	4500	5500	10000	10000	7666	9333	0	minecraft:desert
5500	10000	3000	10000	-1900	10000	5500	10000	0	0	7666	9333	0	minecraft:desert
5500	10000	3000	10000	-1900	10000	5500	10000	10000	10000	7666	9333	0	minecraft:desert
-10000	10000	-10000	10000	-1900	-1100	-10000	-2225	0	0	9333	10000	0	minecraft:stony_shore
-10000	10000	-10000	10000	-1900	-1100	-10000	-2225	10000	10000	9333	10000	0	minecraft:stony_shore
-4500	2000	-10000	10000	-1100	10000	5500	10000	0	0	9333	10000	0	minecraft:swamp
-4500	2000	-10000	10000	-1100	10000	5500	10000	10000	10000	9333	10000	0	minecraft:swamp
2000	10000	-10000	10000	-1100	10000	5500	10000	0	0	9333	10000	0	minecraft:mangrove_swamp
2000	10000	-10000	10000	-1100	10000	5500	10000	10000	10000	9333	10000	0	minecraft:mangrove_swamp
-10000	-4500	-10000	-3500	-1100	10000	-10000	-7799	0	0	9333	10000	0	minecraft:snowy_slopes
-10000	-4500	-10000	-3500	-1100	10000	-10000	-7799	10000	10000	9333	10000	0	minecraft:snowy_slopes
-10000	-4500	-10000	-3500	-1100	3000	-7799	-3750	0	0	9333	10000	0	minecraft:snowy_slopes
-10000	-4500	-10000	-3500	-1100	3000	-7799	-3750	10000	10000	9333	10000	0	minecraft:snowy_slopes
-10000	-4500	-10000	-3500	3000	10000	-7799	-3750	0	0	9333	10000	0	minecraft:snowy_slopes
-10000	-4500	-10000	-3500	3000	10000	-7799	-3750	10000	10000	9333	10000	0	minecraft:snowy_slopes
-10000	-4500	-10000	-3500	-1100	300	-3750	-2225	0	0	9333	10000	0	minecraft:ice_spikes
-10000	-4500	-10000	-3500	-1100	300	-3750	-2225	10000	10000	9333	10000	0	minecraft:ice_spikes
-10000	-4500	-10000	-3500	300	3000	-3750	-2225	0	0	9333	10000	0	minecraft:ice_spikes
-10000	-4500	-10000	-3500	300	3000	-3750	-2225	10000	10000	9333	10000	0	minecraft:ice_spikes
-10000	-4500	-10000	-3500	3000	10000	-3750	-2225	0	0	9333	10000	0	minecraft:ice_spikes
-10000	-4500	-10000	-3500	3000	10000	-3750	-2225	10000	10000	9333	10000	0	minecraft:ice_spikes
-10000	-4500	-10000	-3500	-1900	300	-2225	500	0	0	9333	10000	0	minecraft:ice_spikes
-10000	-4500	-10000	-3500	-1900	300	-2225	500	10000	10000	9333	10000	0	minecraft:ice_spikes
-10000	-4500	-10000	-3500	300	10000	-2225	500	0	0	9333	10000	0	minecraft:ice_spikes
-10000	-4500	-10000	-3500	300	10000	-2225	500	10000	10000	9333	10000	0	minecraft:ice_spikes
-10000	-4500	-10000	-3500	-1900	10000	500	4500	0	0	9333	10000	0	minecraft:ice_spikes
-10000	-4500	-10000	-3500	-1900	10000	500	4500	10000	10000	9333	10000	0	minecraft:ice_spikes
-10000	-4500	-10000	-3500	-1900	-1100	4500	5500	0	0	9333	10000	0	minecraft:ice_spikes
-10000	-4500	-10000	-3500	-1900	-1100	4500	5500	10000	10000	9333	10000	0	minecraft:ice_spikes
-10000	-4500	-10000	-3500	-1100	300	4500	5500	0	0	9333	10000	0	minecraft:ice_spikes
-10000	-4500	-10000	-3500	-1100	300	4500	5500	10000	10000	9333	10000	0	minecraft:ice_spikes
-10000	-4500	-10000	-3500	300	10000	4500	5500	0	0	9333	10000	0	minecraft:windswept_gravelly_hills
-10000	-4500	-10000	-3500	300	10000	4500	5500	10000	10000	9333	10000	0	minecraft:windswept_gravelly_hills
-10000	-4500	-10000	-3500	-1900	-1100	5500	10000	0	0	9333	10000	0	minecraft:ice_spikes
-10000	-4500	-10000	-3500	-1900	-1100	5500	10000	10000	10000	9333	10000	0	minecraft:ice_spikes
-10000	-4500	-10000	-3500	-1100	10000	5500	10000	0	0	9333	10000	0	minecraft:ice_spikes
-10000	-4500	-10000	-3500	-1100	10000	5500	10000	10000	10000	9333	10000	0	minecraft:ice_spikes
-10000	-4500	-3500	-1000	-1100	10000	-10000	-7799	0	0	9333	10000	0	minecraft:snowy_slopes
-10000	-4500	-3500	-1000	-1100	10000	-10000	-7799	10000	10000	9333	10000	0	minecraft:snowy_slopes
-10000	-4500	-3500	-1000	-1100	3000	-7799	-3750	0	0	9333	10000	0	minecraft:snowy_slopes
-10000	-4500	-3500	-1000	-1100	3000	-7799	-3750	10000	10000	9333	10000	0	minecraft:snowy_slopes
-10000	-4500	-3500	-1000	3000	10000	-7799	-3750	0	0	9333	10000	0	minecraft:snowy_slopes
-10000	-4500	-3500	-1000	3000	10000	-7799	-3750	10000	10000	9333	10000	0	minecraft:snowy_slopes
-10000	-4500	-3500	-1000	-1100	300	-3750	-2225	0	0	9333	10000	0	minecraft:snowy_plains
-10000	-4500	-3500	-1000	-1100	300	-3750	-2225	10000	10000	9333	10000	0	minecraft:snowy_plains
-10000	-4500	-3500	-1000	300	3000	-3750	-2225	0	0	9333	10000	0	minecraft:snowy_plains
-10000	-4500	-3500	-1000	300	3000	-3750	-2225	10000	10000	9333	10000	0	minecraft:snowy_plains
-10000	-4500	-3500	-1000	3000	10000	-3750	-2225	0	0	9333	10000	0	minecraft:snowy_plains
-10000	-4500	-3500	-1000	3000	10000	-3750	-2225	10000	10000	9333	10000	0	minecraft:snowy_plains
-10000	-4500	-3500	-1000	-1900	300	-2225	500	0	0	9333	10000	0	minecraft:snowy_plains
-10000	-4500	-3500	-1000	-1900	300	-2225	500	10000	10000	9333	10000	0	minecraft:snowy_plains
-10000	-4500	-3500	-1000	300	10000	-2225	500	0	0	9333	10000	0	minecraft:snowy_plains
-10000	-4500	-3500	-1000	300	10000	-2225	500	10000	10000	9333	10000	0	minecraft:snowy_plains
-10000	-4500	-3500	-1000	-1900	10000	500	4500	0	0	9333	10000	0	minecraft:snowy_plains
-10000	-4500	-3500	-1000	-1900	10000	500	4500	10000	10000	9333	10000	0	minecraft:snowy_plains
-10000	-4500	-3500	-1000	-1900	-1100	4500	5500	0	0	9333	10000	0	minecraft:snowy_plains
-10000	-4500	-3500	-1000	-1900	-1100	4500	5500	10000	10000	9333	10000	0	minecraft:snowy_plains
-10000	-4500	-3500	-1000	-1100	300	4500	5500	0	0	9333	10000	0	minecraft:snowy_plains
-10000	-4500	-3500	-1000	-1100	300	4500	5500	10000	10000	9333	10000	0	minecraft:snowy_plains
-10000	-4500	-3500	-1000	300	10000	4500	5500	0	0	9333	10000	0	minecraft:windswept_gravelly_hills
-10000	-4500	-3500	-1000	300	10000	4500	5500	10000	10000	9333	10000	0	minecraft:windswept_gravelly_hills
-10000	-4500	-3500	-1000	-1900	-1100	5500	10000	0	0	9333	10000	0	minecraft:snowy_plains
-10000	-4500	-3500	-1000	-1900	-1100	5500	10000	10000	10000	9333	10000	0	minecraft:snowy_plains
-10000	-4500	-3500	-1000	-1100	10000	5500	10000	0	0	9333	10000	0	minecraft:snowy_plains
-10000	-4500	-3500	-1000	-1100	10000	5500	10000	10000	10000	9333	10000	0	minecraft:snowy_plains
-10000	-4500	-1000	1000	-1100	10000	-10000	-7799	0	0	9333	10000	0	minecraft:grove
-10000	-4500	-1000	1000	-1100	10000	-10000	-7799	10000	10000	9333	10000	0	minecraft:grove
-10000	-4500	-1000	1000	-1100	3000	-7799	-3750	0	0	9333	10000	0	minecraft:grove
-10000	-4500	-1000	1000	-1100	3000	-7799	-3750	10000	10000	9333	10000	0	minecraft:grove
-10000	-4500	-1000	1000	3000	10000	-7799	-3750	0	0	9333	10000	0	minecraft:grove
-10000	-4500	-1000	1000	3000	10000	-7799	-3750	10000	10000	9333	10000	0	minecraft:grove
-10000	-4500	-1000	1000	-1100	300	-3750	-2225	0	0	9333	10000	0	minecraft:snowy_taiga
-10000	-4500	-1000	1000	-1100	300	-3750	-2225	10000	10000	9333	10000	0	minecraft:snowy_taiga
-10000	-4500	-1000	1000	300	3000	-3750	-2225	0	0	9333	10000	0	minecraft:snowy_taiga
-10000	-4500	-1000	1000	300	3000	-3750	-2225	10000	10000	9333	10000	0	minecraft:snowy_taiga
-10000	-4500	-1000	1000	3000	10000	-3750	-2225	0	0	9333	10000	0	minecraft:snowy_plains
-10000	-4500	-1000	1000	3000	10000	-3750	-2225	10000	10000	9333	10000	0	minecraft:snowy_plains
-10000	-4500	-1000	1000	-1900	300	-2225	500	0	0	9333	10000	0	minecraft:snowy_taiga
-10000	-4500	-1000	1000	-1900	300	-2225	500	10000	10000	9333	10000	0	minecraft:snowy_taiga
-10000	-4500	-1000	1000	300	10000	-2225	500	0	0	9333	10000	0	minecraft:snowy_taiga
-10000	-4500	-1000	1000	300	10000	-2225	500	10000	10000	9333	10000	0	minecraft:snowy_taiga
-10000	-4500	-1000	1000	-1900	10000	500	4500	0	0	9333	10000	0	minecraft:snowy_taiga
-10000	-4500	-1000	1000	-1900	10000	500	4500	10000	10000	9333	10000	0	minecraft:snowy_taiga
-10000	-4500	-1000	1000	-1900	-1100	4500	5500	0	0	9333	10000	0	minecraft:snowy_taiga
-10000	-4500	-1000	1000	-1900	-1100	4500	5500	10000	10000	9333	10000	0	minecraft:snowy_taiga
-10000	-4500	-1000	1000	-1100	300	4500	5500	0	0	9333	10000	0	minecraft:snowy_taiga
-10000	-4500	-1000	1000	-1100	300	4500	5500	10000	10000	9333	10000	0	minecraft:snowy_taiga
-10000	-4500	-1000	1000	300	10000	4500	5500	0	0	9333	10000	0	minecraft:windswept_hills
-10000	-4500	-1000	1000	300	10000	4500	5500	10000	10000	9333	10000	0	minecraft:windswept_hills
-10000	-4500	-1000	1000	-1900	-1100	5500	10000	0	0	9333	10000	0	minecraft:snowy_taiga
-10000	-4500	-1000	1000	-1900	-1100	5500	10000	10000	10000	9333	10000	0	minecraft:snowy_taiga
-10000	-4500	-1000	1000	-1100	10000	5500	10000	0	0	9333	10000	0	minecraft:snowy_taiga
-10000	-4500	-1000	1000	-1100	10000	5500	10000	10000	10000	9333	10000	0	minecraft:snowy_taiga
-10000	-4500	1000	3000	-1100	10000	-10000	-7799	0	0	9333	10000	0	minecraft:grove
-10000	-4500	1000	3000	-1100	10000	-10000	-7799	10000	10000	9333	10000	0	minecraft:grove
-10000	-4500	1000	3000	-1100	3000	-7799	-3750	0	0	9333	10000	0	minecraft:grove
-10000	-4500	1000	3000	-1100	3000	-7799	-3750	10000	10000	9333	10000	0	minecraft:grove
-10000	-4500	1000	3000	3000	10000	-7799	-3750	0	0	9333	10000	0	minecraft:grove
-10000	-4500	1000	3000	3000	10000	-7799	-3750	10000	10000	9333	10000	0	minecraft:grove
-10000	-4500	1000	3000	-1100	300	-3750	-2225	0	0	9333	10000	0	minecraft:snowy_taiga
-10000	-4500	1000	3000	-1100	300	-3750	-2225	10000	10000	9333	10000	0	minecraft:snowy_taiga
-10000	-4500	1000	3000	300	3000	-3750	-2225	0	0	9333	10000	0	minecraft:snowy_taiga
-10000	-4500	1000	3000	300	3000	-3750	-2225	10000	10000	9333	10000	0	minecraft:snowy_taiga
-10000	-4500	1000	3000	3000	10000	-3750	-2225	0	0	9333	10000	0	minecraft:snowy_taiga
-10000	-4500	1000	3000	3000	10000	-3750	-2225	10000	10000	9333	10000	0	minecraft:snowy_taiga
-10000	-4500	1000	3000	-1900	300	-2225	500	0	0	9333	10000	0	minecraft:snowy_taiga
-10000	-4500	1000	3000	-1900	300	-2225	500	10000	10000	9333	10000	0	minecraft:snowy_taiga
-10000	-4500	1000	3000	300	10000	-2225	500	0	0	9333	10000	0	minecraft:snowy_taiga
-10000	-4500	1000	3000	300	10000	-2225	500	10000	10000	9333	10000	0	minecraft:snowy_taiga
-10000	-4500	1000	3000	-1900	10000	500	4500	0	0	9333	10000	0	minecraft:snowy_taiga
-10000	-4500	1000	3000	-1900	10000	500	4500	10000	10000	9333	10000	0	minecraft:snowy_taiga
-10000	-4500	1000	3000	-1900	-1100	4500	5500	0	0	9333	10000	0	minecraft:snowy_taiga
-10000	-4500	1000	3000	-1900	-1100	4500	5500	10000	10000	9333	10000	0	minecraft:snowy_taiga
-10000	-4500	1000	3000	-1100	300	4500	5500	0	0	9333	10000	0	minecraft:snowy_taiga
-10000	-4500	1000	3000	-1100	300	4500	5500	10000	10000	9333	10000	0	minecraft:snowy_taiga
-10000	-4500	1000	3000	300	10000	4500	5500	0	0	9333	10000	0	minecraft:windswept_forest
-10000	-4500	1000	3000	300	10000	4500	5500	10000	10000	9333	10000	0	minecraft:windswept_forest
-10000	-4500	1000	3000	-1900	-1100	5500	10000	0	0	9333	10000	0	minecraft:snowy_taiga
-10000	-4500	1000	3000	-1900	-1100	5500	10000	10000	10000	9333	10000	0	minecraft:snowy_taiga
-10000	-4500	1000	3000	-1100	10000	5500	10000	0	0	9333	10000	0	minecraft:snowy_taiga
-10000	-4500	1000	3000	-1100	10000	5500	10000	10000	10000	9333	10000	0	minecraft:snowy_taiga
-10000	-4500	3000	10000	-1100	10000	-10000	-7799	0	0	9333	10000	0	minecraft:grove
-10000	-4500	3000	10000	-1100	10000	-10000	-7799	10000	10000	9333	10000	0	minecraft:grove
-10000	-4500	3000	10000	-1100	3000	-7799	-3750	0	0	9333	10000	0	minecraft:grove
-10000	-4500	3000	10000	-1100	3000	-7799	-3750	10000	10000	9333	10000	0	minecraft:grove
-10000	-4500	3000	10000	3000	10000	-7799	-3750	0	0	9333	10000	0	minecraft:grove
-10000	-4500	3000	10000	3000	10000	-7799	-3750	10000	10000	9333	10000	0	minecraft:grove
-10000	-4500	3000	10000	-1100	300	-3750	-2225	0	0	9333	10000	0	minecraft:taiga
-10000	-4500	3000	10000	-1100	300	-3750	-2225	10000	10000	9333	10000	0	minecraft:taiga
-10000	-4500	3000	10000	300	3000	-3750	-2225	0	0	9333	10000	0	minecraft:taiga
-10000	-4500	3000	10000	300	3000	-3750	-2225	10000	10000	9333	10000	0	minecraft:taiga
-10000	-4500	3000	10000	3000	10000	-3750	-2225	0	0	9333	10000	0	minecraft:snowy_taiga
-10000	-4500	3000	10000	3000	10000	-3750	-2225	10000	10000	9333	10000	0	minecraft:snowy_taiga
-10000	-4500	3000	10000	-1900	300	-2225	500	0	0	9333	10000	0	minecraft:taiga
-10000	-4500	3000	10000	-1900	300	-2225	500	10000	10000	9333	10000	0	minecraft:taiga
-10000	-4500	3000	10000	300	10000	-2225	500	0	0	9333	10000	0	minecraft:taiga
-10000	-4500	3000	10000	300	10000	-2225	500	10000	10000	9333	10000	0	minecraft:taiga
-10000	-4500	3000	10000	-1900	10000	500	4500	0	0	9333	10000	0	minecraft:taiga
-10000	-4500	3000	10000	-1900	10000	500	4500	10000	10000	9333	10000	0	minecraft:taiga
-10000	-4500	3000	10000	-1900	-1100	4500	5500	0	0	9333	10000	0	minecraft:taiga
-10000	-4500	3000	10000	-1900	-1100	4500	5500	10000	10000	9333	10000	0	minecraft:taiga
-10000	-4500	3000	10000	-1100	300	4500	5500	0	0	9333	10000	0	minecraft:taiga
-10000	-4500	3000	10000	-1100	300	4500	5500	10000	10000	9333	10000	0	minecraft:taiga
-10000	-4500	3000	10000	300	10000	4500	5500	0	0	9333	10000	0	minecraft:windswept_forest
-10000	-4500	3000	10000	300	10000	4500	5500	10000	10000	9333	10000	0	minecraft:windswept_forest
-10000	-4500	3000	10000	-1900	-1100	5500	10000	0	0	9333	10000	0	minecraft:taiga
-10000	-4500	3000	10000	-1900	-1100	5500	10000	10000	10000	9333	10000	0	minecraft:taiga
-10000	-4500	3000	10000	-1100	10000	5500	10000	0	0	9333	10000	0	minecraft:taiga
-10000	-4500	3000	10000	-1100	10000	5500	10000	10000	10000	9333	10000	0	minecraft:taiga
-4500	-1500	-10000	-3500	-1100	10000	-10000	-7799	0	0	9333	10000	0	minecraft:snowy_slopes
-4500	-1500	-10000	-3500	-1100	10000	-10000	-7799	10000	10000	9333	10000	0	minecraft:snowy_slopes
-4500	-1500	-10000	-3500	-1100	3000	-7799	-3750	0	0	9333	10000	0	minecraft:plains
-4500	-1500	-10000	-3500	-1100	3000	-7799	-3750	10000	10000	9333	10000	0	minecraft:plains
-4500	-1500	-10000	-3500	3000	10000	-7799	-3750	0	0	9333	10000	0	minecraft:cherry_grove
-4500	-1500	-10000	-3500	3000	10000	-7799	-3750	10000	10000	9333	10000	0	minecraft:cherry_grove
-4500	-1500	-10000	-3500	-1100	300	-3750	-2225	0	0	9333	10000	0	minecraft:plains
-4500	-1500	-10000	-3500	-1100	300	-3750	-2225	10000	10000	9333	10000	0	minecraft:plains
-4500	-1500	-10000	-3500	300	3000	-3750	-2225	0	0	9333	10000	0	minecraft:plains
-4500	-1500	-10000	-3500	300	3000	-3750	-2225	10000	10000	9333	10000	0	minecraft:plains
-4500	-1500	-10000	-3500	3000	10000	-3750	-2225	0	0	9333	10000	0	minecraft:cherry_grove
-4500	-1500	-10000	-3500	3000	10000	-3750	-2225	10000	10000	9333	10000	0	minecraft:cherry_grove
-4500	-1500	-10000	-3500	-1900	300	-2225	500	0	0	9333	10000	0	minecraft:plains
-4500	-1500	-10000	-3500	-1900	300	-2225	500	10000	10000	9333	10000	0	minecraft:plains
-4500	-1500	-10000	-3500	300	10000	-2225	500	0	0	9333	10000	0	minecraft:plains
-4500	-1500	-10000	-3500	300	10000	-2225	500	10000	10000	9333	10000	0	minecraft:plains
-4500	-1500	-10000	-3500	-1900	10000	500	4500	0	0	9333	10000	0	minecraft:plains
-4500	-1500	-10000	-3500	-1900	10000	500	4500	10000	10000	9333	10000	0	minecraft:plains
-4500	-1500	-10000	-3500	-1900	-1100	4500	5500	0	0	9333	10000	0	minecraft:plains
-4500	-1500	-10000	-3500	-1900	-1100	4500	5500	10000	10000	9333	10000	0	minecraft:plains
-4500	-1500	-10000	-3500	-1100	300	4500	5500	0	0	9333	10000	0	minecraft:plains
-4500	-1500	-10000	-3500	-1100	300	4500	5500	10000	10000	9333	10000	0	minecraft:plains
-4500	-1500	-10000	-3500	300	10000	4500	5500	0	0	9333	10000	0	minecraft:windswept_gravelly_hills
-4500	-1500	-10000	-3500	300	10000	4500	5500	10000	10000	9333	10000	0	minecraft:windswept_gravelly_hills
-4500	-1500	-10000	-3500	-1900	-1100	5500	10000	0	0	9333	10000	0	minecraft:plains
-4500	-1500	-10000	-3500	-1900	-1100	5500	10000	10000	10000	9333	10000	0	minecraft:plains
-4500	-1500	-3500	-1000	-1100	10000	-10000	-7799	0	0	9333	10000	0	minecraft:snowy_slopes
-4500	-1500	-3500	-1000	-1100	10000	-10000	-7799	10000	10000	9333	10000	0	minecraft:snowy_slopes
-4500	-1500	-3500	-1000	-1100	3000	-7799	-3750	0	0	9333	10000	0	minecraft:plains
-4500	-1500	-3500	-1000	-1100	3000	-7799	-3750	10000	10000	9333	10000	0	minecraft:plains
-4500	-1500	-3500	-1000	3000	10000	-7799	-3750	0	0	9333	10000	0	minecraft:meadow
-4500	-1500	-3500	-1000	3000	10000	-7799	-3750	10000	10000	9333	10000	0	minecraft:meadow
-4500	-1500	-3500	-1000	-1100	300	-3750	-2225	0	0	9333	10000	0	minecraft:plains
-4500	-1500	-3500	-1000	-1100	300	-3750	-2225	10000	10000	9333	10000	0	minecraft:plains
-4500	-1500	-3500	-1000	300	3000	-3750	-2225	0	0	9333	10000	0	minecraft:plains
-4500	-1500	-3500	-1000	300	3000	-3750	-2225	10000	10000	9333	10000	0	minecraft:plains
-4500	-1500	-3500	-1000	3000	10000	-3750	-2225	0	0	9333	10000	0	minecraft:meadow
-4500	-1500	-3500	-1000	3000	10000	-3750	-2225	10000	10000	9333	10000	0	minecraft:meadow
-4500	-1500	-3500	-1000	-1900	300	-2225	500	0	0	9333	10000	0	minecraft:plains
-4500	-1500	-3500	-1000	-1900	300	-2225	500	10000	10000	9333	10000	0	minecraft:plains
-4500	-1500	-3500	-1000	300	10000	-2225	500	0	0	9333	10000	0	minecraft:plains
-4500	-1500	-3500	-1000	300	10000	-2225	500	10000	10000	9333	10000	0	minecraft:plains
-4500	-1500	-3500	-1000	-1900	10000	500	4500	0	0	9333	10000	0	minecraft:plains
-4500	-1500	-3500	-1000	-1900	10000	500	4500	10000	10000	9333	10000	0	minecraft:plains
-4500	-1500	-3500	-1000	-1900	-1100	4500	5500	0	0	9333	10000	0	minecraft:plains
-4500	-1500	-3500	-1000	-1900	-1100	4500	5500	10000	10000	9333	10000	0	minecraft:plains
-4500	-1500	-3500	-1000	-1100	300	4500	5500	0	0	9333	10000	0	minecraft:plains
-4500	-1500	-3500	-1000	-1100	300	4500	5500	10000	10000	9333	10000	0	minecraft:plains
-4500	-1500	-3500	-1000	300	10000	4500	5500	0	0	9333	10000	0	minecraft:windswept_gravelly_hills
-4500	-1500	-3500	-1000	300	10000	4500	5500	10000	10000	9333	10000	0	minecraft:windswept_gravelly_hills
-4500	-1500	-3500	-1000	-1900	-1100	5500	10000	0	0	9333	10000	0	minecraft:plains
-4500	-1500	-3500	-1000	-1900	-1100	5500	10000	10000	10000	9333	10000	0	minecraft:plains
-4500	-1500	-1000	1000	-1100	10000	-10000	-7799	0	0	9333	10000	0	minecraft:grove
-4500	-1500	-1000	1000	-1100	10000	-10000	-7799	10000	10000	9333	10000	0	minecraft:grove
-4500	-1500	-1000	1000	-1100	3000	-7799	-3750	0	0	9333	10000	0	minecraft:forest
-4500	-1500	-1000	1000	-1100	3000	-7799	-3750	10000	10000	9333	10000	0	minecraft:forest
-4500	-1500	-1000	1000	3000	10000	-7799	-3750	0	0	9333	10000	0	minecraft:meadow
-4500	-1500	-1000	1000	3000	10000	-7799	-3750	10000	10000	9333	10000	0	minecraft:meadow
-4500	-1500	-1000	1000	-1100	300	-3750	-2225	0	0	9333	10000	0	minecraft:forest
-4500	-1500	-1000	1000	-1100	300	-3750	-2225	10000	10000	9333	10000	0	minecraft:forest
-4500	-1500	-1000	1000	300	3000	-3750	-2225	0	0	9333	10000	0	minecraft:forest
-4500	-1500	-1000	1000	300	3000	-3750	-2225	10000	10000	9333	10000	0	minecraft:forest
-4500	-1500	-1000	1000	3000	10000	-3750	-2225	0	0	9333	10000	0	minecraft:meadow
-4500	-1500	-1000	1000	3000	10000	-3750	-2225	10000	10000	9333	10000	0	minecraft:meadow
-4500	-1500	-1000	1000	-1900	300	-2225	500	0	0	9333	10000	0	minecraft:forest
-4500	-1500	-1000	1000	-1900	300	-2225	500	10000	10000	9333	10000	0	minecraft:forest
-4500	-1500	-1000	1000	300	10000	-2225	500	0	0	9333	10000	0	minecraft:forest
-4500	-1500	-1000	1000	300	10000	-2225	500	10000	10000	9333	10000	0	minecraft:forest
-4500	-1500	-1000	1000	-1900	10000	500	4500	0	0	9333	10000	0	minecraft:forest
-4500	-1500	-1000	1000	-1900	10000	500	4500	10000	10000	9333	10000	0	minecraft:forest
-4500	-1500	-1000	1000	-1900	-1100	4500	5500	0	0	9333	10000	0	minecraft:forest
-4500	-1500	-1000	1000	-1900	-1100	4500	5500	10000	10000	9333	10000	0	minecraft:forest
-4500	-1500	-1000	1000	-1100	300	4500	5500	0	0	9333	10000	0	minecraft:forest
-4500	-1500	-1000	1000	-1100	300	4500	5500	10000	10000	9333	10000	0	minecraft:forest
-4500	-1500	-1000	1000	300	10000	4500	5500	0	0	9333	10000	0	minecraft:windswept_hills
-4500	-1500	-1000	1000	300	10000	4500	5500	10000	10000	9333	10000	0	minecraft:windswept_hills
-4500	-1500	-1000	1000	-1900	-1100	5500	10000	0	0	9333	10000	0	minecraft:forest
-4500	-1500	-1000	1000	-1900	-1100	5500	10000	10000	10000	9333	10000	0	minecraft:forest
-4500	-1500	1000	3000	-1100	10000	-10000	-7799	0	0	9333	10000	0	minecraft:grove
-4500	-1500	1000	3000	-1100	10000	-10000	-7799	10000	10000	9333	10000	0	minecraft:grove
-4500	-1500	1000	3000	-1100	3000	-7799	-3750	0	0	9333	10000	0	minecraft:taiga
-4500	-1500	1000	3000	-1100	3000	-7799	-3750	10000	10000	9333	10000	0	minecraft:taiga
-4500	-1500	1000	3000	3000	10000	-7799	-3750	0	0	9333	10000	0	minecraft:meadow
-4500	-1500	1000	3000	3000	10000	-7799	-3750	10000	10000	9333	10000	0	minecraft:meadow
-4500	-1500	1000	3000	-1100	300	-3750	-2225	0	0	9333	10000	0	minecraft:taiga
-4500	-1500	1000	3000	-1100	300	-3750	-2225	10000	10000	9333	10000	0	minecraft:taiga
-4500	-1500	1000	3000	300	3000	-3750	-2225	0	0	9333	10000	0	minecraft:taiga
-4500	-1500	1000	3000	300	3000	-3750	-2225	10000	10000	9333	10000	0	minecraft:taiga
-4500	-1500	1000	3000	3000	10000	-3750	-2225	0	0	9333	10000	0	minecraft:meadow
-4500	-1500	1000	3000	3000	10000	-3750	-2225	10000	10000	9333	10000	0	minecraft:meadow
-4500	-1500	1000	3000	-1900	300	-2225	500	0	0	9333	10000	0	minecraft:taiga
-4500	-1500	1000	3000	-1900	300	-2225	500	10000	10000	9333	10000	0	minecraft:taiga
-4500	-1500	1000	3000	300	10000	-2225	500	0	0	9333	10000	0	minecraft:taiga
-4500	-1500	1000	3000	300	10000	-2225	500	10000	10000	9333	10000	0	minecraft:taiga
-4500	-1500	1000	3000	-1900	10000	500	4500	0	0	9333	10000	0	minecraft:taiga
-4500	-1500	1000	3000	-1900	10000	500	4500	10000	10000	9333	10000	0	minecraft:taiga
-4500	-1500	1000	3000	-1900	-1100	4500	5500	0	0	9333	10000	0	minecraft:taiga
-4500	-1500	1000	3000	-1900	-1100	4500	5500	10000	10000	9333	10000	0	minecraft:taiga
-4500	-1500	1000	3000	-1100	300	4500	5500	0	0	9333	10000	0	minecraft:taiga
-4500	-1500	1000	3000	-1100	300	4500	5500	10000	10000	9333	10000	0	minecraft:taiga
-4500	-1500	1000	3000	300	10000	4500	5500	0	0	9333	10000	0	minecraft:windswept_forest
-4500	-1500	1000	3000	300	10000	4500	5500	10000	10000	9333	10000	0	minecraft:windswept_forest
-4500	-1500	1000	3000	-1900	-1100	5500	10000	0	0	9333	10000	0	minecraft:taiga
-4500	-1500	1000	3000	-1900	-1100	5500	10000	10000	10000	9333	10000	0	minecraft:taiga
-4500	-1500	3000	10000	-1100	10000	-10000	-7799	0	0	9333	10000	0	minecraft:grove
-4500	-1500	3000	10000	-1100	10000	-10000	-7799	10000	10000	9333	10000	0	minecraft:grove
-4500	-1500	3000	10000	-1100	3000	-7799	-3750	0	0	9333	10000	0	minecraft:old_growth_pine_taiga
-4500	-1500	3000	10000	-1100	3000	-7799	-3750	10000	10000	9333	10000	0	minecraft:old_growth_pine_taiga
-4500	-1500	3000	10000	3000	10000	-7799	-3750	0	0	9333	10000	0	minecraft:old_growth_pine_taiga
-4500	-1500	3000	10000	3000	10000	-7799	-3750	10000	10000	9333	10000	0	minecraft:old_growth_pine_taiga
-4500	-1500	3000	10000	-1100	300	-3750	-2225	0	0	9333	10000	0	minecraft:old_growth_pine_taiga
-4500	-1500	3000	10000	-1100	300	-3750	-2225	10000	10000	9333	10000	0	minecraft:old_growth_pine_taiga
-4500	-1500	3000	10000	300	3000	-3750	-2225	0	0	9333	10000	0	minecraft:old_growth_pine_taiga
-4500	-1500	3000	10000	300	3000	-3750	-2225	10000	10000	9333	10000	0	minecraft:old_growth_pine_taiga
-4500	-1500	3000	10000	3000	10000	-3750	-2225	0	0	9333	10000	0	minecraft:old_growth_pine_taiga
-4500	-1500	3000	10000	3000	10000	-3750	-2225	10000	10000	9333	10000	0	minecraft:old_growth_pine_taiga
-4500	-1500	3000	10000	-1900	300	-2225	500	0	0	9333	10000	0	minecraft:old_growth_pine_taiga
-4500	-1500	3000	10000	-1900	300	-2225	500	10000	10000	9333	10000	0	minecraft:old_growth_pine_taiga
-4500	-1500	3000	10000	300	10000	-2225	500	0	0	9333	10000	0	minecraft:old_growth_pine_taiga
-4500	-1500	3000	10000	300	10000	-2225	500	10000	10000	9333	10000	0	minecraft:old_growth_pine_taiga
-4500	-1500	3000	10000	-1900	10000	500	4500	0	0	9333	10000	0	minecraft:old_growth_pine_taiga
-4500	-1500	3000	10000	-1900	10000	500	4500	10000	10000	9333	10000	0	minecraft:old_growth_pine_taiga
-4500	-1500	3000	10000	-1900	-1100	4500	5500	0	0	9333	10000	0	minecraft:old_growth_pine_taiga
-4500	-1500	3000	10000	-1900	-1100	4500	5500	10000	10000	9333	10000	0	minecraft:old_growth_pine_taiga
-4500	-1500	3000	10000	-1100	300	4500	5500	0	0	9333	10000	0	minecraft:old_growth_pine_taiga
-4500	-1500	3000	10000	-1100	300	4500	5500	10000	10000	9333	10000	0	minecraft:old_growth_pine_taiga
-4500	-1500	3000	10000	300	10000	4500	5500	0	0	9333	10000	0	minecraft:windswept_forest
-4500	-1500	3000	10000	300	10000	4500	5500	10000	10000	9333	10000	0	minecraft:windswept_forest
-4500	-1500	3000	10000	-1900	-1100	5500	10000	0	0	9333	10000	0	minecraft:old_growth_pine_taiga
-4500	-1500	3000	10000	-1900	-1100	5500	10000	10000	10000	9333	10000	0	minecraft:old_growth_pine_taiga
-1500	2000	-10000	-3500	-1100	10000	-10000	-7799	0	0	9333	10000	0	minecraft:snowy_slopes
-1500	2000	-10000	-3500	-1100	10000	-10000	-7799	10000	10000	9333	10000	0	minecraft:snowy_slopes
-1500	2000	-10000	-3500	-1100	3000	-7799	-3750	0	0	9333	10000	0	minecraft:sunflower_plains
-1500	2000	-10000	-3500	-1100	3000	-7799	-3750	10000	10000	9333	10000	0	minecraft:sunflower_plains
-1500	2000	-10000	-3500	3000	10000	-7799	-3750	0	0	9333	10000	0	minecraft:cherry_grove
-1500	2000	-10000	-3500	3000	10000	-7799	-3750	10000	10000	9333	10000	0	minecraft:cherry_grove
-1500	2000	-10000	-3500	-1100	300	-3750	-2225	0	0	9333	10000	0	minecraft:sunflower_plains
-1500	2000	-10000	-3500	-1100	300	-3750	-2225	10000	10000	9333	10000	0	minecraft:sunflower_plains
-1500	2000	-10000	-3500	300	3000	-3750	-2225	0	0	9333	10000	0	minecraft:sunflower_plains
-1500	2000	-10000	-3500	300	3000	-3750	-2225	10000	10000	9333	10000	0	minecraft:sunflower_plains
-1500	2000	-10000	-3500	3000	10000	-3750	-2225	0	0	9333	10000	0	minecraft:cherry_grove
-1500	2000	-10000	-3500	3000	10000	-3750	-2225	10000	10000	9333	10000	0	minecraft:cherry_grove
-1500	2000	-10000	-3500	-1900	300	-2225	500	0	0	9333	10000	0	minecraft:sunflower_plains
-1500	2000	-10000	-3500	-1900	300	-2225	500	10000	10000	9333	10000	0	minecraft:sunflower_plains
-1500	2000	-10000	-3500	300	10000	-2225	500	0	0	9333	10000	0	minecraft:sunflower_plains
-1500	2000	-10000	-3500	300	10000	-2225	500	10000	10000	9333	10000	0	minecraft:sunflower_plains
-1500	2000	-10000	-3500	-1900	10000	500	4500	0	0	9333	10000	0	minecraft:sunflower_plains
-1500	2000	-10000	-3500	-1900	10000	500	4500	10000	10000	9333	10000	0	minecraft:sunflower_plains
-1500	2000	-10000	-3500	-1900	-1100	4500	5500	0	0	9333	10000	0	minecraft:windswept_savanna
-1500	2000	-10000	-3500	-1900	-1100	4500	5500	10000	10000	9333	10000	0	minecraft:windswept_savanna
-1500	2000	-10000	-3500	-1100	300	4500	5500	0	0	9333	10000	0	minecraft:windswept_savanna
-1500	2000	-10000	-3500	-1100	300	4500	5500	10000	10000	9333	10000	0	minecraft:windswept_savanna
-1500	2000	-10000	-3500	300	10000	4500	5500	0	0	9333	10000	0	minecraft:windswept_hills
-1500	2000	-10000	-3500	300	10000	4500	5500	10000	10000	9333	10000	0	minecraft:windswept_hills
-1500	2000	-10000	-3500	-1900	-1100	5500	10000	0	0	9333	10000	0	minecraft:sunflower_plains
-1500	2000	-10000	-3500	-1900	-1100	5500	10000	10000	10000	9333	10000	0	minecraft:sunflower_plains
-1500	2000	-3500	-1000	-1100	10000	-10000	-7799	0	0	9333	10000	0	minecraft:snowy_slopes
-1500	2000	-3500	-1000	-1100	10000	-10000	-7799	10000	10000	9333	10000	0	minecraft:snowy_slopes
-1500	2000	-3500	-1000	-1100	3000	-7799	-3750	0	0	9333	10000	0	minecraft:plains
-1500	2000	-3500	-1000	-1100	3000	-7799	-3750	10000	10000	9333	10000	0	minecraft:plains
-1500	2000	-3500	-1000	3000	10000	-7799	-3750	0	0	9333	10000	0	minecraft:cherry_grove
-1500	2000	-3500	-1000	3000	10000	-7799	-3750	10000	10000	9333	10000	0	minecraft:cherry_grove
-1500	2000	-3500	-1000	-1100	300	-3750	-2225	0	0	9333	10000	0	minecraft:plains
-1500	2000	-3500	-1000	-1100	300	-3750	-2225	10000	10000	9333	10000	0	minecraft:plains
-1500	2000	-3500	-1000	300	3000	-3750	-2225	0	0	9333	10000	0	minecraft:plains
-1500	2000	-3500	-1000	300	3000	-3750	-2225	10000	10000	9333	10000	0	minecraft:plains
-1500	2000	-3500	-1000	3000	10000	-3750	-2225	0	0	9333	10000	0	minecraft:cherry_grove
-1500	2000	-3500	-1000	3000	10000	-3750	-2225	10000	10000	9333	10000	0	minecraft:cherry_grove
-1500	2000	-3500	-1000	-1900	300	-2225	500	0	0	9333	10000	0	minecraft:plains
-1500	2000	-3500	-1000	-1900	300	-2225	500	10000	10000	9333	10000	0	minecraft:plains
-1500	2000	-3500	-1000	300	10000	-2225	500	0	0	9333	10000	0	minecraft:plains
-1500	2000	-3500	-1000	300	10000	-2225	500	10000	10000	9333	10000	0	minecraft:plains
-1500	2000	-3500	-1000	-1900	10000	500	4500	0	0	9333	10000	0	minecraft:plains
-1500	2000	-3500	-1000	-1900	10000	500	4500	10000	10000	9333	10000	0	minecraft:plains
-1500	2000	-3500	-1000	-1900	-1100	4500	5500	0	0	9333	10000	0	minecraft:windswept_savanna
-1500	2000	-3500	-1000	-1900	-1100	4500	5500	10000	10000	9333	10000	0	minecraft:windswept_savanna
-1500	2000	-3500	-1000	-1100	300	4500	5500	0	0	9333	10000	0	minecraft:windswept_savanna
-1500	2000	-3500	-1000	-1100	300	4500	5500	10000	10000	9333	10000	0	minecraft:windswept_savanna
-1500	2000	-3500	-1000	300	10000	4500	5500	0	0	9333	10000	0	minecraft:windswept_hills
-1500	2000	-3500	-1000	300	10000	4500	5500	10000	10000	9333	10000	0	minecraft:windswept_hills
-1500	2000	-3500	-1000	-1900	-1100	5500	10000	0	0	9333	10000	0	minecraft:plains
-1500	2000	-3500	-1000	-1900	-1100	5500	10000	10000	10000	9333	10000	0	minecraft:plains
-1500	2000	-1000	1000	-1100	10000	-10000	-7799	0	0	9333	10000	0	minecraft:grove
-1500	2000	-1000	1000	-1100	10000	-10000	-7799	10000	10000	9333	10000	0	minecraft:grove
-1500	2000	-1000	1000	-1100	3000	-7799	-3750	0	0	9333	10000	0	minecraft:forest
-1500	2000	-1000	1000	-1100	3000	-7799	-3750	10000	10000	9333	10000	0	minecraft:forest
-1500	2000	-1000	1000	3000	10000	-7799	-3750	0	0	9333	10000	0	minecraft:forest
-1500	2000	-1000	1000	3000	10000	-7799	-3750	10000	10000	9333	10000	0	minecraft:forest
-1500	2000	-1000	1000	-1100	300	-3750	-2225	0	0	9333	10000	0	minecraft:forest
-1500	2000	-1000	1000	-1100	300	-3750	-2225	10000	10000	9333	10000	0	minecraft:forest
-1500	2000	-1000	1000	300	3000	-3750	-2225	0	0	9333	10000	0	minecraft:forest
-1500	2000	-1000	1000	300	3000	-3750	-2225	10000	10000	9333	10000	0	minecraft:forest
-1500	2000	-1000	1000	3000	10000	-3750	-2225	0	0	9333	10000	0	minecraft:forest
-1500	2000	-1000	1000	3000	10000	-3750	-2225	10000	10000	9333	10000	0	minecraft:forest
-1500	2000	-1000	1000	-1900	300	-2225	500	0	0	9333	10000	0	minecraft:forest
-1500	2000	-1000	1000	-1900	300	-2225	500	10000	10000	9333	10000	0	minecraft:forest
-1500	2000	-1000	1000	300	10000	-2225	500	0	0	9333	10000	0	minecraft:forest
-1500	2000	-1000	1000	300	10000	-2225	500	10000	10000	9333	10000	0	minecraft:forest
-1500	2000	-1000	1000	-1900	10000	500	4500	0	0	9333	10000	0	minecraft:forest
-1500	2000	-1000	1000	-1900	10000	500	4500	10000	10000	9333	10000	0	minecraft:forest
-1500	2000	-1000	1000	-1900	-1100	4500	5500	0	0	9333	10000	0	minecraft:windswept_savanna
-1500	2000	-1000	1000	-1900	-1100	4500	5500	10000	10000	9333	10000	0	minecraft:windswept_savanna
-1500	2000	-1000	1000	-1100	300	4500	5500	0	0	9333	10000	0	minecraft:windswept_savanna
-1500	2000	-1000	1000	-1100	300	4500	5500	10000	10000	9333	10000	0	minecraft:windswept_savanna
-1500	2000	-1000	1000	300	10000	4500	5500	0	0	9333	10000	0	minecraft:windswept_hills
-1500	2000	-1000	1000	300	10000	4500	5500	10000	10000	9333	10000	0	minecraft:windswept_hills
-1500	2000	-1000	1000	-1900	-1100	5500	10000	0	0	9333	10000	0	minecraft:forest
-1500	2000	-1000	1000	-1900	-1100	5500	10000	10000	10000	9333	10000	0	minecraft:forest
-1500	2000	1000	3000	-1100	10000	-10000	-7799	0	0	9333	10000	0	minecraft:grove
-1500	2000	1000	3000	-1100	10000	-10000	-7799	10000	10000	9333	10000	0	minecraft:grove
-1500	2000	1000	3000	-1100	3000	-7799	-3750	0	0	9333	10000	0	minecraft:old_growth_birch_forest
-1500	2000	1000	3000	-1100	3000	-7799	-3750	10000	10000	9333	10000	0	minecraft:old_growth_birch_forest
-1500	2000	1000	3000	3000	10000	-7799	-3750	0	0	9333	10000	0	minecraft:birch_forest
-1500	2000	1000	3000	3000	10000	-7799	-3750	10000	10000	9333	10000	0	minecraft:birch_forest
-1500	2000	1000	3000	-1100	300	-3750	-2225	0	0	9333	10000	0	minecraft:old_growth_birch_forest
-1500	2000	1000	3000	-1100	300	-3750	-2225	10000	10000	9333	10000	0	minecraft:old_growth_birch_forest
-1500	2000	1000	3000	300	3000	-3750	-2225	0	0	9333	10000	0	minecraft:old_growth_birch_forest
-1500	2000	1000	3000	300	3000	-3750	-2225	10000	10000	9333	10000	0	minecraft:old_growth_birch_forest
-1500	2000	1000	3000	3000	10000	-3750	-2225	0	0	9333	10000	0	minecraft:birch_forest
-1500	2000	1000	3000	3000	10000	-3750	-2225	10000	10000	9333	10000	0	minecraft:birch_forest
-1500	2000	1000	3000	-1900	300	-2225	500	0	0	9333	10000	0	minecraft:old_growth_birch_forest
-1500	2000	1000	3000	-1900	300	-2225	500	10000	10000	9333	10000	0	minecraft:old_growth_birch_forest
-1500	2000	1000	3000	300	10000	-2225	500	0	0	9333	10000	0	minecraft:old_growth_birch_forest
-1500	2000	1000	3000	300	10000	-2225	500	10000	10000	9333	10000	0	minecraft:old_growth_birch_forest
-1500	2000	1000	3000	-1900	10000	500	4500	0	0	9333	10000	0	minecraft:old_growth_birch_forest
-1500	2000	1000	3000	-1900	10000	500	4500	10000	10000	9333	10000	0	minecraft:old_growth_birch_forest
-1500	2000	1000	3000	-1900	-1100	4500	5500	0	0	9333	10000	0	minecraft:windswept_savanna
-1500	2000	1000	3000	-1900	-1100	4500	5500	10000	10000	9333	10000	0	minecraft:windswept_savanna
-1500	2000	1000	3000	-1100	300	4500	5500	0	0	9333	10000	0	minecraft:windswept_savanna
-1500	2000	1000	3000	-1100	300	4500	5500	10000	10000	9333	10000	0	minecraft:windswept_savanna
-1500	2000	1000	3000	300	10000	4500	5500	0	0	9333	10000	0	minecraft:windswept_forest
-1500	2000	1000	3000	300	10000	4500	5500	10000	10000	9333	10000	0	minecraft:windswept_forest
-1500	2000	1000	3000	-1900	-1100	5500	10000	0	0	9333	10000	0	minecraft:old_growth_birch_forest
-1500	2000	1000	3000	-1900	-1100	5500	10000	10000	10000	9333	10000	0	minecraft:old_growth_birch_forest
-1500	2000	3000	10000	-1100	10000	-10000	-7799	0	0	9333	10000	0	minecraft:grove
-1500	2000	3000	10000	-1100	10000	-10000	-7799	10000	10000	9333	10000	0	minecraft:grove
-1500	2000	3000	10000	-1100	3000	-7799	-3750	0	0	9333	10000	0	minecraft:dark_forest
-1500	2000	3000	10000	-1100	3000	-7799	-3750	10000	10000	9333	10000	0	minecraft:dark_forest
-1500	2000	3000	10000	3000	10000	-7799	-3750	0	0	9333	10000	0	minecraft:pale_garden
-1500	2000	3000	10000	3000	10000	-7799	-3750	10000	10000	9333	10000	0	minecraft:pale_garden
-1500	2000	3000	10000	-1100	300	-3750	-2225	0	0	9333	10000	0	minecraft:dark_forest
-1500	2000	3000	10000	-1100	300	-3750	-2225	10000	10000	9333	10000	0	minecraft:dark_forest
-1500	2000	3000	10000	300	3000	-3750	-2225	0	0	9333	10000	0	minecraft:dark_forest
-1500	2000	3000	10000	300	3000	-3750	-2225	10000	10000	9333	10000	0	minecraft:dark_forest
-1500	2000	3000	10000	3000	10000	-3750	-2225	0	0	9333	10000	0	minecraft:pale_garden
-1500	2000	3000	10000	3000	10000	-3750	-2225	10000	10000	9333	10000	0	minecraft:pale_garden
-1500	2000	3000	10000	-1900	300	-2225	500	0	0	9333	10000	0	minecraft:dark_forest
-1500	2000	3000	10000	-1900	300	-2225	500	10000	10000	9333	10000	0	minecraft:dark_forest
-1500	2000	3000	10000	300	10000	-2225	500	0	0	9333	10000	0	minecraft:dark_forest
-1500	2000	3000	10000	300	10000	-2225	500	10000	10000	9333	10000	0	minecraft:dark_forest
-1500	2000	3000	10000	-1900	10000	500	4500	0	0	9333	10000	0	minecraft:dark_forest
-1500	2000	3000	10000	-1900	10000	500	4500	10000	10000	9333	10000	0	minecraft:dark_forest
-1500	2000	3000	10000	-1900	-1100	4500	5500	0	0	9333	10000	0	minecraft:dark_forest
-1500	2000	3000	10000	-1900	-1100	4500	5500	10000	10000	9333	10000	0	minecraft:dark_forest
-1500	2000	3000	10000	-1100	300	4500	5500	0	0	9333	10000	0	minecraft:dark_forest
-1500	2000	3000	10000	-1100	300	4500	5500	10000	10000	9333	10000	0	minecraft:dark_forest
-1500	2000	3000	10000	300	10000	4500	5500	0	0	9333	10000	0	minecraft:windswept_forest
-1500	2000	3000	10000	300	10000	4500	5500	10000	10000	9333	10000	0	minecraft:windswept_forest
-1500	2000	3000	10000	-1900	-1100	5500	10000	0	0	9333	10000	0	minecraft:dark_forest
-1500	2000	3000	10000	-1900	-1100	5500	10000	10000	10000	9333	10000	0	minecraft:dark_forest
2000	5500	-10000	-3500	-1100	10000	-10000	-7799	0	0	9333	10000	0	minecraft:savanna_plateau
2000	5500	-10000	-3500	-1100	10000	-10000	-7799	10000	10000	9333	10000	0	minecraft:savanna_plateau
2000	5500	-10000	-3500	-1100	3000	-7799	-3750	0	0	9333	10000	0	minecraft:savanna
2000	5500	-10000	-3500	-1100	3000	-7799	-3750	10000	10000	9333	10000	0	minecraft:savanna
2000	5500	-10000	-3500	3000	10000	-7799	-3750	0	0	9333	10000	0	minecraft:savanna_plateau
2000	5500	-10000	-3500	3000	10000	-7799	-3750	10000	10000	9333	10000	0	minecraft:savanna_plateau
2000	5500	-10000	-3500	-1100	300	-3750	-2225	0	0	9333	10000	0	minecraft:savanna
2000	5500	-10000	-3500	-1100	300	-3750	-2225	10000	10000	9333	10000	0	minecraft:savanna
2000	5500	-10000	-3500	300	3000	-3750	-2225	0	0	9333	10000	0	minecraft:savanna
2000	5500	-10000	-3500	300	3000	-3750	-2225	10000	10000	9333	10000	0	minecraft:savanna
2000	5500	-10000	-3500	3000	10000	-3750	-2225	0	0	9333	10000	0	minecraft:savanna_plateau
2000	5500	-10000	-3500	3000	10000	-3750	-2225	10000	10000	9333	10000	0	minecraft:savanna_plateau
2000	5500	-10000	-3500	-1900	300	-2225	500	0	0	9333	10000	0	minecraft:savanna
2000	5500	-10000	-3500	-1900	300	-2225	500	10000	10000	9333	10000	0	minecraft:savanna
2000	5500	-10000	-3500	300	10000	-2225	500	0	0	9333	10000	0	minecraft:savanna
2000	5500	-10000	-3500	300	10000	-2225	500	10000	10000	9333	10000	0	minecraft:savanna
2000	5500	-10000	-3500	-1900	10000	500	4500	0	0	9333	10000	0	minecraft:savanna
2000	5500	-10000	-3500	-1900	10000	500	4500	10000	10000	9333	10000	0	minecraft:savanna
2000	5500	-10000	-3500	-1900	-1100	4500	5500	0	0	9333	10000	0	minecraft:windswept_savanna
2000	5500	-10000	-3500	-1900	-1100	4500	5500	10000	10000	9333	10000	0	minecraft:windswept_savanna
2000	5500	-10000	-3500	-1100	300	4500	5500	0	0	9333	10000	0	minecraft:windswept_savanna
2000	5500	-10000	-3500	-1100	300	4500	5500	10000	10000	9333	10000	0	minecraft:windswept_savanna
2000	5500	-10000	-3500	300	10000	4500	5500	0	0	9333	10000	0	minecraft:savanna
2000	5500	-10000	-3500	300	10000	4500	5500	10000	10000	9333	10000	0	minecraft:savanna
2000	5500	-10000	-3500	-1900	-1100	5500	10000	0	0	9333	10000	0	minecraft:savanna
2000	5500	-10000	-3500	-1900	-1100	5500	10000	10000	10000	9333	10000	0	minecraft:savanna
2000	5500	-3500	-1000	-1100	10000	-10000	-7799	0	0	9333	10000	0	minecraft:savanna_plateau
2000	5500	-3500	-1000	-1100	10000	-10000	-7799	10000	10000	9333	10000	0	minecraft:savanna_plateau
2000	5500	-3500	-1000	-1100	3000	-7799	-3750	0	0	9333	10000	0	minecraft:savanna
2000	5500	-3500	-1000	-1100	3000	-7799	-3750	10000	10000	9333	10000	0	minecraft:savanna
2000	5500	-3500	-1000	3000	10000	-7799	-3750	0	0	9333	10000	0	minecraft:savanna_plateau
2000	5500	-3500	-1000	3000	10000	-7799	-3750	10000	10000	9333	10000	0	minecraft:savanna_plateau
2000	5500	-3500	-1000	-1100	300	-3750	-2225	0	0	9333	10000	0	minecraft:savanna
2000	5500	-3500	-1000	-1100	300	-3750	-2225	10000	10000	9333	10000	0	minecraft:savanna
2000	5500	-3500	-1000	300	3000	-3750	-2225	0	0	9333	10000	0	minecraft:savanna
2000	5500	-3500	-1000	300	3000	-3750	-2225	10000	10000	9333	10000	0	minecraft:savanna
2000	5500	-3500	-1000	3000	10000	-3750	-2225	0	0	9333	10000	0	minecraft:savanna_plateau
2000	5500	-3500	-1000	3000	10000	-3750	-2225	10000	10000	9333	10000	0	minecraft:savanna_plateau
2000	5500	-3500	-1000	-1900	300	-2225	500	0	0	9333	10000	0	minecraft:savanna
2000	5500	-3500	-1000	-1900	300	-2225	500	10000	10000	9333	10000	0	minecraft:savanna
2000	5500	-3500	-1000	300	10000	-2225	500	0	0	9333	10000	0	minecraft:savanna
2000	5500	-3500	-1000	300	10000	-2225	500	10000	10000	9333	10000	0	minecraft:savanna
2000	5500	-3500	-1000	-1900	10000	500	4500	0	0	9333	10000	0	minecraft:savanna
2000	5500	-3500	-1000	-1900	10000	500	4500	10000	10000	9333	10000	0	minecraft:savanna
2000	5500	-3500	-1000	-1900	-1100	4500	5500	0	0	9333	10000	0	minecraft:windswept_savanna
2000	5500	-3500	-1000	-1900	-1100	4500	5500	10000	10000	9333	10000	0	minecraft:windswept_savanna
2000	5500	-3500	-1000	-1100	300	4500	5500	0	0	9333	10000	0	minecraft:windswept_savanna
2000	5500	-3500	-1000	-1100	300	4500	5500	10000	10000	9333	10000	0	minecraft:windswept_savanna
2000	5500	-3500	-1000	300	10000	4500	5500	0	0	9333	10000	0	minecraft:savanna
2000	5500	-3500	-1000	300	10000	4500	5500	10000	10000	9333	10000	0	minecraft:savanna
2000	5500	-3500	-1000	-1900	-1100	5500	10000	0	0	9333	10000	0	minecraft:savanna
2000	5500	-3500	-1000	-1900	-1100	5500	10000	10000	10000	9333	10000	0	minecraft:savanna
2000	5500	-1000	1000	-1100	10000	-10000	-7799	0	0	9333	10000	0	minecraft:forest
2000	5500	-1000	1000	-1100	10000	-10000	-7799	10000	10000	9333	10000	0	minecraft:forest
2000	5500	-1000	1000	-1100	3000	-7799	-3750	0	0	9333	10000	0	minecraft:plains
2000	5500	-1000	1000	-1100	3000	-7799	-3750	10000	10000	9333	10000	0	minecraft:plains
2000	5500	-1000	1000	3000	10000	-7799	-3750	0	0	9333	10000	0	minecraft:forest
2000	5500	-1000	1000	3000	10000	-7799	-3750	10000	10000	9333	10000	0	minecraft:forest
2000	5500	-1000	1000	-1100	300	-3750	-2225	0	0	9333	10000	0	minecraft:plains
2000	5500	-1000	1000	-1100	300	-3750	-2225	10000	10000	9333	10000	0	minecraft:plains
2000	5500	-1000	1000	300	3000	-3750	-2225	0	0	9333	10000	0	minecraft:plains
2000	5500	-1000	1000	300	3000	-3750	-2225	10000	10000	9333	10000	0	minecraft:plains
2000	5500	-1000	1000	3000	10000	-3750	-2225	0	0	9333	10000	0	minecraft:forest
2000	5500	-1000	1000	3000	10000	-3750	-2225	10000	10000	9333	10000	0	minecraft:forest
2000	5500	-1000	1000	-1900	300	-2225	500	0	0	9333	10000	0	minecraft:plains
2000	5500	-1000	1000	-1900	300	-2225	500	10000	10000	9333	10000	0	minecraft:plains
2000	5500	-1000	1000	300	10000	-2225	500	0	0	9333	10000	0	minecraft:plains
2000	5500	-1000	1000	300	10000	-2225	500	10000	10000	9333	10000	0	minecraft:plains
2000	5500	-1000	1000	-1900	10000	500	4500	0	0	9333	10000	0	minecraft:plains
2000	5500	-1000	1000	-1900	10000	500	4500	10000	10000	9333	10000	0	minecraft:plains
2000	5500	-1000	1000	-1900	-1100	4500	5500	0	0	9333	10000	0	minecraft:windswept_savanna
2000	5500	-1000	1000	-1900	-1100	4500	5500	10000	10000	9333	10000	0	minecraft:windswept_savanna
2000	5500	-1000	1000	-1100	300	4500	5500	0	0	9333	10000	0	minecraft:windswept_savanna
2000	5500	-1000	1000	-1100	300	4500	5500	10000	10000	9333	10000	0	minecraft:windswept_savanna
2000	5500	-1000	1000	300	10000	4500	5500	0	0	9333	10000	0	minecraft:plains
2000	5500	-1000	1000	300	10000	4500	5500	10000	10000	9333	10000	0	minecraft:plains
2000	5500	-1000	1000	-1900	-1100	5500	10000	0	0	9333	10000	0	minecraft:plains
2000	5500	-1000	1000	-1900	-1100	5500	10000	10000	10000	9333	10000	0	minecraft:plains
2000	5500	1000	3000	-1100	10000	-10000	-7799	0	0	9333	10000	0	minecraft:forest
2000	5500	1000	3000	-1100	10000	-10000	-7799	10000	10000	9333	10000	0	minecraft:forest
2000	5500	1000	3000	-1100	3000	-7799	-3750	0	0	9333	10000	0	minecraft:sparse_jungle
2000	5500	1000	3000	-1100	3000	-7799	-3750	10000	10000	9333	10000	0	minecraft:sparse_jungle
2000	5500	1000	3000	3000	10000	-7799	-3750	0	0	9333	10000	0	minecraft:forest
2000	5500	1000	3000	3000	10000	-7799	-3750	10000	10000	9333	10000	0	minecraft:forest
2000	5500	1000	3000	-1100	300	-3750	-2225	0	0	9333	10000	0	minecraft:sparse_jungle
2000	5500	1000	3000	-1100	300	-3750	-2225	10000	10000	9333	10000	0	minecraft:sparse_jungle
2000	5500	1000	3000	300	3000	-3750	-2225	0	0	9333	10000	0	minecraft:sparse_jungle
2000	5500	1000	3000	300	3000	-3750	-2225	10000	10000	9333	10000	0	minecraft:sparse_jungle
2000	5500	1000	3000	3000	10000	-3750	-2225	0	0	9333	10000	0	minecraft:forest
2000	5500	1000	3000	3000	10000	-3750	-2225	10000	10000	9333	10000	0	minecraft:forest
2000	5500	1000	3000	-1900	300	-2225	500	0	0	9333	10000	0	minecraft:sparse_jungle
2000	5500	1000	3000	-1900	300	-2225	500	10000	10000	9333	10000	0	minecraft:sparse_jungle
2000	5500	1000	3000	300	10000	-2225	500	0	0	9333	10000	0	minecraft:sparse_jungle
2000	5500	1000	3000	300	10000	-2225	500	10000	10000	9333	10000	0	minecraft:sparse_jungle
2000	5500	1000	3000	-1900	10000	500	4500	0	0	9333	10000	0	minecraft:sparse_jungle
2000	5500	1000	3000	-1900	10000	500	4500	10000	10000	9333	10000	0	minecraft:sparse_jungle
2000	5500	1000	3000	-1900	-1100	4500	5500	0	0	9333	10000	0	minecraft:windswept_savanna
2000	5500	1000	3000	-1900	-1100	4500	5500	10000	10000	9333	10000	0	minecraft:windswept_savanna
2000	5500	1000	3000	-1100	300	4500	5500	0	0	9333	10000	0	minecraft:windswept_savanna
2000	5500	1000	3000	-1100	300	4500	5500	10000	10000	9333	10000	0	minecraft:windswept_savanna
2000	5500	1000	3000	300	10000	4500	5500	0	0	9333	10000	0	minecraft:sparse_jungle
2000	5500	1000	3000	300	10000	4500	5500	10000	10000	9333	10000	0	minecraft:sparse_jungle
2000	5500	1000	3000	-1900	-1100	5500	10000	0	0	9333	10000	0	minecraft:sparse_jungle
2000	5500	1000	3000	-1900	-1100	5500	10000	10000	10000	9333	10000	0	minecraft:sparse_jungle
2000	5500	3000	10000	-1100	10000	-10000	-7799	0	0	9333	10000	0	minecraft:jungle
2000	5500	3000	10000	-1100	10000	-10000	-7799	10000	10000	9333	10000	0	minecraft:jungle
2000	5500	3000	10000	-1100	3000	-7799	-3750	0	0	9333	10000	0	minecraft:bamboo_jungle
2000	5500	3000	10000	-1100	3000	-7799	-3750	10000	10000	9333	10000	0	minecraft:bamboo_jungle
2000	5500	3000	10000	3000	10000	-7799	-3750	0	0	9333	10000	0	minecraft:jungle
2000	5500	3000	10000	3000	10000	-7799	-3750	10000	10000	9333	10000	0	minecraft:jungle
2000	5500	3000	10000	-1100	300	-3750	-2225	0	0	9333	10000	0	minecraft:bamboo_jungle
2000	5500	3000	10000	-1100	300	-3750	-2225	10000	10000	9333	10000	0	minecraft:bamboo_jungle
2000	5500	3000	10000	300	3000	-3750	-2225	0	0	9333	10000	0	minecraft:bamboo_jungle
2000	5500	3000	10000	300	3000	-3750	-2225	10000	10000	9333	10000	0	minecraft:bamboo_jungle
2000	5500	3000	10000	3000	10000	-3750	-2225	0	0	9333	10000	0	minecraft:jungle
2000	5500	3000	10000	3000	10000	-3750	-2225	10000	10000	9333	10000	0	minecraft:jungle
2000	5500	3000	10000	-1900	300	-2225	500	0	0	9333	10000	0	minecraft:bamboo_jungle
2000	5500	3000	10000	-1900	300	-2225	500	10000	10000	9333	10000	0	minecraft:bamboo_jungle
2000	5500	3000	10000	300	10000	-2225	500	0	0	9333	10000	0	minecraft:bamboo_jungle
2000	5500	3000	10000	300	10000	-2225	500	10000	10000	9333	10000	0	minecraft:bamboo_jungle
2000	5500	3000	10000	-1900	10000	500	4500	0	0	9333	10000	0	minecraft:bamboo_jungle
2000	5500	3000	10000	-1900	10000	500	4500	10000	10000	9333	10000	0	minecraft:bamboo_jungle
2000	5500	3000	10000	-1900	-1100	4500	5500	0	0	9333	10000	0	minecraft:bamboo_jungle
2000	5500	3000	10000	-1900	-1100	4500	5500	10000	10000	9333	10000	0	minecraft:bamboo_jungle
2000	5500	3000	10000	-1100	300	4500	5500	0	0	9333	10000	0	minecraft:bamboo_jungle
2000	5500	3000	10000	-1100	300	4500	5500	10000	10000	9333	10000	0	minecraft:bamboo_jungle
2000	5500	3000	10000	300	10000	4500	5500	0	0	9333	10000	0	minecraft:bamboo_jungle
2000	5500	3000	10000	300	10000	4500	5500	10000	10000	9333	10000	0	minecraft:bamboo_jungle
2000	5500	3000	10000	-1900	-1100	5500	10000	0	0	9333	10000	0	minecraft:bamboo_jungle
2000	5500	3000	10000	-1900	-1100	5500	10000	10000	10000	9333	10000	0	minecraft:bamboo_jungle
5500	10000	-10000	-3500	-1100	10000	-10000	-7799	0	0	9333	10000	0	minecraft:eroded_badlands
5500	10000	-10000	-3500	-1100	10000	-10000	-7799	10000	10000	9333	10000	0	minecraft:eroded_badlands
5500	10000	-10000	-3500	-1100	3000	-7799	-3750	0	0	9333	10000	0	minecraft:eroded_badlands
5500	10000	-10000	-3500	-1100	3000	-7799	-3750	10000	10000	9333	10000	0	minecraft:eroded_badlands
5500	10000	-10000	-3500	3000	10000	-7799	-3750	0	0	9333	10000	0	minecraft:eroded_badlands
5500	10000	-10000	-3500	3000	10000	-7799	-3750	10000	10000	9333	10000	0	minecraft:eroded_badlands
5500	10000	-10000	-3500	-1100	300	-3750	-2225	0	0	9333	10000	0	minecraft:desert
5500	10000	-10000	-3500	-1100	300	-3750	-2225	10000	10000	9333	10000	0	minecraft:desert
5500	10000	-10000	-3500	300	3000	-3750	-2225	0	0	9333	10000	0	minecraft:eroded_badlands
5500	10000	-10000	-3500	300	3000	-3750	-2225	10000	10000	9333	10000	0	minecraft:eroded_badlands
5500	10000	-10000	-3500	3000	10000	-3750	-2225	0	0	9333	10000	0	minecraft:eroded_badlands
5500	10000	-10000	-3500	3000	10000	-3750	-2225	10000	10000	9333	10000	0	minecraft:eroded_badlands
5500	10000	-10000	-3500	-1900	300	-2225	500	0	0	9333	10000	0	minecraft:desert
5500	10000	-10000	-3500	-1900	300	-2225	500	10000	10000	9333	10000	0	minecraft:desert
5500	10000	-10000	-3500	300	10000	-2225	500	0	0	9333	10000	0	minecraft:eroded_badlands
5500	10000	-10000	-3500	300	10000	-2225	500	10000	10000	9333	10000	0	minecraft:eroded_badlands
5500	10000	-10000	-3500	-1900	10000	500	4500	0	0	9333	10000	0	minecraft:desert
5500	10000	-10000	-3500	-1900	10000	500	4500	10000	10000	9333	10000	0	minecraft:desert
5500	10000	-10000	-3500	-1900	-1100	4500	5500	0	0	9333	10000	0	minecraft:windswept_savanna
5500	10000	-10000	-3500	-1900	-1100	4500	5500	10000	10000	9333	10000	0	minecraft:windswept_savanna
5500	10000	-10000	-3500	-1100	300	4500	5500	0	0	9333	10000	0	minecraft:windswept_savanna
5500	10000	-10000	-3500	-1100	300	4500	5500	10000	10000	9333	10000	0	minecraft:windswept_savanna
5500	10000	-10000	-3500	300	10000	4500	5500	0	0	9333	10000	0	minecraft:desert
5500	10000	-10000	-3500	300	10000	4500	5500	10000	10000	9333	10000	0	minecraft:desert
5500	10000	-10000	-3500	-1900	-1100	5500	10000	0	0	9333	10000	0	minecraft:desert
5500	10000	-10000	-3500	-1900	-1100	5500	10000	10000	10000	9333	10000	0	minecraft:desert
5500	10000	-3500	-1000	-1100	10000	-10000	-7799	0	0	9333	10000	0	minecraft:eroded_badlands
5500	10000	-3500	-1000	-1100	10000	-10000	-7799	10000	10000	9333	10000	0	minecraft:eroded_badlands
5500	10000	-3500	-1000	-1100	3000	-7799	-3750	0	0	9333	10000	0	minecraft:eroded_badlands
5500	10000	-3500	-1000	-1100	3000	-7799	-3750	10000	10000	9333	10000	0	minecraft:eroded_badlands
5500	10000	-3500	-1000	3000	10000	-7799	-3750	0	0	9333	10000	0	minecraft:eroded_badlands
5500	10000	-3500	-1000	3000	10000	-7799	-3750	10000	10000	9333	10000	0	minecraft:eroded_badlands
5500	10000	-3500	-1000	-1100	300	-3750	-2225	0	0	9333	10000	0	minecraft:desert
5500	10000	-3500	-1000	-1100	300	-3750	-2225	10000	10000	9333	10000	0	minecraft:desert
5500	10000	-3500	-1000	300	3000	-3750	-2225	0	0	9333	10000	0	minecraft:eroded_badlands
5500	10000	-3500	-1000	300	3000	-3750	-2225	10000	10000	9333	10000	0	minecraft:eroded_badlands
5500	10000	-3500	-1000	3000	10000	-3750	-2225	0	0	9333	10000	0	minecraft:eroded_badlands
5500	10000	-3500	-1000	3000	10000	-3750	-2225	10000	10000	9333	10000	0	minecraft:eroded_badlands
5500	10000	-3500	-1000	-1900	300	-2225	500	0	0	9333	10000	0	minecraft:desert
5500	10000	-3500	-1000	-1900	300	-2225	500	10000	10000	9333	10000	0	minecraft:desert
5500	10000	-3500	-1000	300	10000	-2225	500	0	0	9333	10000	0	minecraft:eroded_badlands
5500	10000	-3500	-1000	300	10000	-2225	500	10000	10000	9333	10000	0	minecraft:eroded_badlands
5500	10000	-3500	-1000	-1900	10000	500	4500	0	0	9333	10000	0	minecraft:desert
5500	10000	-3500	-1000	-1900	10000	500	4500	10000	10000	9333	10000	0	minecraft:desert
5500	10000	-3500	-1000	-1900	-1100	4500	5500	0	0	9333	10000	0	minecraft:windswept_savanna
5500	10000	-3500	-1000	-1900	-1100	4500	5500	10000	10000	9333	10000	0	minecraft:windswept_savanna
5500	10000	-3500	-1000	-1100	300	4500	5500	0	0	9333	10000	0	minecraft:windswept_savanna
5500	10000	-3500	-1000	-1100	300	4500	5500	10000	10000	9333	10000	0	minecraft:windswept_savanna
5500	10000	-3500	-1000	300	10000	4500	5500	0	0	9333	10000	0	minecraft:desert
5500	10000	-3500	-1000	300	10000	4500	5500	10000	10000	9333	10000	0	minecraft:desert
5500	10000	-3500	-1000	-1900	-1100	5500	10000	0	0	9333	10000	0	minecraft:desert
5500	10000	-3500	-1000	-1900	-1100	5500	10000	10000	10000	9333	10000	0	minecraft:desert
5500	10000	-1000	1000	-1100	10000	-10000	-7799	0	0	9333	10000	0	minecraft:badlands
5500	10000	-1000	1000	-1100	10000	-10000	-7799	10000	10000	9333	10000	0	minecraft:badlands
5500	10000	-1000	1000	-1100	3000	-7799	-3750	0	0	9333	10000	0	minecraft:badlands
5500	10000	-1000	1000	-1100	3000	-7799	-3750	10000	10000	9333	10000	0	minecraft:badlands
5500	10000	-1000	1000	3000	10000	-7799	-3750	0	0	9333	10000	0	minecraft:badlands
5500	10000	-1000	1000	3000	10000	-7799	-3750	10000	10000	9333	10000	0	minecraft:badlands
5500	10000	-1000	1000	-1100	300	-3750	-2225	0	0	9333	10000	0	minecraft:desert
5500	10000	-1000	1000	-1100	300	-3750	-2225	10000	10000	9333	10000	0	minecraft:desert
5500	10000	-1000	1000	300	3000	-3750	-2225	0	0	9333	10000	0	minecraft:badlands
5500	10000	-1000	1000	300	3000	-3750	-2225	10000	10000	9333	10000	0	minecraft:badlands
5500	10000	-1000	1000	3000	10000	-3750	-2225	0	0	9333	10000	0	minecraft:badlands
5500	10000	-1000	1000	3000	10000	-3750	-2225	10000	10000	9333	10000	0	minecraft:badlands
5500	10000	-1000	1000	-1900	300	-2225	500	0	0	9333	10000	0	minecraft:desert
5500	10000	-1000	1000	-1900	300	-2225	500	10000	10000	9333	10000	0	minecraft:desert
5500	10000	-1000	1000	300	10000	-2225	500	0	0	9333	10000	0	minecraft:badlands
5500	10000	-1000	1000	300	10000	-2225	500	10000	10000	9333	10000	0	minecraft:badlands
5500	10000	-1000	1000	-1900	10000	500	4500	0	0	9333	10000	0	minecraft:desert
5500	10000	-1000	1000	-1900	10000	500	4500	10000	10000	9333	10000	0	minecraft:desert
5500	10000	-1000	1000	-1900	-1100	4500	5500	0	0	9333	10000	0	minecraft:windswept_savanna
5500	10000	-1000	1000	-1900	-1100	4500	5500	10000	10000	9333	10000	0	minecraft:windswept_savanna
5500	10000	-1000	1000	-1100	300	4500	5500	0	0	9333	10000	0	minecraft:windswept_savanna
5500	10000	-1000	1000	-1100	300	4500	5500	10000	10000	9333	10000	0	minecraft:windswept_savanna
5500	10000	-1000	1000	300	10000	4500	5500	0	0	9333	10000	0	minecraft:desert
5500	10000	-1000	1000	300	10000	4500	5500	10000	10000	9333	10000	0	minecraft:desert
5500	10000	-1000	1000	-1900	-1100	5500	10000	0	0	9333	10000	0	minecraft:desert
5500	10000	-1000	1000	-1900	-1100	5500	10000	10000	10000	9333	10000	0	minecraft:desert
5500	10000	1000	3000	-1100	10000	-10000	-7799	0	0	9333	10000	0	minecraft:wooded_badlands
5500	10000	1000	3000	-1100	10000	-10000	-7799	10000	10000	9333	10000	0	minecraft:wooded_badlands
5500	10000	1000	3000	-1100	3000	-7799	-3750	0	0	9333	10000	0	minecraft:wooded_badlands
5500	10000	1000	3000	-1100	3000	-7799	-3750	10000	10000	9333	10000	0	minecraft:wooded_badlands
5500	10000	1000	3000	3000	10000	-7799	-3750	0	0	9333	10000	0	minecraft:wooded_badlands
5500	10000	1000	3000	3000	10000	-7799	-3750	10000	10000	9333	10000	0	minecraft:wooded_badlands
5500	10000	1000	3000	-1100	300	-3750	-2225	0	0	9333	10000	0	minecraft:desert
5500	10000	1000	3000	-1100	300	-3750	-2225	10000	10000	9333	10000	0	minecraft:desert
5500	10000	1000	3000	300	3000	-3750	-2225	0	0	9333	10000	0	minecraft:wooded_badlands
5500	10000	1000	3000	300	3000	-3750	-2225	10000	10000	9333	10000	0	minecraft:wooded_badlands
5500	10000	1000	3000	3000	10000	-3750	-2225	0	0	9333	10000	0	minecraft:wooded_badlands
5500	10000	1000	3000	3000	10000	-3750	-2225	10000	10000	9333	10000	0	minecraft:wooded_badlands
5500	10000	1000	3000	-1900	300	-2225	500	0	0	9333	10000	0	minecraft:desert
5500	10000	1000	3000	-1900	300	-2225	500	10000	10000	9333	10000	0	minecraft:desert
5500	10000	1000	3000	300	10000	-2225	500	0	0	9333	10000	0	minecraft:wooded_badlands
5500	10000	1000	3000	300	10000	-2225	500	10000	10000	9333	10000	0	minecraft:wooded_badlands
5500	10000	1000	3000	-1900	10000	500	4500	0	0	9333	10000	0	minecraft:desert
5500	10000	1000	3000	-1900	10000	500	4500	10000	10000	9333	10000	0	minecraft:desert
5500	10000	1000	3000	-1900	-1100	4500	5500	0	0	9333	10000	0	minecraft:windswept_savanna
5500	10000	1000	3000	-1900	-1100	4500	5500	10000	10000	9333	10000	0	minecraft:windswept_savanna
5500	10000	1000	3000	-1100	300	4500	5500	0	0	9333	10000	0	minecraft:windswept_savanna
5500	10000	1000	3000	-1100	300	4500	5500	10000	10000	9333	10000	0	minecraft:windswept_savanna
5500	10000	1000	3000	300	10000	4500	5500	0	0	9333	10000	0	minecraft:desert
5500	10000	1000	3000	300	10000	4500	5500	10000	10000	9333	10000	0	minecraft:desert
5500	10000	1000	3000	-1900	-1100	5500	10000	0	0	9333	10000	0	minecraft:desert
5500	10000	1000	3000	-1900	-1100	5500	10000	10000	10000	9333	10000	0	minecraft:desert
5500	10000	3000	10000	-1100	10000	-10000	-7799	0	0	9333	10000	0	minecraft:wooded_badlands
5500	10000	3000	10000	-1100	10000	-10000	-7799	10000	10000	9333	10000	0	minecraft:wooded_badlands
5500	10000	3000	10000	-1100	3000	-7799	-3750	0	0	9333	10000	0	minecraft:wooded_badlands
5500	10000	3000	10000	-1100	3000	-7799	-3750	10000	10000	9333	10000	0	minecraft:wooded_badlands
5500	10000	3000	10000	3000	10000	-7799	-3750	0	0	9333	10000	0	minecraft:wooded_badlands
5500	10000	3000	10000	3000	10000	-7799	-3750	10000	10000	9333	10000	0	minecraft:wooded_badlands
5500	10000	3000	10000	-1100	300	-3750	-2225	0	0	9333	10000	0	minecraft:desert
5500	10000	3000	10000	-1100	300	-3750	-2225	10000	10000	9333	10000	0	minecraft:desert
5500	10000	3000	10000	300	3000	-3750	-2225	0	0	9333	10000	0	minecraft:wooded_badlands
5500	10000	3000	10000	300	3000	-3750	-2225	10000	10000	9333	10000	0	minecraft:wooded_badlands
5500	10000	3000	10000	3000	10000	-3750	-2225	0	0	9333	10000	0	minecraft:wooded_badlands
5500	10000	3000	10000	3000	10000	-3750	-2225	10000	10000	9333	10000	0	minecraft:wooded_badlands
5500	10000	3000	10000	-1900	300	-2225	500	0	0	9333	10000	0	minecraft:desert
5500	10000	3000	10000	-1900	300	-2225	500	10000	10000	9333	10000	0	minecraft:desert
5500	10000	3000	10000	300	10000	-2225	500	0	0	9333	10000	0	minecraft:wooded_badlands
5500	10000	3000	10000	300	10000	-2225	500	10000	10000	9333	10000	0	minecraft:wooded_badlands
5500	10000	3000	10000	-1900	10000	500	4500	0	0	9333	10000	0	minecraft:desert
5500	10000	3000	10000	-1900	10000	500	4500	10000	10000	9333	10000	0	minecraft:desert
5500	10000	3000	10000	-1900	-1100	4500	5500	0	0	9333	10000	0	minecraft:desert
5500	10000	3000	10000	-1900	-1100	4500	5500	10000	10000	9333	10000	0	minecraft:desert
5500	10000	3000	10000	-1100	300	4500	5500	0	0	9333	10000	0	minecraft:desert
5500	10000	3000	10000	-1100	300	4500	5500	10000	10000	9333	10000	0	minecraft:desert
5500	10000	3000	10000	300	10000	4500	5500	0	0	9333	10000	0	minecraft:desert
5500	10000	3000	10000	300	10000	4500	5500	10000	10000	9333	10000	0	minecraft:desert
5500	10000	3000	10000	-1900	-1100	5500	10000	0	0	9333	10000	0	minecraft:desert
5500	10000	3000	10000	-1900	-1100	5500	10000	10000	10000	9333	10000	0	minecraft:desert
-10000	10000	-10000	10000	8000	10000	-10000	10000	2000	9000	-10000	10000	0	minecraft:dripstone_caves
-10000	10000	7000	10000	-10000	10000	-10000	10000	2000	9000	-10000	10000	0	minecraft:lush_caves
-10000	10000	-10000	10000	-1900	5500	4500	10000	2000	9000	-11000	-8500	0	minecraft:sulfur_caves
-10000	10000	-10000	10000	-10000	10000	-10000	-3750	11000	11000	-10000	10000	0	minecraft:deep_dark
